OrderDetailID,OrderID,ProductID,Quantity,Discount
OD00001,O0001,P018,3,15
OD00002,O0001,P038,5,5
OD00003,O0001,P044,3,20
OD00004,O0002,P028,2,5
OD00005,O0003,P015,4,20
OD00006,O0003,P045,2,0
OD00007,O0003,P004,2,5
OD00008,O0004,P031,3,0
OD00009,O0004,P029,5,0
OD00010,O0004,P028,5,5
OD00011,O0004,P039,1,10
OD00012,O0005,P036,1,20
OD00013,O0005,P025,1,20
OD00014,O0005,P009,1,0
OD00015,O0005,P003,3,0
OD00016,O0006,P048,3,0
OD00017,O0006,P013,2,5
OD00018,O0006,P005,2,0
OD00019,O0006,P030,3,15
OD00020,O0006,P044,3,15
OD00021,O0007,P014,3,0
OD00022,O0007,P024,1,20
OD00023,O0007,P036,5,20
OD00024,O0007,P025,2,10
OD00025,O0007,P048,1,0
OD00026,O0008,P007,3,10
OD00027,O0008,P043,5,10
OD00028,O0008,P006,5,0
OD00029,O0009,P011,1,0
OD00030,O0009,P048,1,20
OD00031,O0010,P018,1,20
OD00032,O0011,P012,1,10
OD00033,O0011,P048,4,0
OD00034,O0011,P026,2,15
OD00035,O0012,P001,2,20
OD00036,O0012,P037,5,10
OD00037,O0013,P027,4,15
OD00038,O0013,P005,1,0
OD00039,O0013,P023,1,15
OD00040,O0013,P002,3,5
OD00041,O0013,P037,3,20
OD00042,O0014,P039,2,5
OD00043,O0015,P043,5,10
OD00044,O0016,P027,4,0
OD00045,O0017,P008,3,20
OD00046,O0018,P032,3,15
OD00047,O0018,P050,2,20
OD00048,O0019,P017,1,15
OD00049,O0019,P022,3,0
OD00050,O0019,P026,2,15
OD00051,O0020,P037,3,20
OD00052,O0020,P023,5,10
OD00053,O0021,P016,2,15
OD00054,O0021,P004,2,20
OD00055,O0021,P012,4,20
OD00056,O0022,P001,3,0
OD00057,O0022,P019,2,20
OD00058,O0022,P010,5,10
OD00059,O0022,P004,4,5
OD00060,O0023,P046,2,20
OD00061,O0023,P039,4,0
OD00062,O0023,P005,1,5
OD00063,O0023,P028,3,5
OD00064,O0024,P031,1,20
OD00065,O0024,P037,1,5
OD00066,O0025,P025,1,20
OD00067,O0025,P030,3,15
OD00068,O0025,P036,5,0
OD00069,O0025,P024,3,15
OD00070,O0026,P013,1,20
OD00071,O0026,P044,1,20
OD00072,O0026,P040,1,15
OD00073,O0026,P004,3,0
OD00074,O0026,P003,1,10
OD00075,O0027,P031,1,20
OD00076,O0027,P046,3,10
OD00077,O0028,P003,3,10
OD00078,O0028,P039,1,20
OD00079,O0028,P049,4,5
OD00080,O0029,P007,2,15
OD00081,O0029,P018,4,15
OD00082,O0029,P025,3,0
OD00083,O0030,P027,3,10
OD00084,O0030,P032,4,5
OD00085,O0030,P009,1,10
OD00086,O0030,P001,2,10
OD00087,O0030,P010,4,15
OD00088,O0031,P002,4,20
OD00089,O0031,P029,5,15
OD00090,O0031,P038,3,20
OD00091,O0031,P039,4,5
OD00092,O0032,P047,5,10
OD00093,O0032,P043,2,5
OD00094,O0032,P041,4,15
OD00095,O0033,P008,1,10
OD00096,O0033,P031,3,10
OD00097,O0034,P034,2,15
OD00098,O0034,P022,3,5
OD00099,O0034,P035,3,20
OD00100,O0034,P032,2,5
OD00101,O0035,P049,1,10
OD00102,O0035,P045,2,10
OD00103,O0035,P023,4,5
OD00104,O0035,P046,1,0
OD00105,O0035,P048,3,15
OD00106,O0036,P004,4,10
OD00107,O0037,P028,3,10
OD00108,O0037,P029,1,10
OD00109,O0037,P033,5,15
OD00110,O0038,P002,1,10
OD00111,O0038,P048,1,15
OD00112,O0038,P046,4,20
OD00113,O0038,P016,4,0
OD00114,O0039,P002,1,5
OD00115,O0039,P013,2,15
OD00116,O0039,P011,1,0
OD00117,O0039,P039,1,10
OD00118,O0040,P007,3,0
OD00119,O0040,P015,3,15
OD00120,O0040,P034,1,20
OD00121,O0040,P018,3,15
OD00122,O0041,P046,1,15
OD00123,O0041,P035,1,0
OD00124,O0041,P040,5,15
OD00125,O0041,P011,3,0
OD00126,O0041,P013,4,10
OD00127,O0042,P027,4,15
OD00128,O0042,P044,4,5
OD00129,O0042,P037,3,0
OD00130,O0043,P003,3,0
OD00131,O0043,P029,4,5
OD00132,O0043,P002,3,5
OD00133,O0043,P030,2,10
OD00134,O0044,P014,2,10
OD00135,O0044,P030,5,10
OD00136,O0045,P013,1,15
OD00137,O0045,P008,1,20
OD00138,O0045,P018,2,20
OD00139,O0045,P004,2,0
OD00140,O0045,P021,1,0
OD00141,O0046,P049,5,5
OD00142,O0047,P047,4,15
OD00143,O0047,P029,4,20
OD00144,O0047,P007,5,20
OD00145,O0047,P044,1,10
OD00146,O0048,P029,4,5
OD00147,O0049,P041,1,0
OD00148,O0049,P014,2,10
OD00149,O0049,P034,4,20
OD00150,O0049,P012,1,10
OD00151,O0049,P007,3,10
OD00152,O0050,P041,4,15
OD00153,O0050,P049,2,0
OD00154,O0050,P033,2,10
OD00155,O0050,P003,2,15
OD00156,O0051,P007,5,0
OD00157,O0051,P021,3,20
OD00158,O0051,P015,4,20
OD00159,O0051,P011,5,5
OD00160,O0051,P001,1,15
OD00161,O0052,P020,1,5
OD00162,O0052,P038,4,10
OD00163,O0052,P039,4,0
OD00164,O0052,P022,4,10
OD00165,O0053,P014,4,20
OD00166,O0053,P029,2,10
OD00167,O0054,P038,5,0
OD00168,O0054,P035,3,10
OD00169,O0054,P039,4,0
OD00170,O0054,P015,1,5
OD00171,O0055,P049,4,5
OD00172,O0056,P049,2,0
OD00173,O0056,P018,2,0
OD00174,O0056,P008,4,20
OD00175,O0057,P030,3,5
OD00176,O0057,P021,1,10
OD00177,O0058,P028,3,20
OD00178,O0058,P048,5,20
OD00179,O0058,P011,3,20
OD00180,O0058,P026,4,20
OD00181,O0059,P043,5,10
OD00182,O0060,P008,3,5
OD00183,O0060,P001,5,10
OD00184,O0060,P033,1,20
OD00185,O0060,P046,5,10
OD00186,O0060,P012,4,20
OD00187,O0061,P001,3,20
OD00188,O0061,P007,5,20
OD00189,O0061,P047,5,0
OD00190,O0061,P026,3,20
OD00191,O0062,P048,2,20
OD00192,O0062,P019,3,20
OD00193,O0062,P026,5,0
OD00194,O0062,P001,2,0
OD00195,O0063,P009,1,10
OD00196,O0063,P049,4,10
OD00197,O0063,P048,5,5
OD00198,O0063,P017,1,5
OD00199,O0063,P020,2,0
OD00200,O0064,P024,5,15
OD00201,O0064,P042,3,10
OD00202,O0064,P021,1,5
OD00203,O0065,P004,2,15
OD00204,O0065,P003,4,0
OD00205,O0065,P021,1,0
OD00206,O0065,P044,3,10
OD00207,O0066,P042,1,5
OD00208,O0066,P016,2,10
OD00209,O0066,P019,3,0
OD00210,O0066,P029,1,5
OD00211,O0066,P011,4,15
OD00212,O0067,P017,5,0
OD00213,O0067,P016,4,0
OD00214,O0067,P019,1,10
OD00215,O0067,P046,4,5
OD00216,O0068,P039,1,10
OD00217,O0069,P002,1,0
OD00218,O0069,P004,5,5
OD00219,O0069,P022,3,20
OD00220,O0069,P041,5,10
OD00221,O0070,P010,2,10
OD00222,O0071,P037,3,15
OD00223,O0072,P011,2,0
OD00224,O0072,P028,1,20
OD00225,O0073,P004,2,0
OD00226,O0073,P023,3,5
OD00227,O0073,P047,2,5
OD00228,O0073,P024,3,10
OD00229,O0074,P047,5,0
OD00230,O0074,P028,3,20
OD00231,O0074,P031,1,15
OD00232,O0074,P041,5,10
OD00233,O0074,P037,4,20
OD00234,O0075,P049,3,20
OD00235,O0075,P048,1,10
OD00236,O0075,P002,5,5
OD00237,O0075,P047,2,20
OD00238,O0075,P014,5,5
OD00239,O0076,P010,3,10
OD00240,O0076,P021,3,20
OD00241,O0076,P002,1,5
OD00242,O0076,P048,5,0
OD00243,O0076,P028,5,10
OD00244,O0077,P034,4,10
OD00245,O0078,P016,5,20
OD00246,O0078,P027,3,0
OD00247,O0078,P026,3,10
OD00248,O0078,P001,4,5
OD00249,O0079,P033,2,15
OD00250,O0079,P008,1,0
OD00251,O0079,P009,3,5
OD00252,O0079,P020,5,0
OD00253,O0079,P045,1,5
OD00254,O0080,P021,4,0
OD00255,O0080,P001,4,5
OD00256,O0080,P042,2,5
OD00257,O0080,P017,3,20
OD00258,O0080,P040,3,10
OD00259,O0081,P015,3,15
OD00260,O0082,P013,2,5
OD00261,O0083,P009,1,5
OD00262,O0083,P023,3,10
OD00263,O0083,P033,1,5
OD00264,O0083,P014,3,20
OD00265,O0084,P032,1,15
OD00266,O0084,P034,3,10
OD00267,O0085,P013,4,0
OD00268,O0085,P027,3,0
OD00269,O0085,P016,2,10
OD00270,O0086,P014,2,0
OD00271,O0086,P032,3,0
OD00272,O0086,P012,4,20
OD00273,O0087,P026,2,15
OD00274,O0087,P019,2,20
OD00275,O0087,P045,5,0
OD00276,O0088,P038,2,15
OD00277,O0089,P014,4,15
OD00278,O0089,P015,4,15
OD00279,O0089,P025,5,0
OD00280,O0090,P019,3,20
OD00281,O0090,P005,5,0
OD00282,O0090,P026,1,20
OD00283,O0090,P033,1,0
OD00284,O0091,P017,1,5
OD00285,O0091,P025,3,20
OD00286,O0091,P050,1,10
OD00287,O0091,P043,3,10
OD00288,O0091,P034,3,0
OD00289,O0092,P021,1,15
OD00290,O0092,P043,5,0
OD00291,O0092,P006,4,15
OD00292,O0092,P018,2,10
OD00293,O0092,P034,3,20
OD00294,O0093,P014,1,20
OD00295,O0093,P046,3,20
OD00296,O0093,P024,2,0
OD00297,O0094,P050,3,20
OD00298,O0094,P016,5,0
OD00299,O0095,P021,5,20
OD00300,O0096,P006,1,5
OD00301,O0096,P031,1,20
OD00302,O0096,P015,5,15
OD00303,O0096,P035,1,20
OD00304,O0097,P007,1,5
OD00305,O0098,P032,1,0
OD00306,O0098,P021,4,0
OD00307,O0098,P030,4,15
OD00308,O0099,P025,3,5
OD00309,O0100,P018,4,20
OD00310,O0100,P045,3,20
OD00311,O0100,P009,2,15
OD00312,O0101,P045,5,20
OD00313,O0101,P037,3,20
OD00314,O0102,P046,5,0
OD00315,O0103,P048,3,5
OD00316,O0103,P022,1,15
OD00317,O0103,P025,5,15
OD00318,O0103,P010,1,15
OD00319,O0104,P027,2,0
OD00320,O0104,P050,4,15
OD00321,O0104,P032,1,15
OD00322,O0105,P020,3,15
OD00323,O0105,P024,5,10
OD00324,O0106,P042,5,20
OD00325,O0106,P009,3,0
OD00326,O0106,P017,1,10
OD00327,O0107,P015,5,15
OD00328,O0107,P008,2,20
OD00329,O0107,P010,5,10
OD00330,O0107,P005,2,5
OD00331,O0108,P039,3,0
OD00332,O0108,P018,2,0
OD00333,O0108,P048,5,15
OD00334,O0108,P021,1,5
OD00335,O0108,P038,4,20
OD00336,O0109,P006,5,20
OD00337,O0109,P045,1,15
OD00338,O0109,P032,5,10
OD00339,O0109,P012,4,20
OD00340,O0109,P038,2,0
OD00341,O0110,P015,3,5
OD00342,O0110,P044,5,20
OD00343,O0110,P036,2,5
OD00344,O0110,P049,1,15
OD00345,O0110,P023,1,10
OD00346,O0111,P014,2,20
OD00347,O0111,P038,4,15
OD00348,O0111,P034,5,15
OD00349,O0111,P037,5,10
OD00350,O0112,P049,2,20
OD00351,O0112,P026,5,15
OD00352,O0112,P006,2,10
OD00353,O0112,P031,3,5
OD00354,O0112,P016,1,15
OD00355,O0113,P023,4,20
OD00356,O0114,P037,1,5
OD00357,O0114,P018,2,0
OD00358,O0114,P036,1,20
OD00359,O0114,P040,2,20
OD00360,O0115,P015,5,20
OD00361,O0115,P001,5,0
OD00362,O0115,P005,5,0
OD00363,O0115,P042,4,15
OD00364,O0116,P015,1,15
OD00365,O0116,P035,2,5
OD00366,O0116,P001,5,15
OD00367,O0116,P006,3,0
OD00368,O0116,P043,1,10
OD00369,O0117,P010,5,20
OD00370,O0117,P050,3,20
OD00371,O0117,P037,4,10
OD00372,O0117,P035,4,5
OD00373,O0117,P028,2,0
OD00374,O0118,P037,5,5
OD00375,O0118,P012,4,15
OD00376,O0119,P040,2,15
OD00377,O0120,P013,5,20
OD00378,O0120,P029,4,0
OD00379,O0120,P001,2,10
OD00380,O0120,P035,4,0
OD00381,O0121,P016,2,10
OD00382,O0121,P049,4,10
OD00383,O0122,P015,1,5
OD00384,O0122,P005,2,0
OD00385,O0123,P006,2,20
OD00386,O0123,P032,3,0
OD00387,O0123,P049,4,10
OD00388,O0123,P028,5,0
OD00389,O0124,P040,5,5
OD00390,O0124,P045,1,0
OD00391,O0124,P034,4,5
OD00392,O0124,P049,3,20
OD00393,O0124,P046,3,15
OD00394,O0125,P031,2,5
OD00395,O0125,P005,4,0
OD00396,O0125,P009,3,15
OD00397,O0126,P033,4,0
OD00398,O0126,P027,4,15
OD00399,O0127,P010,4,5
OD00400,O0127,P048,3,20
OD00401,O0127,P037,5,0
OD00402,O0127,P024,5,5
OD00403,O0127,P040,2,20
OD00404,O0128,P010,4,5
OD00405,O0128,P024,4,10
OD00406,O0128,P014,5,0
OD00407,O0128,P005,1,5
OD00408,O0129,P004,5,15
OD00409,O0129,P010,1,20
OD00410,O0129,P050,4,5
OD00411,O0129,P038,3,15
OD00412,O0129,P015,2,20
OD00413,O0130,P010,4,20
OD00414,O0130,P026,4,0
OD00415,O0131,P015,5,20
OD00416,O0132,P030,2,5
OD00417,O0132,P048,3,20
OD00418,O0132,P027,5,0
OD00419,O0132,P049,4,20
OD00420,O0132,P024,5,5
OD00421,O0133,P047,3,10
OD00422,O0133,P022,3,15
OD00423,O0133,P024,1,5
OD00424,O0134,P020,3,20
OD00425,O0135,P035,4,15
OD00426,O0135,P024,2,20
OD00427,O0135,P031,5,20
OD00428,O0135,P030,4,20
OD00429,O0135,P012,5,10
OD00430,O0136,P004,4,15
OD00431,O0136,P021,5,20
OD00432,O0136,P037,4,15
OD00433,O0136,P032,1,5
OD00434,O0136,P040,1,20
OD00435,O0137,P041,5,20
OD00436,O0137,P017,4,0
OD00437,O0137,P022,1,10
OD00438,O0137,P018,4,5
OD00439,O0137,P033,3,5
OD00440,O0138,P022,3,20
OD00441,O0139,P007,3,10
OD00442,O0139,P040,5,15
OD00443,O0140,P047,1,0
OD00444,O0140,P012,2,0
OD00445,O0140,P034,2,5
OD00446,O0140,P025,3,0
OD00447,O0141,P022,4,0
OD00448,O0142,P023,3,15
OD00449,O0142,P012,5,20
OD00450,O0142,P041,4,15
OD00451,O0142,P038,4,15
OD00452,O0142,P018,5,20
OD00453,O0143,P032,2,20
OD00454,O0143,P001,4,5
OD00455,O0143,P045,2,10
OD00456,O0143,P013,5,20
OD00457,O0143,P047,5,0
OD00458,O0144,P024,4,10
OD00459,O0145,P037,5,5
OD00460,O0146,P010,2,15
OD00461,O0146,P002,4,0
OD00462,O0146,P020,2,15
OD00463,O0147,P039,1,5
OD00464,O0147,P038,4,0
OD00465,O0147,P001,5,0
OD00466,O0148,P023,1,0
OD00467,O0148,P050,4,15
OD00468,O0148,P048,2,20
OD00469,O0148,P042,5,20
OD00470,O0148,P025,2,5
OD00471,O0149,P050,3,15
OD00472,O0149,P043,1,20
OD00473,O0149,P047,4,10
OD00474,O0149,P002,5,20
OD00475,O0149,P015,1,5
OD00476,O0150,P012,3,15
OD00477,O0150,P034,5,10
OD00478,O0150,P040,5,20
OD00479,O0150,P021,5,15
OD00480,O0150,P013,4,20
OD00481,O0151,P033,5,15
OD00482,O0151,P022,4,0
OD00483,O0151,P039,1,10
OD00484,O0152,P039,2,10
OD00485,O0152,P001,1,20
OD00486,O0153,P043,2,15
OD00487,O0153,P039,2,20
OD00488,O0154,P033,1,15
OD00489,O0155,P043,3,10
OD00490,O0155,P034,1,15
OD00491,O0155,P002,4,0
OD00492,O0155,P009,5,15
OD00493,O0156,P020,4,5
OD00494,O0156,P035,1,0
OD00495,O0156,P011,1,20
OD00496,O0156,P039,1,5
OD00497,O0157,P009,2,0
OD00498,O0158,P026,3,10
OD00499,O0159,P011,4,15
OD00500,O0159,P048,2,15
OD00501,O0159,P008,4,0
OD00502,O0159,P013,3,0
OD00503,O0160,P029,5,20
OD00504,O0160,P017,5,0
OD00505,O0161,P021,1,10
OD00506,O0161,P031,2,10
OD00507,O0161,P039,4,5
OD00508,O0162,P035,4,15
OD00509,O0162,P050,1,15
OD00510,O0163,P018,5,5
OD00511,O0163,P023,1,20
OD00512,O0163,P005,1,20
OD00513,O0163,P022,5,10
OD00514,O0163,P045,3,10
OD00515,O0164,P023,1,15
OD00516,O0164,P045,2,0
OD00517,O0164,P048,4,10
OD00518,O0164,P007,5,5
OD00519,O0164,P027,2,15
OD00520,O0165,P046,3,5
OD00521,O0165,P030,2,20
OD00522,O0165,P043,4,15
OD00523,O0165,P031,3,20
OD00524,O0165,P049,2,5
OD00525,O0166,P019,4,20
OD00526,O0166,P029,3,20
OD00527,O0167,P017,4,0
OD00528,O0168,P012,2,15
OD00529,O0168,P025,4,0
OD00530,O0168,P015,1,10
OD00531,O0168,P027,5,0
OD00532,O0169,P020,4,10
OD00533,O0169,P007,2,15
OD00534,O0170,P039,2,5
OD00535,O0170,P047,3,10
OD00536,O0171,P001,3,5
OD00537,O0171,P015,4,5
OD00538,O0172,P013,3,15
OD00539,O0172,P003,2,20
OD00540,O0173,P015,5,0
OD00541,O0173,P036,2,10
OD00542,O0174,P020,3,15
OD00543,O0174,P013,5,20
OD00544,O0174,P026,4,0
OD00545,O0175,P026,5,5
OD00546,O0175,P006,2,0
OD00547,O0175,P025,2,10
OD00548,O0175,P030,3,20
OD00549,O0176,P033,5,0
OD00550,O0176,P009,1,20
OD00551,O0176,P034,5,20
OD00552,O0176,P032,5,10
OD00553,O0177,P023,4,15
OD00554,O0177,P017,3,20
OD00555,O0177,P037,1,5
OD00556,O0177,P015,1,20
OD00557,O0178,P002,3,20
OD00558,O0178,P032,2,10
OD00559,O0178,P018,2,0
OD00560,O0178,P013,3,0
OD00561,O0178,P049,1,10
OD00562,O0179,P020,2,0
OD00563,O0179,P023,4,10
OD00564,O0180,P020,5,15
OD00565,O0180,P009,1,0
OD00566,O0181,P003,1,10
OD00567,O0181,P020,2,0
OD00568,O0182,P036,3,15
OD00569,O0182,P040,4,20
OD00570,O0182,P005,4,0
OD00571,O0182,P045,1,5
OD00572,O0182,P035,1,0
OD00573,O0183,P045,4,10
OD00574,O0183,P047,3,10
OD00575,O0184,P013,5,10
OD00576,O0185,P007,1,5
OD00577,O0185,P032,5,20
OD00578,O0185,P031,4,0
OD00579,O0185,P025,1,20
OD00580,O0186,P032,5,15
OD00581,O0186,P033,1,10
OD00582,O0186,P002,5,15
OD00583,O0186,P005,3,20
OD00584,O0186,P034,5,10
OD00585,O0187,P013,2,0
OD00586,O0187,P024,4,20
OD00587,O0187,P009,2,5
OD00588,O0187,P019,5,20
OD00589,O0187,P048,3,20
OD00590,O0188,P006,4,10
OD00591,O0188,P044,1,5
OD00592,O0188,P008,2,5
OD00593,O0188,P007,4,5
OD00594,O0189,P023,3,5
OD00595,O0189,P017,3,0
OD00596,O0189,P003,5,5
OD00597,O0189,P026,5,5
OD00598,O0190,P037,3,20
OD00599,O0190,P015,2,0
OD00600,O0190,P029,4,20
OD00601,O0190,P013,3,15
OD00602,O0190,P041,1,10
OD00603,O0191,P049,4,5
OD00604,O0192,P020,4,10
OD00605,O0192,P009,3,5
OD00606,O0192,P047,3,0
OD00607,O0192,P028,4,20
OD00608,O0192,P035,5,15
OD00609,O0193,P015,5,10
OD00610,O0193,P021,4,0
OD00611,O0193,P044,1,0
OD00612,O0194,P048,3,20
OD00613,O0194,P035,4,0
OD00614,O0194,P045,3,10
OD00615,O0194,P018,5,20
OD00616,O0194,P040,2,0
OD00617,O0195,P048,3,20
OD00618,O0195,P021,5,10
OD00619,O0195,P032,3,5
OD00620,O0196,P044,1,20
OD00621,O0197,P042,4,5
OD00622,O0197,P050,3,10
OD00623,O0197,P041,2,0
OD00624,O0197,P006,3,10
OD00625,O0197,P043,4,5
OD00626,O0198,P048,3,15
OD00627,O0198,P016,1,15
OD00628,O0198,P036,5,15
OD00629,O0198,P023,1,20
OD00630,O0199,P007,1,10
OD00631,O0199,P020,3,0
OD00632,O0199,P005,4,15
OD00633,O0199,P041,3,0
OD00634,O0200,P001,2,20
OD00635,O0200,P007,3,10
OD00636,O0200,P008,4,10
OD00637,O0200,P002,5,10
OD00638,O0201,P045,4,0
OD00639,O0201,P015,1,5
OD00640,O0201,P003,1,20
OD00641,O0202,P022,2,15
OD00642,O0202,P035,3,0
OD00643,O0202,P006,5,5
OD00644,O0202,P038,4,15
OD00645,O0202,P036,5,5
OD00646,O0203,P049,5,10
OD00647,O0204,P006,1,0
OD00648,O0204,P046,2,20
OD00649,O0204,P018,2,10
OD00650,O0204,P034,2,15
OD00651,O0204,P004,3,5
OD00652,O0205,P021,4,0
OD00653,O0205,P003,3,5
OD00654,O0205,P035,3,10
OD00655,O0205,P046,2,0
OD00656,O0205,P038,3,10
OD00657,O0206,P033,1,10
OD00658,O0206,P047,2,20
OD00659,O0207,P010,5,20
OD00660,O0207,P013,3,15
OD00661,O0207,P018,5,5
OD00662,O0208,P008,5,10
OD00663,O0208,P025,2,5
OD00664,O0209,P048,1,0
OD00665,O0210,P014,1,0
OD00666,O0211,P026,3,5
OD00667,O0212,P010,2,15
OD00668,O0212,P020,2,0
OD00669,O0212,P021,3,20
OD00670,O0212,P050,4,15
OD00671,O0213,P039,5,15
OD00672,O0213,P046,5,0
OD00673,O0213,P048,4,10
OD00674,O0213,P040,3,15
OD00675,O0213,P030,5,20
OD00676,O0214,P023,4,20
OD00677,O0214,P013,2,10
OD00678,O0215,P040,1,15
OD00679,O0215,P030,2,20
OD00680,O0215,P003,4,5
OD00681,O0216,P032,2,10
OD00682,O0216,P037,1,20
OD00683,O0216,P006,1,5
OD00684,O0216,P007,1,5
OD00685,O0216,P031,1,5
OD00686,O0217,P037,4,15
OD00687,O0218,P043,4,5
OD00688,O0218,P039,1,15
OD00689,O0218,P029,3,15
OD00690,O0218,P016,5,0
OD00691,O0218,P017,4,10
OD00692,O0219,P049,3,20
OD00693,O0219,P013,2,20
OD00694,O0220,P035,3,15
OD00695,O0220,P007,4,15
OD00696,O0221,P048,2,5
OD00697,O0221,P012,3,5
OD00698,O0221,P025,5,5
OD00699,O0221,P028,4,10
OD00700,O0222,P016,1,10
OD00701,O0223,P012,3,20
OD00702,O0223,P035,2,0
OD00703,O0223,P017,4,0
OD00704,O0223,P048,1,0
OD00705,O0224,P034,2,20
OD00706,O0224,P001,2,10
OD00707,O0224,P019,4,0
OD00708,O0224,P014,2,20
OD00709,O0225,P049,3,20
OD00710,O0225,P025,5,15
OD00711,O0226,P039,2,5
OD00712,O0226,P005,2,10
OD00713,O0227,P041,2,15
OD00714,O0227,P021,2,5
OD00715,O0227,P001,5,0
OD00716,O0227,P010,1,10
OD00717,O0228,P021,5,15
OD00718,O0228,P032,3,0
OD00719,O0228,P016,2,15
OD00720,O0229,P015,3,5
OD00721,O0229,P022,4,10
OD00722,O0229,P048,2,5
OD00723,O0229,P032,1,0
OD00724,O0230,P033,1,5
OD00725,O0230,P019,3,10
OD00726,O0230,P018,5,0
OD00727,O0230,P034,4,5
OD00728,O0230,P014,3,0
OD00729,O0231,P046,5,15
OD00730,O0231,P016,2,10
OD00731,O0232,P023,5,0
OD00732,O0233,P034,4,5
OD00733,O0233,P001,1,15
OD00734,O0233,P014,4,15
OD00735,O0234,P027,5,0
OD00736,O0234,P016,5,20
OD00737,O0235,P013,4,0
OD00738,O0235,P011,3,15
OD00739,O0235,P033,1,15
OD00740,O0236,P039,1,10
OD00741,O0237,P048,4,20
OD00742,O0237,P035,5,20
OD00743,O0237,P018,2,20
OD00744,O0237,P012,5,0
OD00745,O0237,P001,5,15
OD00746,O0238,P049,2,15
OD00747,O0238,P050,2,5
OD00748,O0238,P007,1,20
OD00749,O0238,P037,1,20
OD00750,O0239,P027,1,0
OD00751,O0239,P026,2,20
OD00752,O0239,P050,5,20
OD00753,O0239,P028,1,5
OD00754,O0240,P026,3,10
OD00755,O0240,P018,3,5
OD00756,O0241,P044,4,0
OD00757,O0241,P023,4,10
OD00758,O0241,P005,4,5
OD00759,O0241,P050,2,15
OD00760,O0242,P005,2,5
OD00761,O0243,P011,3,5
OD00762,O0243,P004,1,20
OD00763,O0243,P030,2,15
OD00764,O0243,P010,2,10
OD00765,O0244,P040,2,5
OD00766,O0244,P029,4,0
OD00767,O0244,P015,4,10
OD00768,O0245,P033,5,15
OD00769,O0246,P040,1,0
OD00770,O0246,P035,4,20
OD00771,O0246,P036,5,10
OD00772,O0246,P013,4,5
OD00773,O0246,P014,3,5
OD00774,O0247,P005,3,15
OD00775,O0247,P029,4,5
OD00776,O0247,P041,5,0
OD00777,O0248,P019,2,15
OD00778,O0249,P014,3,5
OD00779,O0249,P017,4,0
OD00780,O0249,P044,4,20
OD00781,O0249,P027,1,15
OD00782,O0249,P037,5,5
OD00783,O0250,P029,4,15
OD00784,O0251,P006,1,5
OD00785,O0251,P001,1,5
OD00786,O0251,P007,5,0
OD00787,O0252,P043,5,10
OD00788,O0252,P036,1,5
OD00789,O0252,P007,3,10
OD00790,O0252,P034,5,0
OD00791,O0253,P037,2,10
OD00792,O0253,P018,1,5
OD00793,O0254,P032,4,20
OD00794,O0254,P022,1,5
OD00795,O0254,P042,3,15
OD00796,O0255,P037,5,0
OD00797,O0255,P008,4,15
OD00798,O0255,P021,4,20
OD00799,O0255,P023,3,10
OD00800,O0255,P020,5,0
OD00801,O0256,P047,1,0
OD00802,O0256,P018,4,5
OD00803,O0256,P017,5,20
OD00804,O0256,P032,1,20
OD00805,O0257,P001,4,15
OD00806,O0257,P012,1,15
OD00807,O0258,P002,3,0
OD00808,O0258,P022,4,10
OD00809,O0258,P040,5,5
OD00810,O0259,P019,5,15
OD00811,O0259,P011,4,10
OD00812,O0260,P020,5,10
OD00813,O0261,P039,2,5
OD00814,O0262,P027,4,5
OD00815,O0262,P046,3,10
OD00816,O0262,P016,1,15
OD00817,O0262,P011,3,10
OD00818,O0263,P006,2,10
OD00819,O0263,P035,2,15
OD00820,O0263,P019,1,15
OD00821,O0263,P002,3,15
OD00822,O0264,P043,1,0
OD00823,O0264,P007,3,20
OD00824,O0265,P021,4,5
OD00825,O0266,P017,3,20
OD00826,O0266,P004,2,5
OD00827,O0267,P041,4,5
OD00828,O0267,P031,2,15
OD00829,O0267,P004,3,0
OD00830,O0268,P024,1,10
OD00831,O0269,P031,4,10
OD00832,O0270,P020,4,5
OD00833,O0271,P036,4,5
OD00834,O0271,P043,1,20
OD00835,O0271,P037,5,0
OD00836,O0271,P028,2,15
OD00837,O0271,P020,1,10
OD00838,O0272,P023,5,10
OD00839,O0272,P026,2,0
OD00840,O0273,P009,3,10
OD00841,O0273,P003,5,5
OD00842,O0273,P024,2,20
OD00843,O0273,P026,3,5
OD00844,O0273,P045,2,15
OD00845,O0274,P008,3,15
OD00846,O0275,P026,2,5
OD00847,O0275,P040,4,10
OD00848,O0275,P043,3,20
OD00849,O0275,P002,5,15
OD00850,O0275,P014,5,10
OD00851,O0276,P044,3,5
OD00852,O0276,P042,4,15
OD00853,O0276,P050,1,0
OD00854,O0277,P008,5,20
OD00855,O0277,P006,1,0
OD00856,O0278,P021,3,0
OD00857,O0278,P031,4,15
OD00858,O0279,P046,2,0
OD00859,O0279,P011,2,20
OD00860,O0280,P008,2,0
OD00861,O0280,P045,5,0
OD00862,O0280,P027,3,5
OD00863,O0280,P018,2,10
OD00864,O0281,P047,4,10
OD00865,O0281,P029,1,5
OD00866,O0282,P002,2,10
OD00867,O0282,P006,2,0
OD00868,O0282,P023,3,10
OD00869,O0283,P016,5,20
OD00870,O0283,P018,2,0
OD00871,O0284,P050,5,10
OD00872,O0285,P014,1,15
OD00873,O0285,P042,3,20
OD00874,O0285,P043,1,5
OD00875,O0285,P033,1,20
OD00876,O0286,P041,2,15
OD00877,O0286,P025,2,0
OD00878,O0286,P009,5,10
OD00879,O0286,P013,3,20
OD00880,O0286,P022,5,10
OD00881,O0287,P033,5,10
OD00882,O0287,P002,5,0
OD00883,O0287,P041,5,5
OD00884,O0287,P016,5,15
OD00885,O0287,P014,1,10
OD00886,O0288,P019,3,5
OD00887,O0288,P024,4,10
OD00888,O0288,P001,4,0
OD00889,O0288,P039,1,0
OD00890,O0288,P030,3,10
OD00891,O0289,P005,3,15
OD00892,O0289,P048,5,15
OD00893,O0289,P039,1,0
OD00894,O0289,P024,3,5
OD00895,O0290,P040,1,15
OD00896,O0290,P030,1,5
OD00897,O0290,P046,1,20
OD00898,O0290,P025,4,20
OD00899,O0291,P009,5,10
OD00900,O0292,P002,5,15
OD00901,O0292,P039,1,15
OD00902,O0292,P008,3,15
OD00903,O0293,P032,1,10
OD00904,O0293,P003,4,20
OD00905,O0294,P013,1,15
OD00906,O0294,P014,3,20
OD00907,O0294,P015,4,0
OD00908,O0295,P037,4,15
OD00909,O0295,P038,3,20
OD00910,O0295,P002,1,10
OD00911,O0296,P021,4,15
OD00912,O0296,P038,2,15
OD00913,O0296,P049,5,15
OD00914,O0296,P044,5,10
OD00915,O0297,P029,5,10
OD00916,O0297,P009,4,0
OD00917,O0298,P037,5,5
OD00918,O0298,P008,2,15
OD00919,O0298,P011,4,10
OD00920,O0299,P036,1,15
OD00921,O0299,P005,4,15
OD00922,O0299,P045,1,15
OD00923,O0300,P018,3,5
OD00924,O0300,P032,3,10
OD00925,O0300,P009,4,15
OD00926,O0301,P026,2,10
OD00927,O0301,P009,2,15
OD00928,O0301,P038,3,5
OD00929,O0301,P014,2,0
OD00930,O0301,P045,1,15
OD00931,O0302,P012,1,0
OD00932,O0302,P002,5,20
OD00933,O0302,P008,3,15
OD00934,O0302,P049,3,20
OD00935,O0303,P034,2,0
OD00936,O0303,P038,4,10
OD00937,O0303,P041,3,5
OD00938,O0303,P014,1,5
OD00939,O0303,P003,2,10
OD00940,O0304,P050,2,0
OD00941,O0304,P048,4,10
OD00942,O0305,P039,2,0
OD00943,O0305,P035,2,15
OD00944,O0305,P021,2,10
OD00945,O0305,P004,2,5
OD00946,O0305,P013,5,20
OD00947,O0306,P006,3,5
OD00948,O0306,P038,5,0
OD00949,O0306,P018,4,0
OD00950,O0306,P037,5,5
OD00951,O0307,P014,3,5
OD00952,O0307,P010,3,20
OD00953,O0307,P030,4,0
OD00954,O0308,P018,1,20
OD00955,O0308,P015,5,5
OD00956,O0308,P050,4,5
OD00957,O0308,P014,1,0
OD00958,O0308,P006,3,0
OD00959,O0309,P031,3,0
OD00960,O0309,P014,5,5
OD00961,O0309,P033,1,0
OD00962,O0310,P029,5,0
OD00963,O0310,P008,3,5
OD00964,O0310,P014,2,20
OD00965,O0310,P013,4,20
OD00966,O0310,P046,1,0
OD00967,O0311,P004,1,20
OD00968,O0311,P003,5,20
OD00969,O0311,P009,2,15
OD00970,O0311,P043,5,10
OD00971,O0312,P013,4,15
OD00972,O0312,P015,2,5
OD00973,O0312,P042,3,15
OD00974,O0312,P036,2,10
OD00975,O0312,P040,5,10
OD00976,O0313,P010,3,5
OD00977,O0313,P007,5,0
OD00978,O0313,P004,3,20
OD00979,O0313,P048,5,15
OD00980,O0314,P012,3,10
OD00981,O0314,P033,2,5
OD00982,O0315,P045,3,15
OD00983,O0315,P049,2,15
OD00984,O0315,P033,5,15
OD00985,O0316,P001,3,10
OD00986,O0317,P038,3,5
OD00987,O0317,P015,5,10
OD00988,O0317,P014,3,20
OD00989,O0317,P042,5,15
OD00990,O0318,P042,4,15
OD00991,O0318,P041,5,10
OD00992,O0318,P007,5,20
OD00993,O0318,P022,5,10
OD00994,O0319,P028,1,0
OD00995,O0319,P006,2,20
OD00996,O0319,P032,5,15
OD00997,O0319,P024,3,20
OD00998,O0319,P034,2,15
OD00999,O0320,P011,2,0
OD01000,O0320,P034,1,5
OD01001,O0321,P030,1,5
OD01002,O0321,P003,5,5
OD01003,O0322,P029,5,15
OD01004,O0322,P046,2,20
OD01005,O0322,P018,1,15
OD01006,O0322,P007,4,15
OD01007,O0323,P041,5,0
OD01008,O0323,P040,1,0
OD01009,O0323,P007,2,20
OD01010,O0323,P043,4,20
OD01011,O0324,P001,1,20
OD01012,O0324,P003,1,10
OD01013,O0324,P038,4,10
OD01014,O0325,P014,1,5
OD01015,O0326,P011,3,20
OD01016,O0326,P008,2,5
OD01017,O0326,P013,4,10
OD01018,O0326,P017,3,20
OD01019,O0326,P031,2,5
OD01020,O0327,P025,2,0
OD01021,O0328,P049,3,0
OD01022,O0329,P026,5,15
OD01023,O0329,P041,5,15
OD01024,O0329,P031,5,20
OD01025,O0329,P045,4,5
OD01026,O0329,P013,4,5
OD01027,O0330,P013,2,15
OD01028,O0330,P005,5,20
OD01029,O0331,P049,3,5
OD01030,O0331,P029,3,15
OD01031,O0331,P010,4,10
OD01032,O0331,P050,4,0
OD01033,O0332,P011,2,20
OD01034,O0332,P005,2,5
OD01035,O0332,P030,3,5
OD01036,O0333,P024,4,5
OD01037,O0333,P041,4,15
OD01038,O0333,P018,2,0
OD01039,O0333,P004,2,0
OD01040,O0333,P011,4,0
OD01041,O0334,P006,3,0
OD01042,O0334,P015,1,15
OD01043,O0334,P036,1,15
OD01044,O0334,P032,2,5
OD01045,O0334,P018,4,20
OD01046,O0335,P026,1,20
OD01047,O0335,P030,1,10
OD01048,O0336,P020,1,15
OD01049,O0336,P027,4,15
OD01050,O0336,P049,1,5
OD01051,O0337,P009,3,20
OD01052,O0338,P026,2,20
OD01053,O0338,P031,5,15
OD01054,O0338,P008,3,10
OD01055,O0339,P024,3,20
OD01056,O0339,P041,3,10
OD01057,O0339,P040,4,5
OD01058,O0339,P044,2,5
OD01059,O0340,P003,3,0
OD01060,O0340,P035,4,10
OD01061,O0340,P010,4,0
OD01062,O0340,P014,5,10
OD01063,O0340,P024,4,20
OD01064,O0341,P041,2,5
OD01065,O0341,P037,5,15
OD01066,O0341,P030,5,10
OD01067,O0341,P017,1,0
OD01068,O0341,P015,5,20
OD01069,O0342,P035,4,0
OD01070,O0342,P014,5,0
OD01071,O0342,P026,2,20
OD01072,O0343,P022,2,20
OD01073,O0343,P020,4,10
OD01074,O0344,P010,5,10
OD01075,O0344,P025,3,20
OD01076,O0344,P046,2,5
OD01077,O0344,P017,1,15
OD01078,O0345,P041,4,10
OD01079,O0345,P010,2,0
OD01080,O0345,P016,2,15
OD01081,O0346,P001,1,10
OD01082,O0346,P038,4,20
OD01083,O0347,P006,5,5
OD01084,O0347,P002,5,20
OD01085,O0347,P028,2,20
OD01086,O0347,P017,5,10
OD01087,O0348,P008,4,20
OD01088,O0348,P036,4,20
OD01089,O0349,P022,3,5
OD01090,O0350,P006,3,5
OD01091,O0350,P037,4,15
OD01092,O0350,P047,2,5
OD01093,O0351,P026,4,15
OD01094,O0352,P027,1,20
OD01095,O0352,P014,4,5
OD01096,O0352,P049,4,5
OD01097,O0352,P017,2,5
OD01098,O0353,P031,4,5
OD01099,O0353,P016,3,0
OD01100,O0353,P049,4,15
OD01101,O0353,P030,4,20
OD01102,O0354,P018,4,20
OD01103,O0355,P016,5,15
OD01104,O0355,P046,2,10
OD01105,O0356,P041,3,0
OD01106,O0356,P043,1,10
OD01107,O0356,P005,2,15
OD01108,O0356,P002,2,0
OD01109,O0356,P037,5,20
OD01110,O0357,P004,4,15
OD01111,O0358,P016,1,5
OD01112,O0358,P021,5,10
OD01113,O0358,P037,2,20
OD01114,O0359,P012,3,5
OD01115,O0359,P002,1,10
OD01116,O0359,P048,5,5
OD01117,O0360,P043,1,20
OD01118,O0360,P003,2,20
OD01119,O0360,P029,5,0
OD01120,O0360,P025,5,5
OD01121,O0360,P010,3,15
OD01122,O0361,P020,1,5
OD01123,O0361,P040,4,15
OD01124,O0361,P045,5,15
OD01125,O0361,P019,1,5
OD01126,O0362,P004,1,5
OD01127,O0362,P039,4,20
OD01128,O0363,P031,4,10
OD01129,O0363,P009,5,5
OD01130,O0364,P001,3,15
OD01131,O0365,P036,3,0
OD01132,O0365,P018,4,15
OD01133,O0365,P027,1,20
OD01134,O0366,P024,4,10
OD01135,O0367,P019,3,15
OD01136,O0367,P036,4,10
OD01137,O0367,P028,2,5
OD01138,O0367,P022,2,0
OD01139,O0368,P040,3,10
OD01140,O0368,P041,2,15
OD01141,O0368,P018,5,20
OD01142,O0369,P026,2,5
OD01143,O0369,P037,4,10
OD01144,O0370,P025,3,5
OD01145,O0370,P013,5,20
OD01146,O0370,P049,4,5
OD01147,O0370,P035,3,10
OD01148,O0370,P048,4,10
OD01149,O0371,P017,3,0
OD01150,O0371,P045,4,5
OD01151,O0371,P031,2,0
OD01152,O0372,P007,2,5
OD01153,O0372,P001,4,15
OD01154,O0372,P034,4,20
OD01155,O0372,P030,5,10
OD01156,O0373,P026,5,0
OD01157,O0373,P017,5,20
OD01158,O0373,P016,3,10
OD01159,O0374,P020,2,15
OD01160,O0375,P031,5,20
OD01161,O0375,P025,4,15
OD01162,O0375,P001,5,15
OD01163,O0375,P007,5,20
OD01164,O0376,P012,3,15
OD01165,O0377,P004,3,0
OD01166,O0377,P012,2,0
OD01167,O0377,P043,3,10
OD01168,O0377,P007,3,5
OD01169,O0378,P014,2,15
OD01170,O0378,P042,1,5
OD01171,O0378,P020,5,5
OD01172,O0378,P048,5,15
OD01173,O0378,P029,3,15
OD01174,O0379,P039,2,5
OD01175,O0380,P007,5,10
OD01176,O0381,P035,4,0
OD01177,O0381,P018,1,10
OD01178,O0381,P040,3,5
OD01179,O0381,P006,1,10
OD01180,O0381,P020,5,10
OD01181,O0382,P005,3,5
OD01182,O0382,P043,5,15
OD01183,O0382,P042,3,10
OD01184,O0382,P021,5,10
OD01185,O0382,P024,4,0
OD01186,O0383,P026,1,10
OD01187,O0384,P038,3,15
OD01188,O0385,P042,4,20
OD01189,O0385,P031,1,0
OD01190,O0385,P047,2,10
OD01191,O0385,P019,5,10
OD01192,O0385,P004,1,0
OD01193,O0386,P027,5,15
OD01194,O0386,P004,5,5
OD01195,O0386,P043,3,10
OD01196,O0386,P026,4,10
OD01197,O0386,P022,2,15
OD01198,O0387,P012,3,10
OD01199,O0387,P026,3,10
OD01200,O0387,P011,3,20
OD01201,O0387,P046,3,10
OD01202,O0387,P036,5,20
OD01203,O0388,P032,2,10
OD01204,O0389,P017,2,15
OD01205,O0389,P026,3,20
OD01206,O0389,P025,1,10
OD01207,O0390,P002,3,0
OD01208,O0390,P047,3,10
OD01209,O0390,P034,4,0
OD01210,O0390,P038,2,5
OD01211,O0390,P018,4,5
OD01212,O0391,P021,3,10
OD01213,O0391,P025,2,20
OD01214,O0391,P005,3,5
OD01215,O0392,P024,3,5
OD01216,O0392,P012,1,5
OD01217,O0392,P048,4,0
OD01218,O0392,P007,2,5
OD01219,O0392,P027,5,20
OD01220,O0393,P029,3,0
OD01221,O0393,P034,4,10
OD01222,O0393,P032,3,20
OD01223,O0394,P049,5,15
OD01224,O0394,P044,4,20
OD01225,O0394,P041,4,0
OD01226,O0394,P004,2,10
OD01227,O0394,P001,2,0
OD01228,O0395,P020,4,0
OD01229,O0395,P023,5,20
OD01230,O0395,P037,2,5
OD01231,O0395,P013,1,5
OD01232,O0395,P038,4,0
OD01233,O0396,P019,1,20
OD01234,O0396,P027,5,5
OD01235,O0396,P008,5,15
OD01236,O0396,P014,4,0
OD01237,O0396,P020,5,10
OD01238,O0397,P042,5,5
OD01239,O0397,P034,1,5
OD01240,O0398,P034,2,5
OD01241,O0398,P035,2,0
OD01242,O0398,P013,3,5
OD01243,O0399,P025,2,20
OD01244,O0400,P018,4,0
OD01245,O0400,P045,5,0
OD01246,O0400,P028,2,5
OD01247,O0400,P026,1,15
OD01248,O0401,P017,3,15
OD01249,O0401,P002,4,10
OD01250,O0402,P021,3,5
OD01251,O0402,P040,4,10
OD01252,O0403,P045,2,10
OD01253,O0403,P003,5,15
OD01254,O0403,P008,5,0
OD01255,O0404,P016,4,15
OD01256,O0404,P046,3,10
OD01257,O0404,P037,5,0
OD01258,O0404,P047,1,5
OD01259,O0404,P018,4,5
OD01260,O0405,P033,3,20
OD01261,O0405,P027,4,20
OD01262,O0406,P020,4,10
OD01263,O0406,P036,4,5
OD01264,O0406,P032,3,20
OD01265,O0407,P028,4,20
OD01266,O0407,P008,4,10
OD01267,O0407,P002,5,15
OD01268,O0407,P022,4,10
OD01269,O0407,P045,2,15
OD01270,O0408,P010,2,20
OD01271,O0408,P030,2,15
OD01272,O0408,P001,2,0
OD01273,O0408,P004,1,15
OD01274,O0408,P049,5,20
OD01275,O0409,P011,4,0
OD01276,O0409,P007,4,20
OD01277,O0409,P010,5,15
OD01278,O0409,P050,4,15
OD01279,O0410,P002,2,10
OD01280,O0410,P049,2,5
OD01281,O0411,P031,2,10
OD01282,O0411,P035,5,20
OD01283,O0411,P037,1,20
OD01284,O0412,P026,1,20
OD01285,O0412,P007,3,5
OD01286,O0413,P013,2,15
OD01287,O0413,P016,1,15
OD01288,O0413,P002,2,0
OD01289,O0414,P044,3,15
OD01290,O0414,P047,1,15
OD01291,O0415,P040,5,15
OD01292,O0415,P044,1,0
OD01293,O0415,P031,5,5
OD01294,O0415,P011,2,10
OD01295,O0416,P044,5,15
OD01296,O0417,P013,4,0
OD01297,O0417,P026,5,0
OD01298,O0417,P003,5,15
OD01299,O0417,P027,2,15
OD01300,O0418,P019,2,5
OD01301,O0418,P030,3,15
OD01302,O0418,P027,3,15
OD01303,O0419,P003,2,5
OD01304,O0419,P038,3,10
OD01305,O0419,P045,5,15
OD01306,O0419,P028,2,5
OD01307,O0419,P023,1,10
OD01308,O0420,P008,1,5
OD01309,O0421,P037,1,5
OD01310,O0422,P050,5,10
OD01311,O0422,P024,2,20
OD01312,O0422,P037,5,10
OD01313,O0423,P042,1,0
OD01314,O0424,P030,5,20
OD01315,O0425,P035,5,20
OD01316,O0425,P007,5,5
OD01317,O0425,P045,3,15
OD01318,O0425,P020,2,5
OD01319,O0426,P005,3,10
OD01320,O0426,P004,4,0
OD01321,O0426,P039,2,0
OD01322,O0427,P007,1,15
OD01323,O0427,P008,2,15
OD01324,O0427,P019,2,10
OD01325,O0427,P044,1,5
OD01326,O0427,P011,3,0
OD01327,O0428,P026,5,0
OD01328,O0428,P006,4,20
OD01329,O0429,P008,3,0
OD01330,O0429,P006,4,0
OD01331,O0429,P022,5,5
OD01332,O0429,P019,1,15
OD01333,O0429,P016,4,10
OD01334,O0430,P024,4,20
OD01335,O0430,P029,3,10
OD01336,O0431,P007,3,15
OD01337,O0432,P045,5,0
OD01338,O0432,P028,1,0
OD01339,O0432,P027,1,20
OD01340,O0432,P021,2,20
OD01341,O0432,P022,1,5
OD01342,O0433,P034,3,15
OD01343,O0434,P010,1,15
OD01344,O0434,P044,3,20
OD01345,O0435,P047,4,15
OD01346,O0436,P021,3,5
OD01347,O0436,P029,3,10
OD01348,O0437,P009,1,15
OD01349,O0437,P049,5,0
OD01350,O0437,P048,2,10
OD01351,O0437,P014,4,15
OD01352,O0438,P009,2,5
OD01353,O0439,P020,1,5
OD01354,O0439,P045,2,5
OD01355,O0439,P017,1,5
OD01356,O0440,P034,2,15
OD01357,O0441,P049,4,5
OD01358,O0441,P029,1,0
OD01359,O0441,P004,1,0
OD01360,O0442,P006,2,10
OD01361,O0443,P022,5,15
OD01362,O0443,P013,2,0
OD01363,O0443,P041,2,0
OD01364,O0443,P049,2,10
OD01365,O0443,P038,3,0
OD01366,O0444,P012,2,10
OD01367,O0444,P006,5,20
OD01368,O0444,P020,1,0
OD01369,O0445,P021,3,5
OD01370,O0445,P032,2,0
OD01371,O0445,P028,3,5
OD01372,O0446,P027,3,10
OD01373,O0446,P033,4,10
OD01374,O0446,P041,2,0
OD01375,O0447,P043,2,20
OD01376,O0447,P029,1,20
OD01377,O0447,P014,1,5
OD01378,O0448,P044,3,20
OD01379,O0448,P036,4,10
OD01380,O0448,P015,4,15
OD01381,O0448,P034,3,10
OD01382,O0448,P050,2,10
OD01383,O0449,P050,5,10
OD01384,O0450,P007,4,10
OD01385,O0450,P034,1,0
OD01386,O0451,P026,5,15
OD01387,O0451,P019,1,10
OD01388,O0451,P012,1,15
OD01389,O0451,P043,1,20
OD01390,O0452,P047,5,0
OD01391,O0453,P001,2,15
OD01392,O0453,P039,2,20
OD01393,O0454,P030,1,0
OD01394,O0454,P029,5,10
OD01395,O0454,P022,5,10
OD01396,O0454,P012,4,5
OD01397,O0455,P014,5,15
OD01398,O0455,P025,5,20
OD01399,O0455,P043,3,5
OD01400,O0456,P023,3,15
OD01401,O0456,P041,1,20
OD01402,O0456,P045,3,20
OD01403,O0457,P037,2,0
OD01404,O0457,P027,4,10
OD01405,O0458,P012,1,20
OD01406,O0458,P043,5,10
OD01407,O0458,P026,4,0
OD01408,O0458,P044,3,0
OD01409,O0458,P003,3,20
OD01410,O0459,P027,4,15
OD01411,O0459,P036,5,0
OD01412,O0459,P012,1,20
OD01413,O0459,P043,4,0
OD01414,O0459,P013,4,20
OD01415,O0460,P020,3,5
OD01416,O0460,P007,4,15
OD01417,O0460,P013,5,15
OD01418,O0461,P021,5,15
OD01419,O0461,P043,3,5
OD01420,O0461,P019,2,5
OD01421,O0461,P009,3,5
OD01422,O0462,P015,2,20
OD01423,O0462,P030,2,20
OD01424,O0462,P003,2,0
OD01425,O0462,P027,4,20
OD01426,O0463,P015,4,5
OD01427,O0463,P026,5,0
OD01428,O0463,P041,1,5
OD01429,O0463,P048,5,10
OD01430,O0463,P012,5,10
OD01431,O0464,P002,2,15
OD01432,O0464,P029,2,5
OD01433,O0464,P015,1,10
OD01434,O0464,P008,5,20
OD01435,O0465,P019,3,5
OD01436,O0465,P038,5,0
OD01437,O0465,P030,3,0
OD01438,O0465,P033,3,5
OD01439,O0465,P023,4,20
OD01440,O0466,P032,3,0
OD01441,O0466,P039,5,20
OD01442,O0466,P049,1,0
OD01443,O0466,P048,4,10
OD01444,O0466,P044,4,0
OD01445,O0467,P024,5,15
OD01446,O0467,P050,3,15
OD01447,O0467,P021,4,20
OD01448,O0467,P006,2,10
OD01449,O0468,P043,5,10
OD01450,O0468,P011,5,0
OD01451,O0468,P012,3,5
OD01452,O0468,P005,4,15
OD01453,O0469,P004,3,10
OD01454,O0469,P047,4,0
OD01455,O0469,P046,4,15
OD01456,O0469,P034,1,10
OD01457,O0469,P043,1,20
OD01458,O0470,P004,3,15
OD01459,O0470,P028,5,20
OD01460,O0470,P044,3,10
OD01461,O0470,P013,4,0
OD01462,O0471,P031,2,20
OD01463,O0471,P048,3,10
OD01464,O0471,P030,2,5
OD01465,O0471,P020,2,20
OD01466,O0472,P042,1,10
OD01467,O0472,P031,2,15
OD01468,O0472,P010,5,10
OD01469,O0472,P040,4,10
OD01470,O0472,P005,2,5
OD01471,O0473,P050,5,0
OD01472,O0474,P010,5,15
OD01473,O0474,P016,4,10
OD01474,O0474,P023,2,10
OD01475,O0475,P011,5,15
OD01476,O0475,P035,2,20
OD01477,O0475,P029,5,0
OD01478,O0475,P002,3,15
OD01479,O0476,P027,3,15
OD01480,O0476,P009,3,20
OD01481,O0476,P005,4,15
OD01482,O0476,P040,2,0
OD01483,O0477,P047,4,0
OD01484,O0477,P007,1,10
OD01485,O0478,P029,3,15
OD01486,O0478,P021,2,10
OD01487,O0478,P036,1,0
OD01488,O0478,P016,5,15
OD01489,O0479,P025,5,20
OD01490,O0480,P009,4,15
OD01491,O0480,P024,4,10
OD01492,O0480,P011,2,10
OD01493,O0480,P006,4,5
OD01494,O0481,P012,2,15
OD01495,O0481,P037,5,20
OD01496,O0481,P009,5,0
OD01497,O0481,P025,4,15
OD01498,O0482,P033,2,10
OD01499,O0483,P049,4,10
OD01500,O0483,P025,4,10
OD01501,O0483,P046,1,0
OD01502,O0484,P002,5,5
OD01503,O0484,P037,3,15
OD01504,O0484,P023,1,20
OD01505,O0485,P009,1,10
OD01506,O0485,P012,4,15
OD01507,O0485,P019,4,5
OD01508,O0485,P034,4,10
OD01509,O0485,P013,1,15
OD01510,O0486,P029,2,15
OD01511,O0486,P020,1,5
OD01512,O0486,P024,2,20
OD01513,O0486,P042,4,20
OD01514,O0487,P033,1,15
OD01515,O0487,P014,1,0
OD01516,O0487,P044,2,20
OD01517,O0487,P015,4,10
OD01518,O0487,P010,4,20
OD01519,O0488,P021,3,10
OD01520,O0488,P036,2,5
OD01521,O0488,P011,3,5
OD01522,O0488,P045,5,20
OD01523,O0489,P014,3,0
OD01524,O0490,P034,1,15
OD01525,O0490,P007,1,0
OD01526,O0490,P006,2,5
OD01527,O0491,P001,4,10
OD01528,O0491,P022,1,20
OD01529,O0491,P040,3,5
OD01530,O0491,P002,4,0
OD01531,O0492,P019,5,5
OD01532,O0492,P034,3,20
OD01533,O0493,P012,5,5
OD01534,O0493,P001,4,15
OD01535,O0493,P025,2,15
OD01536,O0493,P038,2,0
OD01537,O0493,P022,4,0
OD01538,O0494,P018,5,0
OD01539,O0494,P037,4,10
OD01540,O0494,P035,4,10
OD01541,O0494,P013,5,5
OD01542,O0495,P042,1,5
OD01543,O0495,P048,2,15
OD01544,O0495,P001,4,0
OD01545,O0496,P039,3,0
OD01546,O0496,P037,3,15
OD01547,O0496,P017,2,0
OD01548,O0496,P044,3,15
OD01549,O0496,P046,3,15
OD01550,O0497,P023,1,0
OD01551,O0497,P014,1,15
OD01552,O0497,P009,4,10
OD01553,O0497,P037,1,0
OD01554,O0498,P041,2,0
OD01555,O0498,P035,1,15
OD01556,O0499,P042,4,10
OD01557,O0499,P026,4,20
OD01558,O0499,P015,3,0
OD01559,O0500,P036,2,5
OD01560,O0500,P033,3,0
OD01561,O0500,P032,4,0
OD01562,O0501,P014,2,20
OD01563,O0501,P013,5,15
OD01564,O0501,P036,3,20
OD01565,O0502,P008,5,20
OD01566,O0502,P030,5,15
OD01567,O0502,P039,5,0
OD01568,O0502,P023,2,5
OD01569,O0503,P039,1,5
OD01570,O0503,P009,5,5
OD01571,O0504,P018,1,0
OD01572,O0505,P027,4,5
OD01573,O0505,P004,4,5
OD01574,O0505,P046,4,20
OD01575,O0505,P013,2,15
OD01576,O0506,P038,3,15
OD01577,O0506,P044,1,5
OD01578,O0506,P034,1,20
OD01579,O0507,P008,1,20
OD01580,O0507,P044,2,10
OD01581,O0507,P036,1,15
OD01582,O0507,P016,5,15
OD01583,O0508,P047,3,5
OD01584,O0508,P028,2,20
OD01585,O0509,P026,2,20
OD01586,O0509,P005,1,20
OD01587,O0509,P046,3,10
OD01588,O0509,P035,3,15
OD01589,O0509,P001,3,0
OD01590,O0510,P023,5,0
OD01591,O0510,P037,2,0
OD01592,O0511,P026,3,5
OD01593,O0511,P016,4,15
OD01594,O0512,P050,1,0
OD01595,O0512,P012,4,0
OD01596,O0512,P007,2,0
OD01597,O0513,P004,5,5
OD01598,O0513,P008,2,10
OD01599,O0513,P020,2,0
OD01600,O0513,P025,5,5
OD01601,O0514,P040,4,15
OD01602,O0514,P038,4,0
OD01603,O0515,P023,1,20
OD01604,O0515,P035,1,15
OD01605,O0516,P045,2,15
OD01606,O0516,P016,3,15
OD01607,O0516,P036,3,0
OD01608,O0516,P025,5,10
OD01609,O0517,P045,3,20
OD01610,O0517,P014,5,20
OD01611,O0517,P024,4,15
OD01612,O0517,P038,3,0
OD01613,O0517,P005,4,5
OD01614,O0518,P001,2,20
OD01615,O0518,P018,5,15
OD01616,O0519,P033,4,20
OD01617,O0519,P037,3,20
OD01618,O0520,P004,2,15
OD01619,O0520,P009,3,10
OD01620,O0520,P038,5,10
OD01621,O0520,P030,1,15
OD01622,O0520,P047,3,20
OD01623,O0521,P025,3,0
OD01624,O0521,P018,2,10
OD01625,O0521,P008,5,10
OD01626,O0521,P003,4,0
OD01627,O0522,P015,2,15
OD01628,O0522,P047,4,20
OD01629,O0522,P008,3,0
OD01630,O0523,P022,3,15
OD01631,O0523,P042,3,15
OD01632,O0523,P034,1,20
OD01633,O0523,P015,3,20
OD01634,O0524,P050,4,0
OD01635,O0524,P048,4,15
OD01636,O0524,P017,4,10
OD01637,O0524,P008,1,10
OD01638,O0525,P047,1,15
OD01639,O0525,P019,1,0
OD01640,O0525,P028,5,15
OD01641,O0525,P033,4,10
OD01642,O0525,P041,1,10
OD01643,O0526,P038,4,15
OD01644,O0526,P040,5,20
OD01645,O0526,P045,1,15
OD01646,O0527,P024,1,15
OD01647,O0527,P027,5,0
OD01648,O0527,P040,1,20
OD01649,O0528,P005,1,20
OD01650,O0528,P019,3,10
OD01651,O0528,P031,4,15
OD01652,O0529,P029,2,5
OD01653,O0529,P049,1,20
OD01654,O0529,P017,4,15
OD01655,O0530,P017,3,15
OD01656,O0530,P048,3,15
OD01657,O0530,P042,3,0
OD01658,O0530,P049,3,0
OD01659,O0531,P018,3,0
OD01660,O0531,P024,2,0
OD01661,O0532,P024,1,15
OD01662,O0532,P040,3,20
OD01663,O0532,P006,3,20
OD01664,O0533,P044,1,10
OD01665,O0533,P040,2,10
OD01666,O0533,P033,5,10
OD01667,O0534,P025,3,15
OD01668,O0534,P012,5,20
OD01669,O0534,P040,4,5
OD01670,O0535,P030,1,0
OD01671,O0535,P010,4,0
OD01672,O0536,P020,4,10
OD01673,O0537,P012,3,10
OD01674,O0537,P007,4,5
OD01675,O0537,P002,2,0
OD01676,O0538,P034,2,20
OD01677,O0538,P022,3,10
OD01678,O0538,P043,2,10
OD01679,O0538,P006,5,15
OD01680,O0539,P031,5,0
OD01681,O0539,P049,3,5
OD01682,O0540,P034,5,15
OD01683,O0541,P047,4,0
OD01684,O0542,P002,4,15
OD01685,O0543,P032,2,0
OD01686,O0543,P015,4,5
OD01687,O0543,P045,3,15
OD01688,O0544,P006,1,0
OD01689,O0544,P004,4,0
OD01690,O0544,P022,4,10
OD01691,O0544,P048,1,5
OD01692,O0544,P045,4,0
OD01693,O0545,P030,2,5
OD01694,O0546,P039,5,5
OD01695,O0546,P049,2,10
OD01696,O0547,P002,2,5
OD01697,O0547,P004,3,15
OD01698,O0547,P040,5,0
OD01699,O0547,P003,3,15
OD01700,O0548,P043,3,0
OD01701,O0548,P011,1,5
OD01702,O0548,P002,2,10
OD01703,O0548,P041,4,5
OD01704,O0548,P003,3,15
OD01705,O0549,P041,3,15
OD01706,O0549,P026,4,5
OD01707,O0549,P046,4,15
OD01708,O0549,P047,1,5
OD01709,O0550,P041,5,5
OD01710,O0550,P038,2,10
OD01711,O0550,P005,1,20
OD01712,O0550,P040,5,20
OD01713,O0551,P025,4,15
OD01714,O0551,P003,3,20
OD01715,O0552,P038,5,0
OD01716,O0553,P027,5,15
OD01717,O0554,P012,2,5
OD01718,O0554,P031,2,15
OD01719,O0554,P034,4,5
OD01720,O0555,P024,4,5
OD01721,O0555,P038,2,15
OD01722,O0556,P050,4,5
OD01723,O0556,P013,5,15
OD01724,O0556,P004,4,0
OD01725,O0556,P009,2,15
OD01726,O0556,P038,1,15
OD01727,O0557,P028,1,10
OD01728,O0557,P018,4,0
OD01729,O0557,P014,4,5
OD01730,O0557,P045,4,20
OD01731,O0557,P035,2,5
OD01732,O0558,P039,2,15
OD01733,O0558,P009,3,15
OD01734,O0558,P006,5,20
OD01735,O0559,P032,5,20
OD01736,O0559,P044,3,10
OD01737,O0559,P006,5,10
OD01738,O0560,P043,2,20
OD01739,O0560,P020,4,10
OD01740,O0560,P007,1,10
OD01741,O0560,P001,3,15
OD01742,O0561,P024,4,0
OD01743,O0561,P019,1,5
OD01744,O0562,P030,3,15
OD01745,O0562,P019,5,20
OD01746,O0562,P038,2,15
OD01747,O0563,P006,5,5
OD01748,O0563,P034,2,20
OD01749,O0563,P046,4,0
OD01750,O0563,P015,3,0
OD01751,O0564,P025,1,10
OD01752,O0564,P009,1,10
OD01753,O0564,P037,5,0
OD01754,O0565,P001,3,10
OD01755,O0565,P023,1,0
OD01756,O0565,P013,5,5
OD01757,O0565,P029,5,15
OD01758,O0566,P042,4,15
OD01759,O0566,P004,5,0
OD01760,O0567,P034,5,5
OD01761,O0567,P010,3,10
OD01762,O0568,P007,2,0
OD01763,O0568,P042,4,15
OD01764,O0568,P025,1,10
OD01765,O0569,P031,1,0
OD01766,O0569,P037,5,0
OD01767,O0569,P019,3,15
OD01768,O0570,P050,5,10
OD01769,O0570,P015,3,15
OD01770,O0570,P025,5,5
OD01771,O0571,P043,1,20
OD01772,O0571,P013,3,15
OD01773,O0571,P009,5,0
OD01774,O0571,P025,3,0
OD01775,O0571,P037,3,5
OD01776,O0572,P021,4,20
OD01777,O0573,P007,3,0
OD01778,O0574,P006,4,20
OD01779,O0574,P050,2,10
OD01780,O0574,P009,2,5
OD01781,O0574,P019,2,5
OD01782,O0574,P025,4,0
OD01783,O0575,P045,2,10
OD01784,O0575,P048,5,15
OD01785,O0575,P021,3,10
OD01786,O0575,P038,2,10
OD01787,O0575,P047,1,10
OD01788,O0576,P036,1,5
OD01789,O0577,P005,2,5
OD01790,O0578,P048,4,10
OD01791,O0579,P026,3,10
OD01792,O0579,P010,1,5
OD01793,O0579,P005,1,20
OD01794,O0579,P015,4,5
OD01795,O0579,P048,5,5
OD01796,O0580,P020,3,0
OD01797,O0581,P045,5,5
OD01798,O0581,P001,5,15
OD01799,O0582,P023,3,5
OD01800,O0582,P010,2,0
OD01801,O0582,P041,5,0
OD01802,O0582,P013,1,15
OD01803,O0583,P045,1,10
OD01804,O0584,P045,5,0
OD01805,O0584,P044,1,0
OD01806,O0584,P025,5,5
OD01807,O0585,P005,2,0
OD01808,O0585,P031,3,15
OD01809,O0585,P010,4,0
OD01810,O0586,P038,1,0
OD01811,O0586,P041,5,15
OD01812,O0586,P039,4,20
OD01813,O0586,P047,5,0
OD01814,O0587,P028,1,5
OD01815,O0587,P042,1,0
OD01816,O0587,P046,1,5
OD01817,O0588,P010,3,0
OD01818,O0588,P020,3,20
OD01819,O0588,P023,4,15
OD01820,O0588,P028,2,20
OD01821,O0588,P032,4,0
OD01822,O0589,P049,5,0
OD01823,O0589,P032,3,15
OD01824,O0589,P011,1,10
OD01825,O0589,P010,2,15
OD01826,O0589,P006,2,0
OD01827,O0590,P014,3,5
OD01828,O0590,P042,2,0
OD01829,O0590,P034,5,15
OD01830,O0590,P003,5,20
OD01831,O0591,P049,5,15
OD01832,O0591,P006,2,10
OD01833,O0591,P016,3,10
OD01834,O0591,P037,5,5
OD01835,O0592,P003,2,0
OD01836,O0592,P013,4,10
OD01837,O0593,P009,1,15
OD01838,O0593,P001,4,15
OD01839,O0593,P019,5,5
OD01840,O0593,P035,5,15
OD01841,O0594,P016,2,0
OD01842,O0595,P017,3,5
OD01843,O0595,P027,4,10
OD01844,O0595,P032,5,20
OD01845,O0596,P004,4,0
OD01846,O0596,P013,3,5
OD01847,O0596,P047,2,20
OD01848,O0597,P007,2,15
OD01849,O0597,P041,5,15
OD01850,O0598,P030,3,0
OD01851,O0598,P022,3,20
OD01852,O0598,P042,1,5
OD01853,O0598,P041,3,10
OD01854,O0598,P026,3,5
OD01855,O0599,P005,4,20
OD01856,O0600,P018,2,0
OD01857,O0601,P011,2,15
OD01858,O0601,P041,2,0
OD01859,O0601,P028,2,10
OD01860,O0602,P038,4,5
OD01861,O0602,P035,4,5
OD01862,O0602,P016,2,20
OD01863,O0602,P025,1,0
OD01864,O0603,P035,3,15
OD01865,O0603,P042,4,5
OD01866,O0603,P017,5,10
OD01867,O0603,P005,1,5
OD01868,O0604,P019,3,10
OD01869,O0604,P003,4,0
OD01870,O0604,P029,1,0
OD01871,O0604,P023,2,15
OD01872,O0605,P003,5,10
OD01873,O0605,P010,4,15
OD01874,O0606,P012,4,20
OD01875,O0606,P005,3,20
OD01876,O0606,P042,1,15
OD01877,O0606,P029,2,15
OD01878,O0607,P040,1,0
OD01879,O0607,P026,1,5
OD01880,O0607,P013,4,0
OD01881,O0607,P005,5,10
OD01882,O0607,P016,1,10
OD01883,O0608,P027,5,15
OD01884,O0608,P002,3,15
OD01885,O0608,P001,1,20
OD01886,O0608,P010,1,10
OD01887,O0608,P029,3,10
OD01888,O0609,P044,2,15
OD01889,O0609,P012,2,5
OD01890,O0609,P034,5,15
OD01891,O0609,P009,1,15
OD01892,O0610,P040,4,5
OD01893,O0610,P033,5,0
OD01894,O0610,P005,4,0
OD01895,O0610,P046,4,10
OD01896,O0610,P041,5,15
OD01897,O0611,P034,2,15
OD01898,O0611,P043,2,5
OD01899,O0611,P011,2,0
OD01900,O0612,P043,3,10
OD01901,O0612,P004,1,10
OD01902,O0613,P027,2,20
OD01903,O0613,P036,5,5
OD01904,O0614,P017,5,15
OD01905,O0614,P015,4,15
OD01906,O0614,P042,5,10
OD01907,O0615,P040,1,15
OD01908,O0615,P009,1,10
OD01909,O0616,P005,4,15
OD01910,O0616,P003,4,0
OD01911,O0616,P024,3,15
OD01912,O0616,P009,2,10
OD01913,O0617,P024,5,20
OD01914,O0617,P036,1,10
OD01915,O0617,P046,1,15
OD01916,O0617,P045,1,20
OD01917,O0617,P042,2,5
OD01918,O0618,P040,5,10
OD01919,O0618,P022,2,5
OD01920,O0618,P027,4,10
OD01921,O0618,P031,5,10
OD01922,O0618,P033,3,10
OD01923,O0619,P032,3,20
OD01924,O0619,P010,1,15
OD01925,O0619,P035,5,15
OD01926,O0619,P012,1,10
OD01927,O0620,P018,4,20
OD01928,O0620,P049,3,15
OD01929,O0620,P007,4,5
OD01930,O0620,P002,5,15
OD01931,O0620,P040,2,5
OD01932,O0621,P046,2,20
OD01933,O0621,P015,3,15
OD01934,O0621,P012,5,20
OD01935,O0621,P035,1,10
OD01936,O0622,P040,4,15
OD01937,O0622,P013,5,10
OD01938,O0622,P037,3,0
OD01939,O0623,P004,1,5
OD01940,O0623,P024,2,0
OD01941,O0624,P039,1,10
OD01942,O0624,P034,1,0
OD01943,O0624,P002,5,20
OD01944,O0625,P042,3,20
OD01945,O0625,P040,1,0
OD01946,O0625,P032,5,5
OD01947,O0625,P050,5,0
OD01948,O0626,P012,2,0
OD01949,O0626,P029,4,0
OD01950,O0627,P002,5,5
OD01951,O0627,P021,1,15
OD01952,O0627,P006,4,20
OD01953,O0628,P044,1,10
OD01954,O0628,P024,5,5
OD01955,O0628,P020,3,0
OD01956,O0629,P005,2,20
OD01957,O0629,P013,1,5
OD01958,O0630,P031,5,20
OD01959,O0630,P017,5,5
OD01960,O0630,P008,3,5
OD01961,O0630,P007,4,10
OD01962,O0631,P011,4,5
OD01963,O0631,P047,1,0
OD01964,O0632,P001,4,20
OD01965,O0632,P023,2,15
OD01966,O0632,P019,5,10
OD01967,O0632,P008,1,20
OD01968,O0632,P045,2,20
OD01969,O0633,P020,2,10
OD01970,O0633,P026,2,10
OD01971,O0633,P007,3,15
OD01972,O0633,P024,1,0
OD01973,O0633,P028,1,5
OD01974,O0634,P035,3,10
OD01975,O0634,P027,3,15
OD01976,O0635,P022,1,0
OD01977,O0635,P026,3,0
OD01978,O0635,P015,1,5
OD01979,O0636,P009,4,15
OD01980,O0636,P001,4,0
OD01981,O0636,P006,5,15
OD01982,O0637,P018,4,15
OD01983,O0637,P036,5,0
OD01984,O0637,P008,4,15
OD01985,O0637,P025,5,20
OD01986,O0638,P008,4,10
OD01987,O0638,P048,5,5
OD01988,O0639,P010,4,10
OD01989,O0639,P012,5,0
OD01990,O0639,P050,2,5
OD01991,O0639,P022,2,20
OD01992,O0639,P045,2,0
OD01993,O0640,P018,2,10
OD01994,O0641,P038,3,20
OD01995,O0642,P045,1,10
OD01996,O0642,P016,5,0
OD01997,O0642,P041,4,20
OD01998,O0642,P018,4,15
OD01999,O0643,P008,1,20
OD02000,O0644,P043,5,5
OD02001,O0644,P034,5,5
OD02002,O0644,P038,1,0
OD02003,O0645,P009,5,15
OD02004,O0645,P033,2,10
OD02005,O0645,P038,5,15
OD02006,O0645,P036,5,0
OD02007,O0646,P036,3,10
OD02008,O0647,P046,2,0
OD02009,O0647,P013,4,0
OD02010,O0647,P027,3,0
OD02011,O0647,P049,1,5
OD02012,O0648,P030,1,20
OD02013,O0649,P003,1,20
OD02014,O0649,P008,1,0
OD02015,O0649,P035,5,15
OD02016,O0650,P048,1,10
OD02017,O0650,P042,5,15
OD02018,O0650,P026,3,20
OD02019,O0650,P043,2,0
OD02020,O0650,P041,2,15
OD02021,O0651,P035,4,5
OD02022,O0651,P041,4,0
OD02023,O0651,P025,2,15
OD02024,O0651,P029,4,20
OD02025,O0651,P046,1,5
OD02026,O0652,P035,1,15
OD02027,O0653,P024,3,15
OD02028,O0654,P008,5,0
OD02029,O0654,P006,2,0
OD02030,O0654,P012,1,20
OD02031,O0655,P037,4,15
OD02032,O0655,P047,2,10
OD02033,O0655,P027,4,15
OD02034,O0655,P002,1,0
OD02035,O0656,P018,2,5
OD02036,O0656,P046,3,5
OD02037,O0656,P003,5,5
OD02038,O0656,P004,5,5
OD02039,O0657,P029,2,0
OD02040,O0657,P034,4,10
OD02041,O0657,P006,5,20
OD02042,O0658,P015,5,5
OD02043,O0659,P011,4,0
OD02044,O0660,P013,1,10
OD02045,O0660,P002,5,5
OD02046,O0660,P010,4,20
OD02047,O0660,P015,2,10
OD02048,O0661,P001,4,20
OD02049,O0661,P016,1,20
OD02050,O0661,P007,3,20
OD02051,O0661,P047,4,0
OD02052,O0661,P031,2,5
OD02053,O0662,P033,3,0
OD02054,O0662,P049,5,20
OD02055,O0662,P019,5,5
OD02056,O0663,P016,2,0
OD02057,O0663,P040,2,20
OD02058,O0663,P039,1,10
OD02059,O0663,P047,3,10
OD02060,O0664,P006,1,10
OD02061,O0664,P002,3,0
OD02062,O0664,P003,4,5
OD02063,O0665,P016,5,5
OD02064,O0665,P010,1,20
OD02065,O0665,P031,4,15
OD02066,O0666,P041,3,10
OD02067,O0666,P036,3,15
OD02068,O0666,P027,3,15
OD02069,O0666,P024,5,5
OD02070,O0667,P006,3,0
OD02071,O0667,P035,2,5
OD02072,O0667,P014,4,10
OD02073,O0667,P042,3,5
OD02074,O0668,P021,5,0
OD02075,O0668,P035,3,10
OD02076,O0668,P043,2,20
OD02077,O0668,P019,5,10
OD02078,O0669,P003,2,10
OD02079,O0669,P006,1,20
OD02080,O0669,P028,2,20
OD02081,O0669,P033,1,10
OD02082,O0670,P048,2,15
OD02083,O0670,P040,2,0
OD02084,O0670,P009,4,10
OD02085,O0670,P045,5,5
OD02086,O0670,P023,1,20
OD02087,O0671,P021,5,15
OD02088,O0672,P029,3,15
OD02089,O0673,P017,2,15
OD02090,O0674,P027,2,0
OD02091,O0674,P022,2,20
OD02092,O0674,P048,4,15
OD02093,O0674,P020,4,15
OD02094,O0675,P019,1,0
OD02095,O0676,P037,5,0
OD02096,O0676,P018,5,0
OD02097,O0676,P021,3,15
OD02098,O0676,P038,2,0
OD02099,O0677,P032,4,10
OD02100,O0677,P025,4,15
OD02101,O0677,P020,2,0
OD02102,O0677,P037,2,5
OD02103,O0678,P044,2,5
OD02104,O0678,P017,4,0
OD02105,O0678,P046,5,15
OD02106,O0679,P046,5,10
OD02107,O0679,P036,3,20
OD02108,O0679,P041,5,20
OD02109,O0680,P024,2,20
OD02110,O0680,P037,5,10
OD02111,O0680,P005,2,15
OD02112,O0680,P049,4,5
OD02113,O0680,P028,1,20
OD02114,O0681,P002,5,10
OD02115,O0682,P046,5,0
OD02116,O0682,P017,5,5
OD02117,O0683,P040,5,10
OD02118,O0683,P008,5,0
OD02119,O0683,P012,2,5
OD02120,O0683,P030,5,10
OD02121,O0684,P037,4,15
OD02122,O0684,P033,5,0
OD02123,O0684,P005,5,10
OD02124,O0684,P038,2,5
OD02125,O0685,P038,3,10
OD02126,O0686,P009,2,0
OD02127,O0686,P013,4,10
OD02128,O0687,P045,5,10
OD02129,O0688,P035,5,0
OD02130,O0688,P026,2,0
OD02131,O0688,P023,4,10
OD02132,O0688,P002,1,0
OD02133,O0688,P033,3,20
OD02134,O0689,P038,4,0
OD02135,O0689,P013,1,20
OD02136,O0689,P040,1,15
OD02137,O0690,P009,4,5
OD02138,O0690,P011,2,5
OD02139,O0691,P016,5,5
OD02140,O0692,P006,5,5
OD02141,O0693,P050,4,5
OD02142,O0693,P030,1,20
OD02143,O0693,P037,5,0
OD02144,O0693,P032,4,0
OD02145,O0693,P015,3,20
OD02146,O0694,P002,4,5
OD02147,O0694,P049,1,15
OD02148,O0695,P044,5,0
OD02149,O0695,P014,1,15
OD02150,O0695,P008,3,5
OD02151,O0695,P019,4,5
OD02152,O0696,P023,4,15
OD02153,O0696,P015,1,20
OD02154,O0696,P003,4,5
OD02155,O0696,P008,4,10
OD02156,O0696,P036,5,5
OD02157,O0697,P016,2,20
OD02158,O0698,P002,3,0
OD02159,O0698,P010,3,10
OD02160,O0698,P034,2,5
OD02161,O0699,P019,4,15
OD02162,O0700,P048,3,5
OD02163,O0701,P015,5,0
OD02164,O0701,P004,3,10
OD02165,O0702,P028,2,20
OD02166,O0702,P019,2,20
OD02167,O0703,P032,4,20
OD02168,O0703,P035,4,10
OD02169,O0703,P016,2,0
OD02170,O0703,P017,5,0
OD02171,O0704,P026,2,15
OD02172,O0705,P032,4,5
OD02173,O0705,P028,4,10
OD02174,O0705,P027,4,15
OD02175,O0705,P041,2,5
OD02176,O0706,P032,1,10
OD02177,O0706,P028,3,15
OD02178,O0706,P048,2,10
OD02179,O0707,P036,2,15
OD02180,O0707,P024,2,10
OD02181,O0707,P047,4,10
OD02182,O0707,P034,2,10
OD02183,O0708,P043,5,5
OD02184,O0708,P049,2,15
OD02185,O0708,P038,5,20
OD02186,O0708,P014,5,0
OD02187,O0708,P021,1,10
OD02188,O0709,P033,3,10
OD02189,O0709,P003,4,5
OD02190,O0709,P040,1,0
OD02191,O0709,P002,4,15
OD02192,O0709,P047,2,10
OD02193,O0710,P048,5,20
OD02194,O0710,P024,1,10
OD02195,O0710,P016,4,0
OD02196,O0710,P031,3,5
OD02197,O0711,P002,5,0
OD02198,O0711,P029,4,20
OD02199,O0711,P043,5,15
OD02200,O0711,P021,4,15
OD02201,O0711,P011,2,5
OD02202,O0712,P050,5,0
OD02203,O0712,P009,5,5
OD02204,O0712,P046,3,15
OD02205,O0712,P007,2,0
OD02206,O0712,P037,4,20
OD02207,O0713,P016,2,5
OD02208,O0713,P030,5,5
OD02209,O0713,P001,2,5
OD02210,O0714,P045,3,10
OD02211,O0714,P016,1,5
OD02212,O0714,P035,2,5
OD02213,O0714,P043,3,0
OD02214,O0715,P013,5,0
OD02215,O0715,P037,3,0
OD02216,O0715,P028,3,15
OD02217,O0715,P022,4,5
OD02218,O0716,P012,2,10
OD02219,O0716,P015,4,15
OD02220,O0716,P047,2,0
OD02221,O0716,P014,2,15
OD02222,O0717,P050,1,0
OD02223,O0717,P049,3,10
OD02224,O0718,P044,1,5
OD02225,O0718,P005,4,10
OD02226,O0718,P025,2,10
OD02227,O0718,P024,1,0
OD02228,O0718,P048,4,10
OD02229,O0719,P036,3,5
OD02230,O0719,P040,4,0
OD02231,O0719,P020,4,0
OD02232,O0719,P027,2,0
OD02233,O0719,P017,4,15
OD02234,O0720,P019,3,5
OD02235,O0720,P048,5,10
OD02236,O0720,P011,1,10
OD02237,O0720,P043,3,20
OD02238,O0721,P031,2,10
OD02239,O0721,P033,5,0
OD02240,O0722,P015,4,20
OD02241,O0722,P042,4,5
OD02242,O0722,P037,1,0
OD02243,O0722,P038,5,0
OD02244,O0723,P007,1,0
OD02245,O0723,P018,2,0
OD02246,O0724,P010,5,20
OD02247,O0725,P036,2,0
OD02248,O0726,P022,4,0
OD02249,O0727,P018,1,10
OD02250,O0727,P049,5,10
OD02251,O0727,P028,4,15
OD02252,O0727,P039,3,5
OD02253,O0728,P024,4,5
OD02254,O0728,P018,2,10
OD02255,O0728,P006,1,0
OD02256,O0728,P035,3,0
OD02257,O0728,P042,5,10
OD02258,O0729,P032,3,0
OD02259,O0729,P015,1,5
OD02260,O0729,P036,1,0
OD02261,O0730,P022,5,20
OD02262,O0731,P013,3,0
OD02263,O0731,P040,2,5
OD02264,O0732,P035,2,5
OD02265,O0732,P027,1,15
OD02266,O0733,P042,1,0
OD02267,O0733,P023,2,0
OD02268,O0733,P034,5,10
OD02269,O0733,P014,2,10
OD02270,O0734,P023,5,10
OD02271,O0734,P009,2,10
OD02272,O0734,P001,5,20
OD02273,O0734,P047,5,0
OD02274,O0734,P049,3,20
OD02275,O0735,P040,2,20
OD02276,O0735,P011,1,0
OD02277,O0735,P007,2,5
OD02278,O0735,P006,1,20
OD02279,O0735,P023,3,10
OD02280,O0736,P009,5,0
OD02281,O0736,P029,5,10
OD02282,O0736,P044,4,20
OD02283,O0736,P032,3,0
OD02284,O0736,P034,1,0
OD02285,O0737,P010,2,20
OD02286,O0737,P039,1,5
OD02287,O0737,P034,2,5
OD02288,O0737,P041,2,10
OD02289,O0737,P021,5,0
OD02290,O0738,P027,2,5
OD02291,O0738,P003,4,20
OD02292,O0738,P046,5,15
OD02293,O0738,P022,1,5
OD02294,O0738,P028,1,20
OD02295,O0739,P042,3,5
OD02296,O0740,P029,4,10
OD02297,O0740,P045,2,20
OD02298,O0741,P014,1,5
OD02299,O0741,P018,2,0
OD02300,O0742,P030,2,5
OD02301,O0742,P017,1,0
OD02302,O0742,P008,4,20
OD02303,O0742,P031,2,0
OD02304,O0742,P032,4,20
OD02305,O0743,P026,2,5
OD02306,O0743,P002,5,20
OD02307,O0744,P021,2,10
OD02308,O0744,P044,1,20
OD02309,O0744,P045,2,0
OD02310,O0744,P001,2,5
OD02311,O0744,P017,5,5
OD02312,O0745,P033,4,5
OD02313,O0746,P012,3,20
OD02314,O0747,P008,5,15
OD02315,O0747,P017,1,15
OD02316,O0747,P009,2,20
OD02317,O0747,P048,4,0
OD02318,O0748,P019,3,20
OD02319,O0748,P045,3,15
OD02320,O0748,P016,4,5
OD02321,O0749,P012,1,15
OD02322,O0749,P008,1,10
OD02323,O0749,P007,1,0
OD02324,O0749,P001,1,5
OD02325,O0750,P033,2,0
OD02326,O0750,P040,3,20
OD02327,O0750,P047,1,5
OD02328,O0751,P007,4,20
OD02329,O0751,P018,5,15
OD02330,O0751,P013,3,5
OD02331,O0752,P018,1,20
OD02332,O0752,P019,3,20
OD02333,O0753,P025,5,10
OD02334,O0754,P040,4,20
OD02335,O0754,P043,5,20
OD02336,O0754,P021,5,15
OD02337,O0754,P047,5,10
OD02338,O0754,P013,3,5
OD02339,O0755,P032,5,0
OD02340,O0756,P041,3,15
OD02341,O0756,P046,3,0
OD02342,O0756,P032,1,10
OD02343,O0756,P017,4,10
OD02344,O0756,P020,4,20
OD02345,O0757,P027,1,5
OD02346,O0757,P030,1,15
OD02347,O0758,P025,2,0
OD02348,O0759,P020,5,15
OD02349,O0759,P006,5,20
OD02350,O0760,P045,2,5
OD02351,O0760,P032,4,5
OD02352,O0761,P002,3,0
OD02353,O0761,P012,1,10
OD02354,O0761,P049,3,10
OD02355,O0761,P005,1,20
OD02356,O0761,P042,2,20
OD02357,O0762,P037,3,10
OD02358,O0762,P019,5,15
OD02359,O0762,P002,1,0
OD02360,O0762,P040,3,5
OD02361,O0762,P026,2,10
OD02362,O0763,P009,1,20
OD02363,O0763,P011,4,20
OD02364,O0764,P009,3,0
OD02365,O0764,P038,2,15
OD02366,O0764,P041,1,10
OD02367,O0764,P035,3,20
OD02368,O0764,P021,2,5
OD02369,O0765,P032,4,0
OD02370,O0766,P045,1,10
OD02371,O0766,P007,5,10
OD02372,O0766,P006,5,10
OD02373,O0766,P026,3,5
OD02374,O0766,P014,2,15
OD02375,O0767,P046,3,0
OD02376,O0768,P007,5,20
OD02377,O0769,P042,3,15
OD02378,O0769,P043,4,5
OD02379,O0769,P044,1,10
OD02380,O0769,P025,4,5
OD02381,O0769,P029,3,15
OD02382,O0770,P017,5,20
OD02383,O0770,P049,3,15
OD02384,O0771,P030,2,0
OD02385,O0772,P018,3,5
OD02386,O0773,P022,3,5
OD02387,O0773,P043,1,10
OD02388,O0774,P040,3,15
OD02389,O0774,P025,1,10
OD02390,O0774,P045,2,5
OD02391,O0774,P016,4,10
OD02392,O0774,P007,3,10
OD02393,O0775,P040,5,15
OD02394,O0775,P045,1,0
OD02395,O0775,P044,5,5
OD02396,O0775,P025,5,0
OD02397,O0775,P034,2,5
OD02398,O0776,P003,1,20
OD02399,O0776,P036,5,10
OD02400,O0777,P024,5,0
OD02401,O0778,P033,1,10
OD02402,O0779,P012,1,10
OD02403,O0780,P016,3,5
OD02404,O0780,P030,3,0
OD02405,O0781,P046,1,5
OD02406,O0781,P031,5,0
OD02407,O0781,P032,5,15
OD02408,O0782,P001,1,5
OD02409,O0782,P020,5,5
OD02410,O0783,P034,2,15
OD02411,O0784,P041,1,20
OD02412,O0784,P036,1,20
OD02413,O0785,P025,3,10
OD02414,O0785,P003,1,10
OD02415,O0785,P016,2,20
OD02416,O0786,P013,4,5
OD02417,O0786,P016,5,5
OD02418,O0786,P041,3,10
OD02419,O0786,P048,4,5
OD02420,O0786,P027,2,20
OD02421,O0787,P041,2,10
OD02422,O0787,P022,2,5
OD02423,O0787,P040,4,20
OD02424,O0787,P004,5,10
OD02425,O0788,P006,4,0
OD02426,O0788,P007,4,5
OD02427,O0789,P012,1,10
OD02428,O0789,P022,4,10
OD02429,O0789,P046,4,15
OD02430,O0789,P033,2,20
OD02431,O0789,P050,4,5
OD02432,O0790,P013,4,10
OD02433,O0791,P041,2,15
OD02434,O0791,P029,2,10
OD02435,O0791,P011,5,10
OD02436,O0791,P032,2,15
OD02437,O0791,P017,3,0
OD02438,O0792,P027,1,15
OD02439,O0792,P030,3,20
OD02440,O0792,P050,5,5
OD02441,O0793,P028,5,20
OD02442,O0793,P039,5,20
OD02443,O0794,P032,5,10
OD02444,O0794,P012,5,20
OD02445,O0794,P022,2,15
OD02446,O0794,P015,5,15
OD02447,O0795,P019,5,5
OD02448,O0796,P001,3,0
OD02449,O0796,P040,3,15
OD02450,O0796,P007,5,20
OD02451,O0796,P036,1,10
OD02452,O0797,P019,4,15
OD02453,O0797,P012,3,0
OD02454,O0797,P002,4,5
OD02455,O0797,P001,1,20
OD02456,O0797,P024,5,5
OD02457,O0798,P023,2,5
OD02458,O0798,P036,3,10
OD02459,O0798,P002,2,15
OD02460,O0798,P025,4,20
OD02461,O0799,P046,5,15
OD02462,O0800,P045,5,10
OD02463,O0801,P037,1,15
OD02464,O0801,P042,2,20
OD02465,O0801,P013,2,20
OD02466,O0802,P045,2,20
OD02467,O0802,P011,4,5
OD02468,O0802,P010,3,10
OD02469,O0802,P047,1,20
OD02470,O0803,P040,4,20
OD02471,O0803,P039,5,5
OD02472,O0803,P021,3,0
OD02473,O0804,P016,2,5
OD02474,O0805,P004,5,20
OD02475,O0805,P002,2,10
OD02476,O0805,P021,2,20
OD02477,O0806,P036,2,10
OD02478,O0806,P045,1,5
OD02479,O0806,P024,2,10
OD02480,O0806,P031,5,5
OD02481,O0807,P006,1,20
OD02482,O0808,P030,1,15
OD02483,O0809,P044,4,0
OD02484,O0809,P016,4,5
OD02485,O0810,P010,4,0
OD02486,O0810,P033,2,0
OD02487,O0811,P020,4,15
OD02488,O0811,P014,5,0
OD02489,O0811,P002,5,20
OD02490,O0812,P034,1,0
OD02491,O0813,P027,2,20
OD02492,O0814,P012,4,0
OD02493,O0814,P047,2,5
OD02494,O0814,P025,4,20
OD02495,O0814,P048,1,15
OD02496,O0815,P046,4,5
OD02497,O0815,P030,3,15
OD02498,O0816,P049,1,0
OD02499,O0816,P006,5,15
OD02500,O0816,P042,1,10
OD02501,O0817,P045,3,5
OD02502,O0817,P027,1,0
OD02503,O0817,P040,3,5
OD02504,O0817,P036,3,15
OD02505,O0818,P009,4,10
OD02506,O0818,P039,2,10
OD02507,O0818,P013,2,0
OD02508,O0819,P004,3,5
OD02509,O0820,P029,1,5
OD02510,O0820,P034,5,20
OD02511,O0820,P009,1,5
OD02512,O0820,P036,3,0
OD02513,O0820,P030,3,5
OD02514,O0821,P021,3,0
OD02515,O0821,P042,4,10
OD02516,O0821,P039,3,15
OD02517,O0821,P024,2,0
OD02518,O0821,P010,4,0
OD02519,O0822,P024,3,20
OD02520,O0823,P013,1,5
OD02521,O0823,P048,1,20
OD02522,O0823,P019,4,20
OD02523,O0824,P009,4,15
OD02524,O0824,P001,3,5
OD02525,O0825,P025,2,10
OD02526,O0825,P008,1,20
OD02527,O0825,P023,1,15
OD02528,O0825,P038,2,10
OD02529,O0826,P033,5,5
OD02530,O0827,P033,1,10
OD02531,O0827,P036,2,15
OD02532,O0827,P026,2,10
OD02533,O0827,P029,1,5
OD02534,O0827,P030,3,15
OD02535,O0828,P050,3,10
OD02536,O0828,P046,3,15
OD02537,O0829,P048,3,20
OD02538,O0829,P050,4,20
OD02539,O0829,P037,3,0
OD02540,O0829,P026,2,0
OD02541,O0830,P022,1,20
OD02542,O0831,P027,1,5
OD02543,O0831,P026,1,20
OD02544,O0831,P014,2,20
OD02545,O0831,P008,2,20
OD02546,O0832,P048,5,10
OD02547,O0832,P034,3,0
OD02548,O0832,P029,5,5
OD02549,O0832,P041,1,15
OD02550,O0832,P024,4,10
OD02551,O0833,P049,2,20
OD02552,O0833,P038,1,15
OD02553,O0833,P013,2,20
OD02554,O0834,P038,1,15
OD02555,O0834,P002,5,20
OD02556,O0834,P005,4,0
OD02557,O0834,P004,1,15
OD02558,O0835,P003,4,15
OD02559,O0836,P029,5,0
OD02560,O0837,P005,4,10
OD02561,O0837,P020,5,0
OD02562,O0837,P042,5,10
OD02563,O0837,P004,1,5
OD02564,O0838,P017,4,0
OD02565,O0838,P003,1,15
OD02566,O0838,P001,4,5
OD02567,O0838,P032,4,0
OD02568,O0839,P028,5,0
OD02569,O0839,P040,3,10
OD02570,O0840,P009,2,5
OD02571,O0841,P035,2,15
OD02572,O0841,P045,4,10
OD02573,O0842,P012,5,20
OD02574,O0842,P044,2,0
OD02575,O0843,P037,1,15
OD02576,O0843,P030,4,10
OD02577,O0843,P028,1,10
OD02578,O0844,P034,4,5
OD02579,O0844,P049,4,15
OD02580,O0844,P046,4,15
OD02581,O0844,P010,4,10
OD02582,O0845,P023,3,5
OD02583,O0845,P041,5,10
OD02584,O0846,P044,4,0
OD02585,O0846,P046,2,20
OD02586,O0846,P024,4,0
OD02587,O0846,P038,5,15
OD02588,O0846,P048,2,15
OD02589,O0847,P023,4,5
OD02590,O0847,P050,2,5
OD02591,O0847,P036,2,0
OD02592,O0847,P010,3,5
OD02593,O0848,P022,5,20
OD02594,O0848,P034,2,10
OD02595,O0848,P016,4,5
OD02596,O0849,P045,2,15
OD02597,O0849,P034,3,5
OD02598,O0849,P043,4,0
OD02599,O0849,P050,3,5
OD02600,O0850,P031,4,15
OD02601,O0850,P050,3,10
OD02602,O0850,P037,1,20
OD02603,O0851,P012,5,0
OD02604,O0851,P034,5,15
OD02605,O0851,P041,1,15
OD02606,O0851,P018,2,10
OD02607,O0851,P026,3,5
OD02608,O0852,P037,2,5
OD02609,O0852,P020,5,0
OD02610,O0852,P035,5,5
OD02611,O0852,P042,1,0
OD02612,O0852,P007,3,10
OD02613,O0853,P014,1,15
OD02614,O0853,P016,3,15
OD02615,O0854,P001,5,20
OD02616,O0854,P024,5,10
OD02617,O0854,P017,5,15
OD02618,O0854,P050,4,20
OD02619,O0854,P019,5,5
OD02620,O0855,P007,4,10
OD02621,O0855,P001,1,20
OD02622,O0855,P032,1,20
OD02623,O0855,P049,4,10
OD02624,O0856,P030,2,0
OD02625,O0856,P011,2,15
OD02626,O0857,P018,4,15
OD02627,O0857,P014,1,10
OD02628,O0857,P006,3,5
OD02629,O0858,P004,1,0
OD02630,O0858,P022,2,20
OD02631,O0858,P040,2,10
OD02632,O0858,P045,5,10
OD02633,O0859,P018,3,10
OD02634,O0859,P046,1,15
OD02635,O0859,P004,2,5
OD02636,O0860,P045,4,15
OD02637,O0860,P013,3,15
OD02638,O0860,P028,2,0
OD02639,O0860,P007,3,10
OD02640,O0861,P004,1,20
OD02641,O0862,P012,3,20
OD02642,O0862,P016,3,15
OD02643,O0862,P033,5,20
OD02644,O0863,P042,3,20
OD02645,O0863,P015,5,5
OD02646,O0863,P038,2,0
OD02647,O0863,P021,4,15
OD02648,O0864,P023,4,0
OD02649,O0865,P029,1,10
OD02650,O0865,P050,3,20
OD02651,O0865,P002,5,10
OD02652,O0865,P030,4,20
OD02653,O0866,P001,2,10
OD02654,O0866,P020,5,20
OD02655,O0866,P048,4,20
OD02656,O0866,P006,2,0
OD02657,O0867,P037,1,20
OD02658,O0867,P016,4,15
OD02659,O0867,P026,3,5
OD02660,O0867,P033,2,10
OD02661,O0868,P022,3,0
OD02662,O0868,P045,4,20
OD02663,O0868,P007,3,0
OD02664,O0868,P002,2,0
OD02665,O0868,P020,5,20
OD02666,O0869,P041,1,20
OD02667,O0869,P017,1,5
OD02668,O0869,P045,1,15
OD02669,O0870,P026,4,5
OD02670,O0871,P029,3,5
OD02671,O0871,P015,2,20
OD02672,O0871,P035,4,10
OD02673,O0871,P030,3,20
OD02674,O0871,P023,3,15
OD02675,O0872,P028,5,0
OD02676,O0872,P031,2,0
OD02677,O0872,P038,2,20
OD02678,O0873,P031,5,0
OD02679,O0874,P035,1,0
OD02680,O0874,P025,4,10
OD02681,O0874,P019,5,10
OD02682,O0874,P048,4,10
OD02683,O0875,P009,2,20
OD02684,O0876,P010,5,20
OD02685,O0876,P003,3,5
OD02686,O0876,P016,4,10
OD02687,O0876,P004,3,5
OD02688,O0877,P013,5,10
OD02689,O0877,P012,4,20
OD02690,O0878,P046,5,5
OD02691,O0878,P005,2,0
OD02692,O0878,P044,2,5
OD02693,O0879,P046,5,10
OD02694,O0879,P021,3,5
OD02695,O0879,P038,1,10
OD02696,O0879,P044,4,0
OD02697,O0879,P011,4,0
OD02698,O0880,P010,5,5
OD02699,O0880,P020,2,10
OD02700,O0881,P026,2,5
OD02701,O0881,P008,4,5
OD02702,O0882,P035,3,20
OD02703,O0882,P002,5,20
OD02704,O0883,P049,1,20
OD02705,O0883,P036,5,0
OD02706,O0883,P029,5,5
OD02707,O0883,P030,3,15
OD02708,O0883,P008,5,5
OD02709,O0884,P035,3,0
OD02710,O0884,P039,2,0
OD02711,O0884,P037,5,20
OD02712,O0885,P035,5,0
OD02713,O0886,P020,1,5
OD02714,O0886,P005,3,10
OD02715,O0886,P014,5,0
OD02716,O0886,P048,1,15
OD02717,O0886,P013,1,15
OD02718,O0887,P024,2,0
OD02719,O0887,P023,3,15
OD02720,O0887,P018,2,10
OD02721,O0887,P017,2,20
OD02722,O0888,P003,4,0
OD02723,O0888,P048,1,20
OD02724,O0888,P012,3,15
OD02725,O0888,P047,2,0
OD02726,O0888,P038,5,20
OD02727,O0889,P023,1,0
OD02728,O0889,P040,3,20
OD02729,O0889,P031,4,20
OD02730,O0889,P024,4,10
OD02731,O0889,P043,1,20
OD02732,O0890,P026,1,10
OD02733,O0890,P019,1,10
OD02734,O0890,P041,5,0
OD02735,O0890,P044,1,0
OD02736,O0890,P001,3,10
OD02737,O0891,P008,5,20
OD02738,O0891,P032,4,15
OD02739,O0891,P030,3,15
OD02740,O0892,P017,4,5
OD02741,O0892,P049,3,0
OD02742,O0892,P034,2,5
OD02743,O0892,P032,2,15
OD02744,O0892,P046,1,0
OD02745,O0893,P031,2,5
OD02746,O0893,P049,4,0
OD02747,O0893,P035,3,10
OD02748,O0894,P022,1,0
OD02749,O0894,P038,3,20
OD02750,O0895,P029,5,0
OD02751,O0895,P044,3,5
OD02752,O0895,P021,3,15
OD02753,O0895,P049,5,0
OD02754,O0896,P042,4,20
OD02755,O0896,P021,3,15
OD02756,O0896,P028,5,10
OD02757,O0896,P043,3,0
OD02758,O0897,P040,1,5
OD02759,O0897,P011,3,0
OD02760,O0897,P018,3,5
OD02761,O0897,P039,5,10
OD02762,O0898,P011,5,20
OD02763,O0898,P008,3,0
OD02764,O0898,P049,1,20
OD02765,O0899,P006,3,15
OD02766,O0899,P019,3,0
OD02767,O0899,P045,2,20
OD02768,O0899,P026,3,20
OD02769,O0899,P007,3,5
OD02770,O0900,P038,1,20
OD02771,O0900,P043,3,10
OD02772,O0900,P049,5,10
OD02773,O0901,P007,5,10
OD02774,O0901,P028,4,0
OD02775,O0902,P014,4,5
OD02776,O0903,P043,5,15
OD02777,O0903,P049,1,20
OD02778,O0903,P013,3,0
OD02779,O0903,P044,3,10
OD02780,O0903,P031,4,10
OD02781,O0904,P028,5,15
OD02782,O0904,P018,4,0
OD02783,O0905,P032,1,15
OD02784,O0905,P009,5,15
OD02785,O0905,P045,3,10
OD02786,O0905,P018,1,15
OD02787,O0905,P005,2,20
OD02788,O0906,P039,5,5
OD02789,O0906,P003,1,15
OD02790,O0906,P009,3,15
OD02791,O0906,P008,4,0
OD02792,O0906,P031,3,0
OD02793,O0907,P013,3,20
OD02794,O0907,P006,2,5
OD02795,O0907,P015,4,10
OD02796,O0907,P030,2,5
OD02797,O0907,P019,2,10
OD02798,O0908,P049,1,0
OD02799,O0909,P036,3,10
OD02800,O0909,P014,3,5
OD02801,O0909,P045,3,15
OD02802,O0910,P043,3,10
OD02803,O0910,P027,4,10
OD02804,O0911,P019,3,5
OD02805,O0911,P005,3,5
OD02806,O0912,P020,5,20
OD02807,O0912,P039,1,10
OD02808,O0912,P013,5,10
OD02809,O0913,P011,1,15
OD02810,O0913,P018,2,20
OD02811,O0913,P022,5,20
OD02812,O0913,P027,2,5
OD02813,O0913,P017,1,5
OD02814,O0914,P020,1,0
OD02815,O0914,P039,4,10
OD02816,O0915,P014,3,15
OD02817,O0915,P019,2,15
OD02818,O0915,P031,5,5
OD02819,O0915,P036,2,0
OD02820,O0916,P003,3,0
OD02821,O0916,P038,5,5
OD02822,O0917,P015,5,0
OD02823,O0917,P019,3,20
OD02824,O0917,P007,2,10
OD02825,O0918,P042,5,10
OD02826,O0919,P023,4,5
OD02827,O0919,P010,5,0
OD02828,O0919,P033,1,20
OD02829,O0919,P044,4,20
OD02830,O0920,P043,5,5
OD02831,O0920,P033,5,5
OD02832,O0920,P034,4,0
OD02833,O0920,P030,4,20
OD02834,O0920,P048,3,10
OD02835,O0921,P050,1,5
OD02836,O0921,P037,3,5
OD02837,O0922,P032,4,5
OD02838,O0922,P037,1,15
OD02839,O0922,P006,2,20
OD02840,O0922,P028,1,0
OD02841,O0922,P002,1,15
OD02842,O0923,P003,3,5
OD02843,O0923,P043,5,10
OD02844,O0923,P037,5,0
OD02845,O0923,P042,3,0
OD02846,O0923,P023,4,20
OD02847,O0924,P041,2,0
OD02848,O0924,P027,4,10
OD02849,O0925,P045,3,0
OD02850,O0925,P040,3,10
OD02851,O0925,P004,3,15
OD02852,O0925,P008,2,10
OD02853,O0925,P050,2,10
OD02854,O0926,P032,2,15
OD02855,O0926,P036,1,10
OD02856,O0926,P038,1,15
OD02857,O0926,P016,5,0
OD02858,O0927,P018,4,0
OD02859,O0927,P005,4,20
OD02860,O0928,P008,3,10
OD02861,O0928,P017,5,20
OD02862,O0928,P015,4,0
OD02863,O0928,P036,3,10
OD02864,O0929,P036,1,10
OD02865,O0929,P001,2,15
OD02866,O0929,P022,3,0
OD02867,O0929,P003,2,15
OD02868,O0929,P049,4,10
OD02869,O0930,P048,5,5
OD02870,O0930,P014,2,20
OD02871,O0931,P039,1,10
OD02872,O0932,P027,4,10
OD02873,O0932,P030,1,5
OD02874,O0932,P048,3,5
OD02875,O0932,P012,4,0
OD02876,O0933,P020,4,0
OD02877,O0933,P016,1,15
OD02878,O0933,P008,1,10
OD02879,O0933,P033,2,15
OD02880,O0934,P011,1,5
OD02881,O0934,P036,3,0
OD02882,O0934,P010,4,20
OD02883,O0935,P045,2,20
OD02884,O0935,P039,4,10
OD02885,O0935,P024,5,10
OD02886,O0935,P035,3,10
OD02887,O0936,P039,5,10
OD02888,O0936,P025,2,0
OD02889,O0936,P020,4,0
OD02890,O0937,P012,5,5
OD02891,O0937,P039,2,0
OD02892,O0937,P038,3,20
OD02893,O0937,P045,2,15
OD02894,O0937,P005,4,15
OD02895,O0938,P036,2,0
OD02896,O0938,P032,2,20
OD02897,O0938,P019,5,0
OD02898,O0939,P048,3,0
OD02899,O0940,P010,2,20
OD02900,O0940,P011,5,5
OD02901,O0940,P022,1,5
OD02902,O0940,P023,1,10
OD02903,O0941,P041,3,15
OD02904,O0941,P017,3,5
OD02905,O0941,P045,5,20
OD02906,O0941,P010,5,15
OD02907,O0942,P001,3,20
OD02908,O0942,P041,3,5
OD02909,O0942,P011,5,10
OD02910,O0942,P024,2,10
OD02911,O0943,P047,5,20
OD02912,O0943,P035,5,15
OD02913,O0943,P011,1,5
OD02914,O0944,P050,1,10
OD02915,O0944,P025,2,20
OD02916,O0944,P049,3,10
OD02917,O0944,P033,5,10
OD02918,O0945,P005,2,20
OD02919,O0945,P004,5,0
OD02920,O0945,P014,1,10
OD02921,O0945,P040,2,5
OD02922,O0946,P033,5,20
OD02923,O0946,P030,5,15
OD02924,O0946,P034,5,20
OD02925,O0947,P023,4,5
OD02926,O0947,P044,5,10
OD02927,O0948,P001,4,20
OD02928,O0949,P004,1,10
OD02929,O0950,P015,3,0
OD02930,O0950,P014,3,15
OD02931,O0950,P023,4,20
OD02932,O0950,P041,1,15
OD02933,O0951,P039,3,5
OD02934,O0951,P022,5,0
OD02935,O0951,P043,5,10
OD02936,O0951,P032,3,15
OD02937,O0951,P030,1,15
OD02938,O0952,P007,3,10
OD02939,O0952,P025,5,0
OD02940,O0953,P049,4,10
OD02941,O0953,P031,1,0
OD02942,O0953,P046,2,5
OD02943,O0953,P024,4,15
OD02944,O0953,P040,4,20
OD02945,O0954,P013,5,20
OD02946,O0955,P032,3,15
OD02947,O0955,P039,2,0
OD02948,O0955,P025,5,5
OD02949,O0955,P018,2,0
OD02950,O0955,P023,5,10
OD02951,O0956,P049,1,10
OD02952,O0957,P026,5,5
OD02953,O0957,P016,2,20
OD02954,O0957,P013,5,5
OD02955,O0958,P012,2,15
OD02956,O0958,P039,2,20
OD02957,O0959,P023,3,5
OD02958,O0959,P033,5,20
OD02959,O0960,P039,1,0
OD02960,O0961,P042,5,10
OD02961,O0962,P008,3,15
OD02962,O0962,P004,3,20
OD02963,O0962,P028,3,5
OD02964,O0962,P012,5,20
OD02965,O0963,P036,2,15
OD02966,O0963,P045,2,15
OD02967,O0964,P047,1,10
OD02968,O0964,P031,3,0
OD02969,O0965,P019,3,10
OD02970,O0965,P023,4,10
OD02971,O0966,P012,5,5
OD02972,O0967,P042,2,20
OD02973,O0967,P007,1,10
OD02974,O0968,P038,2,10
OD02975,O0968,P008,1,5
OD02976,O0968,P023,5,20
OD02977,O0968,P019,3,20
OD02978,O0968,P014,4,10
OD02979,O0969,P007,4,20
OD02980,O0969,P016,5,20
OD02981,O0969,P023,5,20
OD02982,O0970,P006,2,20
OD02983,O0970,P018,3,10
OD02984,O0970,P035,4,20
OD02985,O0970,P023,4,0
OD02986,O0971,P002,2,0
OD02987,O0971,P045,2,10
OD02988,O0972,P030,5,5
OD02989,O0972,P048,4,15
OD02990,O0972,P034,3,10
OD02991,O0972,P038,1,15
OD02992,O0972,P033,2,15
OD02993,O0973,P018,2,15
OD02994,O0973,P004,5,15
OD02995,O0973,P043,4,10
OD02996,O0973,P035,3,15
OD02997,O0973,P024,3,0
OD02998,O0974,P045,3,5
OD02999,O0974,P029,2,10
OD03000,O0974,P020,2,20
OD03001,O0974,P026,4,10
OD03002,O0974,P003,5,10
OD03003,O0975,P020,5,10
OD03004,O0975,P024,2,15
OD03005,O0975,P030,1,15
OD03006,O0975,P032,4,0
OD03007,O0975,P014,1,0
OD03008,O0976,P024,2,5
OD03009,O0976,P050,4,0
OD03010,O0976,P043,3,0
OD03011,O0976,P023,4,10
OD03012,O0976,P001,1,5
OD03013,O0977,P035,1,20
OD03014,O0977,P009,1,0
OD03015,O0977,P036,4,20
OD03016,O0978,P021,1,0
OD03017,O0978,P028,5,5
OD03018,O0978,P002,4,15
OD03019,O0978,P018,2,10
OD03020,O0979,P039,5,10
OD03021,O0979,P016,3,10
OD03022,O0979,P041,2,5
OD03023,O0980,P038,1,20
OD03024,O0980,P028,2,15
OD03025,O0980,P041,2,15
OD03026,O0981,P031,5,10
OD03027,O0981,P002,1,5
OD03028,O0981,P013,1,10
OD03029,O0982,P047,3,10
OD03030,O0982,P002,2,20
OD03031,O0983,P007,5,10
OD03032,O0983,P018,5,15
OD03033,O0984,P021,3,0
OD03034,O0984,P026,5,20
OD03035,O0984,P030,4,15
OD03036,O0984,P006,3,20
OD03037,O0984,P043,1,20
OD03038,O0985,P012,3,0
OD03039,O0985,P005,4,5
OD03040,O0985,P038,2,15
OD03041,O0985,P017,3,0
OD03042,O0985,P046,4,5
OD03043,O0986,P032,3,15
OD03044,O0986,P036,4,20
OD03045,O0986,P035,5,15
OD03046,O0986,P048,1,15
OD03047,O0986,P049,4,10
OD03048,O0987,P017,5,5
OD03049,O0987,P021,2,0
OD03050,O0987,P002,5,5
OD03051,O0987,P019,5,5
OD03052,O0988,P050,3,5
OD03053,O0988,P043,4,15
OD03054,O0989,P043,3,20
OD03055,O0989,P018,4,10
OD03056,O0989,P038,3,0
OD03057,O0990,P021,2,15
OD03058,O0990,P003,1,0
OD03059,O0990,P031,2,20
OD03060,O0990,P018,1,5
OD03061,O0990,P026,5,0
OD03062,O0991,P015,4,0
OD03063,O0991,P006,2,5
OD03064,O0991,P030,3,20
OD03065,O0992,P041,1,0
OD03066,O0992,P012,3,0
OD03067,O0992,P008,5,15
OD03068,O0992,P010,4,0
OD03069,O0993,P044,2,5
OD03070,O0993,P026,1,5
OD03071,O0993,P019,4,15
OD03072,O0993,P025,5,0
OD03073,O0993,P043,4,0
OD03074,O0994,P005,3,0
OD03075,O0994,P009,2,20
OD03076,O0994,P028,4,10
OD03077,O0994,P029,5,0
OD03078,O0994,P044,2,10
OD03079,O0995,P044,5,15
OD03080,O0995,P028,3,0
OD03081,O0995,P046,1,15
OD03082,O0996,P029,5,5
OD03083,O0996,P020,3,5
OD03084,O0997,P004,3,20
OD03085,O0997,P035,3,15
OD03086,O0997,P025,3,20
OD03087,O0997,P040,3,15
OD03088,O0997,P043,2,10
OD03089,O0998,P050,4,15
OD03090,O0998,P028,2,20
OD03091,O0999,P001,4,10
OD03092,O0999,P040,4,15
OD03093,O0999,P049,4,5
OD03094,O1000,P028,1,10
OD03095,O1000,P048,2,20
OD03096,O1000,P008,4,10
OD03097,O1001,P031,3,5
OD03098,O1001,P033,1,10
OD03099,O1002,P008,3,20
OD03100,O1002,P005,5,10
OD03101,O1002,P048,1,5
OD03102,O1002,P021,2,15
OD03103,O1003,P011,4,15
OD03104,O1003,P013,3,15
OD03105,O1003,P024,3,15
OD03106,O1003,P025,2,5
OD03107,O1004,P050,2,0
OD03108,O1004,P002,1,15
OD03109,O1005,P036,4,10
OD03110,O1005,P048,4,5
OD03111,O1005,P010,4,0
OD03112,O1006,P046,5,10
OD03113,O1006,P020,2,20
OD03114,O1006,P045,5,0
OD03115,O1006,P037,5,5
OD03116,O1007,P026,1,15
OD03117,O1007,P019,2,10
OD03118,O1007,P003,2,20
OD03119,O1007,P017,4,0
OD03120,O1008,P027,4,10
OD03121,O1008,P044,2,0
OD03122,O1008,P016,3,5
OD03123,O1009,P013,1,0
OD03124,O1009,P011,3,5
OD03125,O1010,P001,2,0
OD03126,O1011,P019,4,5
OD03127,O1011,P032,2,10
OD03128,O1012,P035,1,20
OD03129,O1012,P030,4,0
OD03130,O1013,P031,1,10
OD03131,O1013,P029,1,0
OD03132,O1014,P047,4,20
OD03133,O1014,P024,3,20
OD03134,O1014,P049,4,0
OD03135,O1015,P004,1,20
OD03136,O1015,P001,2,10
OD03137,O1015,P012,1,20
OD03138,O1015,P027,2,10
OD03139,O1015,P038,1,15
OD03140,O1016,P038,1,5
OD03141,O1017,P023,5,0
OD03142,O1017,P038,5,5
OD03143,O1017,P017,3,10
OD03144,O1018,P042,5,20
OD03145,O1018,P035,5,20
OD03146,O1018,P040,5,20
OD03147,O1019,P043,3,20
OD03148,O1019,P038,2,0
OD03149,O1020,P030,2,10
OD03150,O1020,P019,3,20
OD03151,O1020,P031,1,5
OD03152,O1020,P011,5,20
OD03153,O1020,P025,2,0
OD03154,O1021,P038,2,10
OD03155,O1021,P019,2,15
OD03156,O1022,P004,2,15
OD03157,O1023,P035,4,20
OD03158,O1024,P040,3,5
OD03159,O1024,P041,3,10
OD03160,O1024,P043,3,0
OD03161,O1025,P038,2,10
OD03162,O1026,P009,4,10
OD03163,O1026,P012,5,5
OD03164,O1026,P003,3,15
OD03165,O1026,P047,3,10
OD03166,O1027,P001,2,10
OD03167,O1027,P045,3,10
OD03168,O1027,P030,5,0
OD03169,O1027,P046,4,0
OD03170,O1028,P026,4,10
OD03171,O1028,P039,1,0
OD03172,O1028,P002,3,15
OD03173,O1028,P015,3,15
OD03174,O1029,P037,1,15
OD03175,O1029,P014,1,10
OD03176,O1030,P040,5,10
OD03177,O1031,P017,3,0
OD03178,O1032,P042,4,5
OD03179,O1033,P018,2,15
OD03180,O1033,P032,1,20
OD03181,O1033,P027,3,0
OD03182,O1033,P004,2,10
OD03183,O1033,P021,5,20
OD03184,O1034,P046,3,20
OD03185,O1035,P019,1,0
OD03186,O1035,P023,3,10
OD03187,O1035,P011,3,5
OD03188,O1035,P007,5,15
OD03189,O1036,P033,5,20
OD03190,O1037,P007,1,15
OD03191,O1038,P002,4,10
OD03192,O1038,P008,4,10
OD03193,O1038,P019,1,10
OD03194,O1038,P028,3,15
OD03195,O1039,P028,4,5
OD03196,O1039,P002,2,20
OD03197,O1040,P032,1,10
OD03198,O1040,P042,3,20
OD03199,O1040,P018,3,20
OD03200,O1040,P026,1,0
OD03201,O1040,P021,4,20
OD03202,O1041,P009,1,0
OD03203,O1041,P014,2,10
OD03204,O1041,P027,2,0
OD03205,O1041,P043,4,5
OD03206,O1041,P030,4,15
OD03207,O1042,P036,2,20
OD03208,O1042,P009,2,10
OD03209,O1043,P033,5,15
OD03210,O1044,P033,5,20
OD03211,O1044,P041,3,20
OD03212,O1045,P015,4,10
OD03213,O1045,P038,4,10
OD03214,O1045,P039,2,5
OD03215,O1045,P046,5,10
OD03216,O1045,P040,4,0
OD03217,O1046,P045,1,0
OD03218,O1046,P050,3,15
OD03219,O1046,P042,1,5
OD03220,O1047,P033,5,10
OD03221,O1047,P026,3,20
OD03222,O1047,P039,3,15
OD03223,O1047,P013,4,15
OD03224,O1048,P008,4,10
OD03225,O1049,P019,2,20
OD03226,O1049,P021,4,20
OD03227,O1049,P007,1,0
OD03228,O1050,P022,4,5
OD03229,O1050,P002,3,10
OD03230,O1050,P045,3,10
OD03231,O1050,P014,1,20
OD03232,O1051,P038,3,5
OD03233,O1051,P023,3,0
OD03234,O1051,P050,5,5
OD03235,O1051,P031,5,5
OD03236,O1052,P036,4,20
OD03237,O1052,P034,3,0
OD03238,O1052,P047,3,10
OD03239,O1052,P024,1,0
OD03240,O1052,P016,5,10
OD03241,O1053,P047,5,0
OD03242,O1054,P040,2,20
OD03243,O1055,P046,3,20
OD03244,O1055,P026,5,20
OD03245,O1055,P038,5,5
OD03246,O1055,P022,2,0
OD03247,O1055,P049,3,20
OD03248,O1056,P046,2,10
OD03249,O1057,P024,4,0
OD03250,O1058,P027,3,0
OD03251,O1058,P005,1,15
OD03252,O1058,P036,3,15
OD03253,O1058,P009,2,10
OD03254,O1059,P019,5,5
OD03255,O1059,P018,1,0
OD03256,O1059,P027,3,10
OD03257,O1060,P026,4,10
OD03258,O1060,P047,4,10
OD03259,O1060,P048,2,0
OD03260,O1060,P046,5,20
OD03261,O1061,P028,3,10
OD03262,O1061,P032,2,0
OD03263,O1062,P023,1,10
OD03264,O1062,P004,5,15
OD03265,O1062,P047,3,5
OD03266,O1062,P020,4,20
OD03267,O1063,P003,4,0
OD03268,O1063,P045,5,0
OD03269,O1063,P007,5,10
OD03270,O1064,P037,1,5
OD03271,O1064,P004,4,15
OD03272,O1064,P021,3,5
OD03273,O1064,P048,4,20
OD03274,O1065,P018,1,15
OD03275,O1065,P027,4,20
OD03276,O1065,P048,1,20
OD03277,O1066,P038,2,10
OD03278,O1066,P034,5,0
OD03279,O1066,P026,4,10
OD03280,O1067,P044,4,10
OD03281,O1067,P037,5,10
OD03282,O1067,P015,3,20
OD03283,O1067,P047,4,20
OD03284,O1068,P036,1,0
OD03285,O1068,P043,3,15
OD03286,O1068,P042,1,0
OD03287,O1069,P008,2,20
OD03288,O1069,P007,3,5
OD03289,O1069,P024,2,0
OD03290,O1069,P016,2,15
OD03291,O1069,P040,4,15
OD03292,O1070,P043,5,10
OD03293,O1070,P016,2,5
OD03294,O1070,P015,1,15
OD03295,O1070,P023,5,15
OD03296,O1070,P045,4,10
OD03297,O1071,P007,3,15
OD03298,O1071,P040,2,5
OD03299,O1071,P013,1,20
OD03300,O1071,P034,2,10
OD03301,O1071,P014,2,15
OD03302,O1072,P008,2,20
OD03303,O1072,P026,2,5
OD03304,O1072,P041,3,0
OD03305,O1072,P022,3,0
OD03306,O1073,P042,1,10
OD03307,O1074,P050,1,20
OD03308,O1074,P045,3,20
OD03309,O1075,P009,3,10
OD03310,O1075,P022,5,0
OD03311,O1075,P036,4,20
OD03312,O1075,P025,4,10
OD03313,O1076,P039,1,5
OD03314,O1076,P032,1,10
OD03315,O1076,P041,2,0
OD03316,O1076,P038,3,15
OD03317,O1077,P041,3,5
OD03318,O1077,P022,2,20
OD03319,O1077,P037,5,10
OD03320,O1078,P018,3,10
OD03321,O1078,P050,1,20
OD03322,O1078,P006,1,0
OD03323,O1079,P017,1,5
OD03324,O1079,P024,1,15
OD03325,O1079,P047,1,15
OD03326,O1080,P023,5,20
OD03327,O1080,P042,2,10
OD03328,O1080,P001,5,0
OD03329,O1080,P044,3,0
OD03330,O1080,P002,2,5
OD03331,O1081,P041,4,20
OD03332,O1082,P012,1,10
OD03333,O1082,P033,3,5
OD03334,O1083,P020,1,10
OD03335,O1083,P019,4,10
OD03336,O1083,P041,4,10
OD03337,O1083,P050,1,10
OD03338,O1083,P025,5,5
OD03339,O1084,P049,1,10
OD03340,O1084,P037,3,20
OD03341,O1084,P009,4,15
OD03342,O1084,P039,1,10
OD03343,O1085,P019,3,10
OD03344,O1086,P022,1,10
OD03345,O1086,P005,1,10
OD03346,O1086,P049,3,0
OD03347,O1086,P035,4,5
OD03348,O1087,P040,2,0
OD03349,O1087,P031,2,20
OD03350,O1087,P017,4,20
OD03351,O1088,P044,2,10
OD03352,O1089,P035,2,5
OD03353,O1089,P019,5,0
OD03354,O1089,P021,4,15
OD03355,O1089,P008,4,10
OD03356,O1090,P043,5,15
OD03357,O1090,P014,4,15
OD03358,O1090,P037,5,20
OD03359,O1090,P044,5,10
OD03360,O1090,P011,1,15
OD03361,O1091,P039,2,5
OD03362,O1092,P002,1,5
OD03363,O1093,P031,3,20
OD03364,O1093,P018,2,10
OD03365,O1093,P034,4,15
OD03366,O1093,P042,2,10
OD03367,O1094,P026,4,20
OD03368,O1094,P025,3,5
OD03369,O1095,P034,3,0
OD03370,O1095,P029,3,20
OD03371,O1095,P006,3,5
OD03372,O1095,P035,5,20
OD03373,O1095,P038,2,5
OD03374,O1096,P040,5,5
OD03375,O1096,P016,1,20
OD03376,O1096,P001,2,20
OD03377,O1096,P019,1,0
OD03378,O1096,P047,5,5
OD03379,O1097,P048,3,0
OD03380,O1097,P049,1,15
OD03381,O1098,P027,4,5
OD03382,O1099,P029,3,15
OD03383,O1099,P033,4,0
OD03384,O1099,P015,3,10
OD03385,O1099,P020,3,15
OD03386,O1100,P007,2,10
OD03387,O1100,P010,3,20
OD03388,O1100,P011,2,10
OD03389,O1100,P013,1,10
OD03390,O1101,P031,5,5
OD03391,O1101,P038,5,20
OD03392,O1102,P045,4,20
OD03393,O1102,P008,2,20
OD03394,O1103,P036,3,0
OD03395,O1103,P023,3,10
OD03396,O1103,P034,4,15
OD03397,O1104,P041,3,0
OD03398,O1104,P026,5,20
OD03399,O1104,P043,5,20
OD03400,O1104,P009,3,10
OD03401,O1104,P015,5,5
OD03402,O1105,P019,1,20
OD03403,O1105,P003,3,10
OD03404,O1105,P026,2,15
OD03405,O1105,P048,2,15
OD03406,O1105,P038,3,5
OD03407,O1106,P025,5,10
OD03408,O1106,P036,5,10
OD03409,O1107,P044,3,5
OD03410,O1107,P034,2,0
OD03411,O1108,P041,3,20
OD03412,O1109,P026,5,15
OD03413,O1109,P025,5,10
OD03414,O1109,P022,2,0
OD03415,O1109,P028,5,5
OD03416,O1110,P008,4,20
OD03417,O1110,P005,1,10
OD03418,O1111,P020,1,10
OD03419,O1111,P018,4,5
OD03420,O1111,P003,5,20
OD03421,O1111,P032,5,15
OD03422,O1112,P005,2,0
OD03423,O1112,P026,5,10
OD03424,O1112,P010,1,20
OD03425,O1112,P049,2,20
OD03426,O1112,P032,1,15
OD03427,O1113,P003,1,10
OD03428,O1114,P028,2,20
OD03429,O1115,P015,3,20
OD03430,O1115,P018,4,5
OD03431,O1115,P046,2,20
OD03432,O1115,P039,2,10
OD03433,O1115,P005,5,20
OD03434,O1116,P012,2,15
OD03435,O1117,P001,3,15
OD03436,O1117,P016,4,5
OD03437,O1117,P030,5,10
OD03438,O1117,P026,5,15
OD03439,O1118,P050,5,10
OD03440,O1118,P034,1,10
OD03441,O1118,P044,1,5
OD03442,O1118,P036,1,0
OD03443,O1119,P009,5,15
OD03444,O1119,P048,5,5
OD03445,O1119,P027,4,0
OD03446,O1119,P010,1,10
OD03447,O1119,P025,1,15
OD03448,O1120,P045,4,10
OD03449,O1121,P016,3,10
OD03450,O1121,P030,4,10
OD03451,O1121,P048,1,10
OD03452,O1121,P001,1,10
OD03453,O1122,P031,1,20
OD03454,O1122,P013,4,15
OD03455,O1122,P008,4,15
OD03456,O1122,P049,4,5
OD03457,O1123,P007,2,10
OD03458,O1123,P021,1,5
OD03459,O1123,P016,3,10
OD03460,O1123,P036,3,5
OD03461,O1124,P021,5,5
OD03462,O1124,P011,3,15
OD03463,O1124,P034,5,15
OD03464,O1125,P050,1,5
OD03465,O1126,P034,5,0
OD03466,O1126,P017,2,15
OD03467,O1127,P027,3,0
OD03468,O1127,P006,2,15
OD03469,O1127,P001,2,20
OD03470,O1128,P013,3,20
OD03471,O1128,P009,3,5
OD03472,O1128,P041,2,20
OD03473,O1129,P008,4,10
OD03474,O1129,P041,3,15
OD03475,O1129,P023,4,15
OD03476,O1129,P042,5,10
OD03477,O1130,P035,3,20
OD03478,O1130,P050,4,20
OD03479,O1130,P005,5,20
OD03480,O1130,P040,5,5
OD03481,O1130,P019,3,20
OD03482,O1131,P043,5,20
OD03483,O1132,P047,2,10
OD03484,O1132,P023,5,5
OD03485,O1133,P020,3,5
OD03486,O1133,P015,5,0
OD03487,O1133,P028,1,10
OD03488,O1134,P031,4,5
OD03489,O1134,P035,3,5
OD03490,O1134,P009,4,20
OD03491,O1134,P050,5,15
OD03492,O1134,P042,4,15
OD03493,O1135,P017,3,0
OD03494,O1135,P028,5,5
OD03495,O1135,P027,4,0
OD03496,O1135,P039,1,5
OD03497,O1135,P007,2,10
OD03498,O1136,P018,3,20
OD03499,O1137,P041,3,15
OD03500,O1137,P015,5,15
OD03501,O1137,P011,2,15
OD03502,O1138,P037,3,15
OD03503,O1138,P033,3,0
OD03504,O1138,P013,4,20
OD03505,O1139,P049,1,0
OD03506,O1140,P014,4,10
OD03507,O1140,P027,1,0
OD03508,O1140,P046,2,20
OD03509,O1140,P050,1,20
OD03510,O1140,P035,4,15
OD03511,O1141,P009,2,15
OD03512,O1141,P041,2,20
OD03513,O1141,P025,3,10
OD03514,O1141,P036,1,5
OD03515,O1142,P031,1,15
OD03516,O1143,P018,5,0
OD03517,O1144,P011,1,10
OD03518,O1145,P028,4,10
OD03519,O1145,P016,3,0
OD03520,O1145,P018,3,20
OD03521,O1145,P048,4,15
OD03522,O1146,P008,1,0
OD03523,O1146,P019,5,20
OD03524,O1146,P033,5,15
OD03525,O1147,P004,1,5
OD03526,O1147,P014,1,0
OD03527,O1147,P005,5,20
OD03528,O1147,P046,3,5
OD03529,O1147,P013,2,5
OD03530,O1148,P031,2,10
OD03531,O1148,P046,4,0
OD03532,O1149,P004,1,10
OD03533,O1149,P039,2,15
OD03534,O1150,P042,1,5
OD03535,O1150,P038,4,15
OD03536,O1151,P006,5,5
OD03537,O1152,P018,5,10
OD03538,O1152,P004,4,0
OD03539,O1152,P034,5,20
OD03540,O1152,P008,3,0
OD03541,O1153,P027,2,15
OD03542,O1154,P044,1,20
OD03543,O1155,P001,3,0
OD03544,O1155,P004,2,20
OD03545,O1155,P045,5,15
OD03546,O1156,P011,2,15
OD03547,O1156,P041,2,5
OD03548,O1157,P038,1,20
OD03549,O1157,P034,4,5
OD03550,O1158,P040,1,20
OD03551,O1159,P036,3,15
OD03552,O1159,P048,1,0
OD03553,O1159,P028,3,5
OD03554,O1160,P027,2,15
OD03555,O1160,P037,1,0
OD03556,O1160,P018,3,0
OD03557,O1160,P015,5,0
OD03558,O1160,P006,1,15
OD03559,O1161,P018,3,0
OD03560,O1161,P006,4,20
OD03561,O1161,P007,3,5
OD03562,O1161,P036,2,5
OD03563,O1161,P049,4,0
OD03564,O1162,P049,4,20
OD03565,O1163,P013,2,20
OD03566,O1163,P017,2,0
OD03567,O1163,P014,1,10
OD03568,O1164,P022,5,20
OD03569,O1165,P037,4,10
OD03570,O1165,P005,1,15
OD03571,O1165,P036,3,10
OD03572,O1165,P031,5,10
OD03573,O1165,P038,3,5
OD03574,O1166,P026,5,15
OD03575,O1167,P011,3,15
OD03576,O1167,P010,1,0
OD03577,O1167,P017,4,5
OD03578,O1167,P031,2,15
OD03579,O1167,P016,2,5
OD03580,O1168,P018,5,15
OD03581,O1168,P037,5,15
OD03582,O1168,P008,4,0
OD03583,O1169,P003,4,0
OD03584,O1169,P046,3,10
OD03585,O1169,P033,3,5
OD03586,O1170,P047,2,5
OD03587,O1170,P003,1,20
OD03588,O1171,P039,3,10
OD03589,O1172,P016,4,15
OD03590,O1173,P041,5,0
OD03591,O1173,P042,2,0
OD03592,O1173,P046,4,10
OD03593,O1174,P041,4,5
OD03594,O1174,P021,5,20
OD03595,O1174,P025,2,15
OD03596,O1174,P004,3,10
OD03597,O1175,P019,5,20
OD03598,O1176,P040,3,10
OD03599,O1176,P047,4,15
OD03600,O1176,P022,3,20
OD03601,O1176,P019,3,5
OD03602,O1176,P050,2,15
OD03603,O1177,P006,1,10
OD03604,O1177,P022,1,15
OD03605,O1177,P048,2,0
OD03606,O1177,P026,1,5
OD03607,O1178,P049,2,5
OD03608,O1178,P016,4,20
OD03609,O1178,P023,1,0
OD03610,O1179,P003,4,20
OD03611,O1179,P031,5,0
OD03612,O1180,P005,2,20
OD03613,O1181,P040,1,0
OD03614,O1181,P045,3,0
OD03615,O1181,P033,4,10
OD03616,O1182,P046,5,10
OD03617,O1182,P045,3,20
OD03618,O1182,P002,5,5
OD03619,O1182,P044,4,15
OD03620,O1183,P028,5,15
OD03621,O1183,P013,4,10
OD03622,O1183,P046,1,20
OD03623,O1183,P044,5,10
OD03624,O1183,P047,4,10
OD03625,O1184,P046,1,15
OD03626,O1184,P010,5,5
OD03627,O1185,P029,1,15
OD03628,O1185,P021,5,5
OD03629,O1186,P029,1,20
OD03630,O1187,P013,5,0
OD03631,O1187,P036,3,5
OD03632,O1188,P025,5,15
OD03633,O1188,P038,3,10
OD03634,O1188,P031,2,0
OD03635,O1188,P009,4,0
OD03636,O1189,P004,3,0
OD03637,O1189,P022,5,5
OD03638,O1189,P042,4,0
OD03639,O1189,P012,4,20
OD03640,O1189,P008,1,15
OD03641,O1190,P010,3,20
OD03642,O1190,P028,3,5
OD03643,O1191,P032,4,20
OD03644,O1191,P021,3,10
OD03645,O1191,P017,4,5
OD03646,O1191,P038,4,15
OD03647,O1191,P031,2,0
OD03648,O1192,P023,4,5
OD03649,O1192,P006,4,15
OD03650,O1192,P033,5,15
OD03651,O1192,P015,2,20
OD03652,O1192,P048,5,20
OD03653,O1193,P038,5,20
OD03654,O1193,P024,4,10
OD03655,O1193,P049,1,20
OD03656,O1194,P025,2,15
OD03657,O1194,P028,5,20
OD03658,O1195,P026,2,10
OD03659,O1195,P049,4,0
OD03660,O1195,P010,5,0
OD03661,O1195,P014,2,10
OD03662,O1196,P045,2,15
OD03663,O1196,P028,3,15
OD03664,O1196,P035,3,10
OD03665,O1196,P021,1,0
OD03666,O1197,P048,5,0
OD03667,O1197,P023,4,5
OD03668,O1197,P050,2,0
OD03669,O1197,P014,1,15
OD03670,O1198,P010,2,20
OD03671,O1198,P002,4,10
OD03672,O1198,P023,3,0
OD03673,O1198,P034,5,20
OD03674,O1199,P037,3,0
OD03675,O1200,P047,5,15
OD03676,O1200,P030,5,20
OD03677,O1201,P043,2,20
OD03678,O1201,P009,5,0
OD03679,O1202,P031,5,10
OD03680,O1202,P017,5,20
OD03681,O1202,P029,2,10
OD03682,O1202,P018,5,10
OD03683,O1202,P005,2,20
OD03684,O1203,P023,2,10
OD03685,O1204,P002,4,10
OD03686,O1204,P033,4,15
OD03687,O1204,P009,4,15
OD03688,O1204,P044,4,10
OD03689,O1204,P023,5,15
OD03690,O1205,P008,1,5
OD03691,O1205,P006,5,20
OD03692,O1205,P025,4,15
OD03693,O1206,P048,4,10
OD03694,O1206,P007,2,0
OD03695,O1207,P003,1,15
OD03696,O1207,P017,3,0
OD03697,O1207,P001,3,10
OD03698,O1208,P035,2,5
OD03699,O1208,P043,5,5
OD03700,O1208,P006,5,20
OD03701,O1208,P040,1,0
OD03702,O1209,P018,1,0
OD03703,O1209,P012,3,20
OD03704,O1209,P026,5,15
OD03705,O1210,P024,4,20
OD03706,O1210,P043,5,0
OD03707,O1210,P044,2,0
OD03708,O1211,P048,1,5
OD03709,O1212,P016,2,5
OD03710,O1212,P039,5,20
OD03711,O1212,P030,4,20
OD03712,O1212,P042,3,5
OD03713,O1213,P042,3,10
OD03714,O1213,P006,3,20
OD03715,O1213,P020,1,0
OD03716,O1213,P029,5,5
OD03717,O1214,P009,5,15
OD03718,O1214,P039,2,0
OD03719,O1214,P011,1,5
OD03720,O1215,P025,1,5
OD03721,O1215,P034,5,15
OD03722,O1216,P008,2,5
OD03723,O1216,P046,5,5
OD03724,O1216,P012,3,10
OD03725,O1216,P011,2,15
OD03726,O1217,P002,1,20
OD03727,O1217,P030,1,10
OD03728,O1217,P035,4,10
OD03729,O1217,P049,2,10
OD03730,O1218,P050,3,10
OD03731,O1218,P018,4,5
OD03732,O1218,P019,1,20
OD03733,O1218,P028,1,0
OD03734,O1219,P015,2,0
OD03735,O1219,P013,5,0
OD03736,O1219,P020,3,10
OD03737,O1219,P026,1,5
OD03738,O1219,P018,3,15
OD03739,O1220,P048,5,0
OD03740,O1220,P027,1,0
OD03741,O1220,P007,3,20
OD03742,O1220,P036,4,20
OD03743,O1220,P020,3,15
OD03744,O1221,P005,3,10
OD03745,O1221,P036,2,10
OD03746,O1222,P031,4,10
OD03747,O1222,P038,2,0
OD03748,O1222,P037,4,15
OD03749,O1223,P020,1,0
OD03750,O1224,P016,1,20
OD03751,O1225,P033,5,5
OD03752,O1226,P046,1,5
OD03753,O1227,P009,4,0
OD03754,O1227,P048,1,10
OD03755,O1227,P015,4,0
OD03756,O1227,P046,3,20
OD03757,O1227,P018,3,10
OD03758,O1228,P025,4,5
OD03759,O1228,P031,4,10
OD03760,O1228,P003,2,20
OD03761,O1228,P020,5,15
OD03762,O1229,P014,2,20
OD03763,O1229,P020,5,10
OD03764,O1229,P047,1,5
OD03765,O1229,P011,4,0
OD03766,O1229,P040,4,20
OD03767,O1230,P028,1,15
OD03768,O1230,P038,2,0
OD03769,O1230,P022,1,10
OD03770,O1230,P023,1,0
OD03771,O1230,P034,4,20
OD03772,O1231,P001,3,15
OD03773,O1231,P040,1,10
OD03774,O1231,P026,5,5
OD03775,O1231,P006,1,20
OD03776,O1232,P045,1,15
OD03777,O1232,P034,5,15
OD03778,O1232,P028,3,5
OD03779,O1232,P007,5,5
OD03780,O1233,P043,1,15
OD03781,O1233,P050,2,5
OD03782,O1234,P045,1,0
OD03783,O1234,P031,1,5
OD03784,O1235,P006,1,20
OD03785,O1235,P031,1,15
OD03786,O1235,P024,5,15
OD03787,O1235,P022,4,20
OD03788,O1236,P022,1,5
OD03789,O1236,P019,2,5
OD03790,O1236,P029,5,20
OD03791,O1237,P031,1,20
OD03792,O1237,P021,5,0
OD03793,O1237,P039,4,10
OD03794,O1238,P009,5,20
OD03795,O1238,P019,5,5
OD03796,O1238,P044,3,20
OD03797,O1238,P047,1,5
OD03798,O1239,P030,2,15
OD03799,O1239,P037,1,20
OD03800,O1240,P003,1,5
OD03801,O1240,P035,3,0
OD03802,O1240,P007,3,10
OD03803,O1241,P026,5,20
OD03804,O1241,P012,1,20
OD03805,O1241,P008,5,15
OD03806,O1241,P019,4,5
OD03807,O1242,P001,4,15
OD03808,O1242,P049,2,0
OD03809,O1243,P034,5,0
OD03810,O1243,P041,4,15
OD03811,O1243,P048,1,0
OD03812,O1243,P025,4,5
OD03813,O1244,P037,1,5
OD03814,O1244,P010,3,20
OD03815,O1244,P035,5,5
OD03816,O1244,P001,1,5
OD03817,O1244,P023,3,20
OD03818,O1245,P026,4,5
OD03819,O1246,P009,4,15
OD03820,O1246,P006,5,5
OD03821,O1246,P045,3,0
OD03822,O1246,P046,5,0
OD03823,O1247,P011,1,20
OD03824,O1247,P003,3,5
OD03825,O1247,P045,5,20
OD03826,O1247,P047,2,20
OD03827,O1248,P007,3,15
OD03828,O1248,P047,4,20
OD03829,O1249,P027,3,10
OD03830,O1249,P041,3,10
OD03831,O1250,P044,3,5
OD03832,O1250,P030,2,15
OD03833,O1250,P042,4,0
OD03834,O1251,P034,4,15
OD03835,O1251,P031,4,0
OD03836,O1251,P042,1,5
OD03837,O1251,P021,1,5
OD03838,O1252,P049,3,5
OD03839,O1252,P011,5,10
OD03840,O1252,P004,5,20
OD03841,O1252,P039,4,0
OD03842,O1253,P007,4,20
OD03843,O1253,P044,1,10
OD03844,O1254,P044,4,15
OD03845,O1254,P011,1,20
OD03846,O1255,P037,2,10
OD03847,O1255,P046,4,10
OD03848,O1255,P026,4,5
OD03849,O1255,P013,1,10
OD03850,O1255,P025,4,15
OD03851,O1256,P026,3,20
OD03852,O1256,P040,5,15
OD03853,O1257,P046,3,0
OD03854,O1257,P021,1,15
OD03855,O1257,P028,5,20
OD03856,O1257,P023,5,5
OD03857,O1258,P050,2,15
OD03858,O1258,P015,2,5
OD03859,O1258,P045,4,15
OD03860,O1258,P043,2,20
OD03861,O1259,P017,2,15
OD03862,O1259,P010,4,20
OD03863,O1260,P035,3,5
OD03864,O1260,P014,4,0
OD03865,O1260,P050,4,5
OD03866,O1261,P013,4,10
OD03867,O1261,P020,3,0
OD03868,O1261,P016,3,10
OD03869,O1261,P017,5,10
OD03870,O1261,P038,2,20
OD03871,O1262,P039,4,20
OD03872,O1263,P038,5,5
OD03873,O1263,P022,1,10
OD03874,O1263,P032,2,5
OD03875,O1263,P045,2,0
OD03876,O1264,P033,4,5
OD03877,O1264,P018,2,5
OD03878,O1264,P007,4,15
OD03879,O1264,P046,2,20
OD03880,O1264,P008,4,0
OD03881,O1265,P046,1,0
OD03882,O1265,P049,4,5
OD03883,O1265,P041,1,5
OD03884,O1265,P012,2,15
OD03885,O1265,P021,2,5
OD03886,O1266,P011,2,20
OD03887,O1267,P037,1,5
OD03888,O1267,P046,3,0
OD03889,O1268,P037,3,20
OD03890,O1268,P048,1,10
OD03891,O1269,P038,2,20
OD03892,O1270,P043,4,5
OD03893,O1270,P031,2,10
OD03894,O1270,P049,3,20
OD03895,O1271,P008,3,15
OD03896,O1271,P037,2,0
OD03897,O1272,P049,4,5
OD03898,O1272,P017,2,15
OD03899,O1272,P032,1,15
OD03900,O1272,P037,4,20
OD03901,O1273,P038,1,0
OD03902,O1273,P018,4,10
OD03903,O1274,P010,1,20
OD03904,O1274,P046,4,0
OD03905,O1274,P023,3,0
OD03906,O1275,P029,1,20
OD03907,O1275,P039,4,20
OD03908,O1275,P020,5,20
OD03909,O1275,P043,1,10
OD03910,O1276,P037,4,15
OD03911,O1276,P012,2,10
OD03912,O1276,P020,1,15
OD03913,O1276,P029,4,15
OD03914,O1277,P028,2,10
OD03915,O1277,P026,2,5
OD03916,O1277,P003,3,10
OD03917,O1277,P020,2,10
OD03918,O1277,P022,5,15
OD03919,O1278,P004,3,5
OD03920,O1278,P045,2,15
OD03921,O1278,P012,1,0
OD03922,O1279,P042,5,20
OD03923,O1279,P003,4,15
OD03924,O1280,P008,4,5
OD03925,O1280,P025,1,15
OD03926,O1280,P019,4,15
OD03927,O1280,P040,1,15
OD03928,O1280,P005,4,20
OD03929,O1281,P016,3,15
OD03930,O1281,P008,5,15
OD03931,O1281,P002,3,0
OD03932,O1282,P038,2,5
OD03933,O1282,P030,1,10
OD03934,O1282,P019,3,10
OD03935,O1282,P045,1,10
OD03936,O1282,P041,1,20
OD03937,O1283,P024,3,5
OD03938,O1283,P008,2,10
OD03939,O1284,P003,4,15
OD03940,O1284,P009,3,15
OD03941,O1284,P047,2,15
OD03942,O1284,P017,2,20
OD03943,O1284,P018,2,15
OD03944,O1285,P040,1,0
OD03945,O1285,P003,1,10
OD03946,O1285,P014,1,15
OD03947,O1285,P015,1,10
OD03948,O1285,P033,3,15
OD03949,O1286,P013,1,20
OD03950,O1287,P019,2,15
OD03951,O1287,P015,1,20
OD03952,O1287,P018,4,15
OD03953,O1287,P034,4,0
OD03954,O1287,P001,1,5
OD03955,O1288,P022,5,20
OD03956,O1288,P030,1,10
OD03957,O1288,P039,5,10
OD03958,O1289,P013,2,0
OD03959,O1289,P047,1,20
OD03960,O1289,P026,3,20
OD03961,O1290,P030,4,20
OD03962,O1290,P037,1,0
OD03963,O1290,P019,4,15
OD03964,O1290,P004,2,15
OD03965,O1291,P041,4,5
OD03966,O1291,P042,1,5
OD03967,O1292,P008,2,5
OD03968,O1293,P045,4,10
OD03969,O1293,P010,3,15
OD03970,O1294,P019,1,10
OD03971,O1294,P003,2,5
OD03972,O1294,P044,4,0
OD03973,O1294,P007,2,0
OD03974,O1295,P041,5,0
OD03975,O1295,P010,5,20
OD03976,O1295,P016,2,20
OD03977,O1296,P001,2,0
OD03978,O1296,P044,4,20
OD03979,O1296,P025,2,5
OD03980,O1296,P004,2,15
OD03981,O1296,P027,3,0
OD03982,O1297,P014,5,10
OD03983,O1297,P031,5,0
OD03984,O1297,P018,5,0
OD03985,O1297,P047,3,0
OD03986,O1298,P041,1,5
OD03987,O1298,P033,3,0
OD03988,O1298,P040,1,0
OD03989,O1298,P001,1,10
OD03990,O1298,P007,3,10
OD03991,O1299,P004,3,10
OD03992,O1299,P050,5,20
OD03993,O1299,P022,3,15
OD03994,O1300,P015,2,10
OD03995,O1300,P026,2,20
OD03996,O1300,P004,2,20
OD03997,O1300,P043,1,15
OD03998,O1300,P011,1,0
OD03999,O1301,P013,4,10
OD04000,O1301,P031,5,5
OD04001,O1301,P017,1,10
OD04002,O1301,P006,4,5
OD04003,O1301,P037,5,5
OD04004,O1302,P011,1,20
OD04005,O1302,P021,4,0
OD04006,O1302,P049,2,0
OD04007,O1302,P037,4,20
OD04008,O1303,P014,5,5
OD04009,O1303,P006,1,0
OD04010,O1303,P004,2,20
OD04011,O1304,P036,5,0
OD04012,O1304,P018,2,15
OD04013,O1304,P026,1,5
OD04014,O1305,P007,5,0
OD04015,O1305,P044,5,0
OD04016,O1305,P030,4,15
OD04017,O1305,P048,4,10
OD04018,O1305,P029,2,0
OD04019,O1306,P032,1,20
OD04020,O1306,P027,1,15
OD04021,O1307,P023,3,5
OD04022,O1307,P034,2,10
OD04023,O1307,P037,3,10
OD04024,O1307,P007,1,20
OD04025,O1307,P009,5,20
OD04026,O1308,P012,5,5
OD04027,O1308,P007,1,0
OD04028,O1308,P032,1,0
OD04029,O1308,P040,2,10
OD04030,O1308,P044,1,10
OD04031,O1309,P012,4,5
OD04032,O1309,P038,3,5
OD04033,O1310,P022,1,10
OD04034,O1310,P043,5,0
OD04035,O1310,P024,1,0
OD04036,O1311,P023,2,15
OD04037,O1311,P021,5,10
OD04038,O1311,P047,1,15
OD04039,O1311,P010,5,15
OD04040,O1311,P005,2,20
OD04041,O1312,P037,3,0
OD04042,O1312,P046,3,20
OD04043,O1312,P008,5,15
OD04044,O1312,P039,4,0
OD04045,O1313,P016,5,0
OD04046,O1314,P044,5,5
OD04047,O1314,P017,1,10
OD04048,O1315,P017,2,20
OD04049,O1315,P006,3,20
OD04050,O1315,P027,5,0
OD04051,O1316,P020,4,5
OD04052,O1316,P040,2,15
OD04053,O1316,P029,1,0
OD04054,O1316,P008,4,20
OD04055,O1317,P032,2,20
OD04056,O1317,P027,3,15
OD04057,O1317,P024,2,10
OD04058,O1317,P005,5,0
OD04059,O1317,P016,3,20
OD04060,O1318,P026,1,15
OD04061,O1318,P005,2,20
OD04062,O1318,P048,1,5
OD04063,O1318,P043,5,20
OD04064,O1319,P033,3,10
OD04065,O1319,P050,3,0
OD04066,O1319,P002,1,10
OD04067,O1319,P043,1,15
OD04068,O1319,P015,2,5
OD04069,O1320,P035,1,10
OD04070,O1321,P047,2,15
OD04071,O1321,P042,2,5
OD04072,O1321,P023,1,20
OD04073,O1321,P008,4,20
OD04074,O1322,P009,4,0
OD04075,O1322,P026,2,15
OD04076,O1322,P036,2,0
OD04077,O1322,P015,5,20
OD04078,O1322,P025,3,0
OD04079,O1323,P033,3,0
OD04080,O1323,P045,2,15
OD04081,O1324,P039,2,5
OD04082,O1324,P043,3,5
OD04083,O1324,P036,3,20
OD04084,O1324,P025,1,5
OD04085,O1324,P037,5,10
OD04086,O1325,P026,4,10
OD04087,O1325,P022,1,10
OD04088,O1326,P036,1,0
OD04089,O1326,P002,5,5
OD04090,O1326,P049,5,0
OD04091,O1326,P005,5,10
OD04092,O1326,P031,5,5
OD04093,O1327,P026,4,10
OD04094,O1327,P006,2,0
OD04095,O1328,P014,2,0
OD04096,O1328,P034,2,15
OD04097,O1329,P017,2,15
OD04098,O1329,P039,2,15
OD04099,O1329,P002,2,15
OD04100,O1330,P045,4,20
OD04101,O1330,P046,4,10
OD04102,O1330,P015,1,10
OD04103,O1330,P020,5,10
OD04104,O1330,P027,1,5
OD04105,O1331,P016,4,20
OD04106,O1331,P024,3,5
OD04107,O1331,P040,1,15
OD04108,O1332,P028,4,5
OD04109,O1332,P009,4,15
OD04110,O1332,P005,5,10
OD04111,O1332,P046,4,5
OD04112,O1333,P045,1,5
OD04113,O1333,P031,2,20
OD04114,O1333,P041,3,5
OD04115,O1333,P039,5,0
OD04116,O1333,P047,1,15
OD04117,O1334,P020,2,10
OD04118,O1334,P012,3,20
OD04119,O1335,P030,4,5
OD04120,O1336,P037,3,10
OD04121,O1337,P041,3,0
OD04122,O1337,P047,3,0
OD04123,O1337,P020,4,5
OD04124,O1337,P037,1,10
OD04125,O1337,P010,4,10
OD04126,O1338,P006,1,20
OD04127,O1338,P005,2,10
OD04128,O1338,P046,3,15
OD04129,O1338,P049,5,5
OD04130,O1339,P013,2,20
OD04131,O1339,P027,3,5
OD04132,O1339,P038,5,5
OD04133,O1339,P044,1,20
OD04134,O1339,P019,1,15
OD04135,O1340,P034,3,0
OD04136,O1341,P034,5,20
OD04137,O1341,P036,3,15
OD04138,O1341,P048,5,20
OD04139,O1341,P002,3,20
OD04140,O1341,P019,4,10
OD04141,O1342,P018,3,5
OD04142,O1343,P045,5,0
OD04143,O1343,P006,3,5
OD04144,O1343,P010,5,10
OD04145,O1343,P037,1,20
OD04146,O1343,P026,5,10
OD04147,O1344,P019,3,5
OD04148,O1344,P046,4,0
OD04149,O1344,P021,5,5
OD04150,O1344,P018,3,0
OD04151,O1344,P020,4,15
OD04152,O1345,P032,4,15
OD04153,O1345,P002,4,20
OD04154,O1345,P026,1,0
OD04155,O1345,P025,1,5
OD04156,O1345,P007,5,0
OD04157,O1346,P026,4,20
OD04158,O1347,P035,5,0
OD04159,O1347,P045,5,15
OD04160,O1347,P047,1,20
OD04161,O1348,P033,2,15
OD04162,O1348,P031,2,5
OD04163,O1348,P023,2,20
OD04164,O1349,P034,2,5
OD04165,O1349,P008,3,20
OD04166,O1350,P037,2,10
OD04167,O1351,P016,1,0
OD04168,O1351,P023,3,15
OD04169,O1351,P027,5,10
OD04170,O1352,P041,1,10
OD04171,O1352,P020,4,15
OD04172,O1353,P042,5,20
OD04173,O1354,P039,2,15
OD04174,O1354,P044,5,20
OD04175,O1354,P023,1,15
OD04176,O1354,P008,1,10
OD04177,O1355,P013,2,0
OD04178,O1355,P016,3,15
OD04179,O1355,P009,1,5
OD04180,O1355,P047,2,0
OD04181,O1355,P046,3,15
OD04182,O1356,P050,4,5
OD04183,O1357,P025,4,20
OD04184,O1357,P038,1,15
OD04185,O1357,P045,3,20
OD04186,O1357,P042,2,5
OD04187,O1358,P007,2,15
OD04188,O1358,P016,5,0
OD04189,O1359,P014,4,20
OD04190,O1359,P038,1,15
OD04191,O1360,P029,3,5
OD04192,O1361,P023,1,20
OD04193,O1361,P037,3,10
OD04194,O1362,P026,4,20
OD04195,O1362,P007,4,0
OD04196,O1362,P012,2,0
OD04197,O1363,P027,5,0
OD04198,O1364,P043,3,0
OD04199,O1364,P041,4,20
OD04200,O1364,P034,2,10
OD04201,O1364,P014,5,0
OD04202,O1365,P041,3,20
OD04203,O1365,P019,5,0
OD04204,O1366,P043,5,15
OD04205,O1366,P032,4,20
OD04206,O1366,P038,5,20
OD04207,O1366,P050,4,0
OD04208,O1366,P023,2,15
OD04209,O1367,P016,1,15
OD04210,O1367,P035,3,20
OD04211,O1368,P034,1,20
OD04212,O1368,P046,1,20
OD04213,O1368,P007,3,20
OD04214,O1369,P003,3,10
OD04215,O1369,P005,4,10
OD04216,O1370,P047,5,0
OD04217,O1371,P032,1,0
OD04218,O1371,P046,4,15
OD04219,O1371,P019,3,15
OD04220,O1372,P006,3,0
OD04221,O1372,P047,5,15
OD04222,O1372,P036,3,10
OD04223,O1372,P005,1,15
OD04224,O1373,P047,4,0
OD04225,O1374,P040,2,20
OD04226,O1375,P023,3,15
OD04227,O1376,P037,3,0
OD04228,O1376,P023,5,15
OD04229,O1376,P014,4,10
OD04230,O1376,P050,3,5
OD04231,O1376,P044,4,10
OD04232,O1377,P016,3,10
OD04233,O1378,P043,5,20
OD04234,O1379,P009,1,0
OD04235,O1379,P029,2,20
OD04236,O1379,P003,3,0
OD04237,O1379,P039,2,10
OD04238,O1379,P043,3,5
OD04239,O1380,P009,3,20
OD04240,O1380,P007,4,20
OD04241,O1381,P030,3,10
OD04242,O1381,P003,1,20
OD04243,O1381,P004,1,15
OD04244,O1381,P035,2,20
OD04245,O1381,P018,4,5
OD04246,O1382,P044,2,5
OD04247,O1382,P040,2,5
OD04248,O1382,P011,5,10
OD04249,O1382,P017,4,5
OD04250,O1383,P039,4,5
OD04251,O1383,P017,1,0
OD04252,O1383,P010,4,5
OD04253,O1384,P044,5,20
OD04254,O1384,P040,2,10
OD04255,O1384,P050,5,5
OD04256,O1385,P025,5,20
OD04257,O1385,P050,5,10
OD04258,O1385,P047,3,0
OD04259,O1385,P037,1,5
OD04260,O1386,P010,2,20
OD04261,O1386,P005,1,20
OD04262,O1386,P021,2,5
OD04263,O1386,P046,4,5
OD04264,O1387,P032,5,0
OD04265,O1388,P017,5,20
OD04266,O1388,P023,3,20
OD04267,O1388,P014,4,0
OD04268,O1388,P028,2,0
OD04269,O1388,P042,2,10
OD04270,O1389,P024,1,15
OD04271,O1389,P007,2,10
OD04272,O1390,P044,3,20
OD04273,O1390,P008,5,10
OD04274,O1390,P004,2,15
OD04275,O1390,P012,4,10
OD04276,O1391,P027,3,5
OD04277,O1391,P012,1,15
OD04278,O1391,P044,4,5
OD04279,O1391,P007,3,20
OD04280,O1392,P014,4,15
OD04281,O1392,P017,2,10
OD04282,O1392,P049,2,15
OD04283,O1393,P050,4,0
OD04284,O1393,P005,3,15
OD04285,O1394,P019,5,0
OD04286,O1394,P024,3,5
OD04287,O1395,P008,1,0
OD04288,O1395,P037,4,0
OD04289,O1395,P043,2,0
OD04290,O1395,P031,4,20
OD04291,O1396,P002,3,10
OD04292,O1396,P042,4,10
OD04293,O1396,P040,5,20
OD04294,O1397,P013,4,20
OD04295,O1398,P045,5,10
OD04296,O1398,P018,1,20
OD04297,O1398,P038,2,5
OD04298,O1399,P034,5,20
OD04299,O1399,P004,3,10
OD04300,O1399,P002,1,20
OD04301,O1399,P032,5,15
OD04302,O1399,P050,2,0
OD04303,O1400,P010,3,15
OD04304,O1400,P017,1,20
OD04305,O1400,P008,2,15
OD04306,O1400,P047,3,5
OD04307,O1400,P044,4,10
OD04308,O1401,P020,1,5
OD04309,O1401,P019,2,0
OD04310,O1401,P021,1,0
OD04311,O1401,P012,2,5
OD04312,O1402,P024,5,0
OD04313,O1402,P016,2,0
OD04314,O1402,P003,2,15
OD04315,O1403,P041,5,0
OD04316,O1403,P033,3,10
OD04317,O1403,P017,5,20
OD04318,O1403,P044,1,5
OD04319,O1404,P013,3,15
OD04320,O1404,P024,3,10
OD04321,O1405,P030,5,20
OD04322,O1405,P011,5,0
OD04323,O1405,P012,5,20
OD04324,O1405,P049,5,20
OD04325,O1406,P037,1,20
OD04326,O1406,P005,3,5
OD04327,O1406,P007,4,5
OD04328,O1407,P028,4,10
OD04329,O1407,P040,2,20
OD04330,O1407,P049,4,5
OD04331,O1408,P031,3,0
OD04332,O1408,P038,3,5
OD04333,O1408,P020,5,5
OD04334,O1408,P028,5,0
OD04335,O1408,P004,4,10
OD04336,O1409,P001,1,0
OD04337,O1409,P047,3,15
OD04338,O1409,P023,4,5
OD04339,O1409,P011,3,5
OD04340,O1410,P043,5,20
OD04341,O1411,P046,4,15
OD04342,O1411,P037,4,0
OD04343,O1411,P023,3,15
OD04344,O1412,P004,5,10
OD04345,O1412,P039,3,10
OD04346,O1412,P047,4,15
OD04347,O1412,P005,5,10
OD04348,O1412,P023,5,5
OD04349,O1413,P011,1,0
OD04350,O1414,P012,3,5
OD04351,O1414,P013,4,15
OD04352,O1415,P028,1,15
OD04353,O1416,P048,1,15
OD04354,O1416,P028,2,20
OD04355,O1416,P035,4,5
OD04356,O1416,P042,3,15
OD04357,O1417,P005,4,5
OD04358,O1417,P040,1,5
OD04359,O1417,P029,3,15
OD04360,O1417,P025,3,0
OD04361,O1418,P014,1,10
OD04362,O1419,P019,3,10
OD04363,O1420,P007,4,10
OD04364,O1420,P031,5,20
OD04365,O1421,P047,4,15
OD04366,O1422,P003,1,0
OD04367,O1422,P010,5,20
OD04368,O1423,P002,1,5
OD04369,O1423,P031,1,15
OD04370,O1424,P010,2,15
OD04371,O1424,P012,3,0
OD04372,O1424,P019,4,10
OD04373,O1424,P013,1,10
OD04374,O1425,P031,3,0
OD04375,O1425,P015,1,10
OD04376,O1426,P019,4,0
OD04377,O1426,P014,3,20
OD04378,O1426,P005,1,5
OD04379,O1427,P027,5,0
OD04380,O1427,P005,1,0
OD04381,O1427,P033,5,5
OD04382,O1428,P003,5,20
OD04383,O1428,P006,2,10
OD04384,O1428,P017,5,15
OD04385,O1428,P028,2,10
OD04386,O1429,P008,1,20
OD04387,O1429,P029,3,5
OD04388,O1429,P043,2,20
OD04389,O1429,P004,2,5
OD04390,O1429,P041,2,15
OD04391,O1430,P012,5,5
OD04392,O1430,P014,2,10
OD04393,O1430,P027,3,20
OD04394,O1430,P002,5,20
OD04395,O1431,P035,5,20
OD04396,O1431,P012,4,10
OD04397,O1431,P028,4,5
OD04398,O1431,P006,5,20
OD04399,O1431,P009,3,5
OD04400,O1432,P034,3,5
OD04401,O1432,P023,1,0
OD04402,O1433,P025,5,20
OD04403,O1434,P049,2,10
OD04404,O1435,P009,5,0
OD04405,O1435,P034,1,0
OD04406,O1435,P007,4,10
OD04407,O1435,P045,3,5
OD04408,O1435,P048,4,15
OD04409,O1436,P007,4,5
OD04410,O1436,P018,3,0
OD04411,O1436,P032,4,10
OD04412,O1436,P005,3,20
OD04413,O1436,P047,1,15
OD04414,O1437,P025,2,5
OD04415,O1437,P002,1,0
OD04416,O1437,P011,3,10
OD04417,O1437,P017,3,0
OD04418,O1438,P026,3,5
OD04419,O1438,P050,5,5
OD04420,O1438,P035,2,10
OD04421,O1438,P020,3,0
OD04422,O1438,P032,4,0
OD04423,O1439,P023,4,5
OD04424,O1440,P020,3,5
OD04425,O1440,P005,3,10
OD04426,O1440,P026,4,10
OD04427,O1440,P012,2,20
OD04428,O1441,P030,2,15
OD04429,O1441,P015,3,20
OD04430,O1441,P007,1,15
OD04431,O1441,P005,1,5
OD04432,O1441,P032,5,5
OD04433,O1442,P025,2,5
OD04434,O1442,P008,4,20
OD04435,O1442,P041,4,20
OD04436,O1442,P020,5,5
OD04437,O1443,P016,5,10
OD04438,O1443,P026,2,5
OD04439,O1444,P040,3,15
OD04440,O1445,P001,5,15
OD04441,O1446,P040,4,15
OD04442,O1447,P014,3,10
OD04443,O1447,P018,5,20
OD04444,O1447,P015,5,5
OD04445,O1448,P001,5,5
OD04446,O1448,P018,5,0
OD04447,O1448,P045,3,10
OD04448,O1449,P023,1,10
OD04449,O1449,P001,5,15
OD04450,O1450,P045,1,10
OD04451,O1450,P037,1,20
OD04452,O1451,P035,3,20
OD04453,O1451,P004,4,20
OD04454,O1452,P046,5,20
OD04455,O1452,P029,2,15
OD04456,O1453,P008,4,5
OD04457,O1453,P038,3,10
OD04458,O1453,P045,1,5
OD04459,O1453,P016,3,0
OD04460,O1453,P027,2,15
OD04461,O1454,P027,3,20
OD04462,O1454,P023,5,20
OD04463,O1455,P018,2,15
OD04464,O1456,P003,3,0
OD04465,O1456,P029,1,0
OD04466,O1456,P028,2,0
OD04467,O1456,P023,2,5
OD04468,O1457,P017,4,10
OD04469,O1457,P006,3,10
OD04470,O1457,P032,2,10
OD04471,O1457,P018,2,20
OD04472,O1458,P031,4,20
OD04473,O1458,P007,2,10
OD04474,O1458,P026,5,15
OD04475,O1458,P011,3,10
OD04476,O1459,P042,1,0
OD04477,O1459,P007,3,15
OD04478,O1459,P002,5,0
OD04479,O1460,P034,5,0
OD04480,O1460,P010,3,5
OD04481,O1461,P002,4,5
OD04482,O1461,P040,4,20
OD04483,O1461,P014,4,20
OD04484,O1461,P047,5,5
OD04485,O1461,P025,1,15
OD04486,O1462,P041,1,0
OD04487,O1462,P007,1,10
OD04488,O1463,P020,1,20
OD04489,O1463,P035,3,5
OD04490,O1463,P042,2,10
OD04491,O1464,P022,3,20
OD04492,O1464,P017,1,15
OD04493,O1464,P002,5,0
OD04494,O1464,P024,4,15
OD04495,O1465,P005,1,15
OD04496,O1465,P050,4,5
OD04497,O1465,P023,1,20
OD04498,O1466,P026,5,20
OD04499,O1467,P009,5,5
OD04500,O1468,P002,5,0
OD04501,O1468,P023,5,0
OD04502,O1468,P030,3,5
OD04503,O1468,P017,5,20
OD04504,O1468,P027,1,10
OD04505,O1469,P028,1,15
OD04506,O1469,P030,5,15
OD04507,O1469,P014,1,20
OD04508,O1470,P035,5,15
OD04509,O1470,P029,1,20
OD04510,O1470,P045,4,0
OD04511,O1471,P005,4,15
OD04512,O1471,P043,4,0
OD04513,O1471,P007,2,0
OD04514,O1472,P019,2,10
OD04515,O1472,P010,3,20
OD04516,O1472,P043,2,10
OD04517,O1472,P026,5,10
OD04518,O1472,P003,2,0
OD04519,O1473,P005,5,20
OD04520,O1473,P007,3,5
OD04521,O1473,P029,4,10
OD04522,O1473,P003,2,20
OD04523,O1473,P019,2,10
OD04524,O1474,P042,3,0
OD04525,O1474,P012,4,15
OD04526,O1474,P004,2,10
OD04527,O1474,P039,2,20
OD04528,O1475,P048,4,5
OD04529,O1476,P009,4,20
OD04530,O1477,P038,3,5
OD04531,O1477,P014,4,15
OD04532,O1477,P026,2,0
OD04533,O1477,P024,3,20
OD04534,O1478,P042,1,15
OD04535,O1478,P025,1,15
OD04536,O1478,P033,3,0
OD04537,O1479,P006,3,5
OD04538,O1479,P050,1,20
OD04539,O1480,P017,2,20
OD04540,O1480,P013,2,20
OD04541,O1481,P015,4,5
OD04542,O1481,P016,5,5
OD04543,O1481,P025,3,0
OD04544,O1482,P040,1,20
OD04545,O1483,P040,2,5
OD04546,O1483,P046,4,15
OD04547,O1483,P045,3,20
OD04548,O1484,P022,1,15
OD04549,O1485,P046,2,10
OD04550,O1485,P006,2,10
OD04551,O1485,P025,4,20
OD04552,O1486,P008,1,5
OD04553,O1486,P041,5,0
OD04554,O1487,P045,1,0
OD04555,O1488,P026,2,15
OD04556,O1488,P043,2,5
OD04557,O1489,P048,3,5
OD04558,O1490,P014,2,10
OD04559,O1490,P037,5,5
OD04560,O1491,P048,5,0
OD04561,O1491,P034,2,10
OD04562,O1491,P028,3,20
OD04563,O1492,P007,2,0
OD04564,O1492,P050,5,0
OD04565,O1492,P009,4,15
OD04566,O1492,P027,5,20
OD04567,O1493,P012,5,15
OD04568,O1494,P003,5,0
OD04569,O1494,P035,5,0
OD04570,O1494,P043,1,15
OD04571,O1494,P040,5,0
OD04572,O1495,P039,1,15
OD04573,O1495,P047,5,0
OD04574,O1496,P029,3,0
OD04575,O1496,P028,5,5
OD04576,O1496,P045,1,10
OD04577,O1496,P012,3,5
OD04578,O1496,P005,5,0
OD04579,O1497,P037,3,15
OD04580,O1497,P031,5,0
OD04581,O1498,P010,3,0
OD04582,O1498,P044,3,15
OD04583,O1499,P037,3,5
OD04584,O1499,P010,2,0
OD04585,O1499,P009,3,15
OD04586,O1500,P050,2,15
OD04587,O1500,P017,4,0
OD04588,O1500,P020,4,20
OD04589,O1501,P031,4,10
OD04590,O1501,P001,1,20
OD04591,O1501,P008,3,15
OD04592,O1501,P019,5,5
OD04593,O1502,P032,3,0
OD04594,O1502,P044,4,20
OD04595,O1502,P037,5,5
OD04596,O1502,P021,2,5
OD04597,O1503,P041,5,10
OD04598,O1503,P017,4,10
OD04599,O1503,P022,4,15
OD04600,O1503,P012,2,20
OD04601,O1504,P044,2,20
OD04602,O1505,P019,2,15
OD04603,O1506,P023,2,15
OD04604,O1506,P025,1,10
OD04605,O1507,P042,5,5
OD04606,O1507,P001,4,5
OD04607,O1507,P022,4,5
OD04608,O1507,P015,1,0
OD04609,O1507,P002,2,0
OD04610,O1508,P001,5,15
OD04611,O1509,P040,2,10
OD04612,O1509,P006,1,5
OD04613,O1509,P002,1,15
OD04614,O1509,P022,2,10
OD04615,O1509,P045,1,5
OD04616,O1510,P015,1,0
OD04617,O1510,P038,4,5
OD04618,O1510,P025,5,0
OD04619,O1510,P048,5,0
OD04620,O1511,P014,4,10
OD04621,O1511,P008,5,15
OD04622,O1512,P029,2,10
OD04623,O1513,P015,2,5
OD04624,O1513,P013,1,15
OD04625,O1513,P033,5,0
OD04626,O1514,P003,3,5
OD04627,O1514,P049,1,5
OD04628,O1514,P014,4,10
OD04629,O1514,P008,1,10
OD04630,O1515,P043,4,5
OD04631,O1515,P038,5,5
OD04632,O1516,P002,2,20
OD04633,O1517,P038,1,0
OD04634,O1518,P019,2,15
OD04635,O1518,P037,5,0
OD04636,O1518,P046,4,10
OD04637,O1518,P039,4,15
OD04638,O1519,P030,2,20
OD04639,O1519,P031,1,10
OD04640,O1519,P023,3,0
OD04641,O1519,P047,1,15
OD04642,O1519,P002,2,10
OD04643,O1520,P005,3,0
OD04644,O1521,P010,5,5
OD04645,O1521,P016,1,20
OD04646,O1521,P025,3,20
OD04647,O1521,P013,2,0
OD04648,O1522,P041,3,5
OD04649,O1522,P008,1,5
OD04650,O1522,P046,4,0
OD04651,O1522,P016,2,5
OD04652,O1523,P020,2,5
OD04653,O1523,P033,5,0
OD04654,O1523,P026,1,20
OD04655,O1524,P035,1,0
OD04656,O1524,P002,2,5
OD04657,O1525,P043,2,5
OD04658,O1525,P023,3,0
OD04659,O1526,P033,2,15
OD04660,O1526,P042,1,15
OD04661,O1526,P002,3,5
OD04662,O1527,P028,5,20
OD04663,O1527,P038,2,15
OD04664,O1527,P041,4,20
OD04665,O1527,P014,3,20
OD04666,O1528,P009,2,5
OD04667,O1528,P018,4,20
OD04668,O1528,P050,3,15
OD04669,O1529,P017,2,5
OD04670,O1529,P009,2,15
OD04671,O1529,P008,2,20
OD04672,O1529,P015,5,10
OD04673,O1529,P012,1,0
OD04674,O1530,P013,5,0
OD04675,O1530,P039,4,0
OD04676,O1530,P025,3,0
OD04677,O1530,P046,4,5
OD04678,O1530,P040,3,10
OD04679,O1531,P031,1,0
OD04680,O1531,P026,1,15
OD04681,O1532,P050,3,20
OD04682,O1533,P028,4,5
OD04683,O1533,P009,1,15
OD04684,O1533,P029,1,5
OD04685,O1534,P021,4,5
OD04686,O1535,P023,1,0
OD04687,O1535,P033,5,5
OD04688,O1536,P039,1,15
OD04689,O1536,P001,1,0
OD04690,O1537,P034,3,10
OD04691,O1537,P029,5,5
OD04692,O1538,P041,2,20
OD04693,O1538,P019,3,10
OD04694,O1539,P004,5,15
OD04695,O1539,P015,4,5
OD04696,O1539,P032,5,10
OD04697,O1540,P041,4,15
OD04698,O1541,P046,1,15
OD04699,O1542,P037,1,0
OD04700,O1542,P014,1,5
OD04701,O1542,P011,2,15
OD04702,O1542,P050,2,10
OD04703,O1543,P044,1,10
OD04704,O1544,P036,1,5
OD04705,O1544,P023,4,20
OD04706,O1545,P035,3,0
OD04707,O1546,P017,3,20
OD04708,O1546,P011,1,20
OD04709,O1546,P042,2,0
OD04710,O1546,P003,2,5
OD04711,O1546,P024,4,5
OD04712,O1547,P024,1,5
OD04713,O1547,P028,3,20
OD04714,O1547,P040,3,15
OD04715,O1547,P050,3,10
OD04716,O1547,P009,3,5
OD04717,O1548,P038,2,15
OD04718,O1548,P018,4,10
OD04719,O1548,P042,4,0
OD04720,O1548,P048,1,15
OD04721,O1548,P013,5,5
OD04722,O1549,P019,2,0
OD04723,O1549,P044,2,10
OD04724,O1549,P041,1,15
OD04725,O1550,P010,4,0
OD04726,O1550,P035,1,15
OD04727,O1550,P009,3,10
OD04728,O1551,P011,3,5
OD04729,O1551,P025,5,0
OD04730,O1551,P002,5,15
OD04731,O1552,P039,4,10
OD04732,O1553,P018,4,15
OD04733,O1554,P034,4,0
OD04734,O1554,P043,5,5
OD04735,O1554,P009,4,0
OD04736,O1554,P001,4,10
OD04737,O1554,P039,3,20
OD04738,O1555,P026,2,20
OD04739,O1555,P010,4,10
OD04740,O1555,P001,5,20
OD04741,O1556,P022,2,0
OD04742,O1556,P007,1,0
OD04743,O1557,P031,5,10
OD04744,O1557,P013,5,15
OD04745,O1557,P015,2,0
OD04746,O1557,P016,2,20
OD04747,O1557,P048,5,5
OD04748,O1558,P027,2,5
OD04749,O1558,P006,1,10
OD04750,O1558,P045,5,15
OD04751,O1559,P036,5,10
OD04752,O1559,P033,4,5
OD04753,O1560,P014,2,0
OD04754,O1560,P011,2,5
OD04755,O1560,P022,4,10
OD04756,O1560,P045,3,10
OD04757,O1560,P015,3,5
OD04758,O1561,P041,1,10
OD04759,O1561,P030,4,5
OD04760,O1561,P040,4,20
OD04761,O1561,P048,3,10
OD04762,O1562,P050,2,10
OD04763,O1562,P048,4,20
OD04764,O1562,P020,3,5
OD04765,O1562,P030,5,20
OD04766,O1562,P028,1,5
OD04767,O1563,P017,2,5
OD04768,O1563,P033,2,10
OD04769,O1563,P025,2,15
OD04770,O1564,P024,3,10
OD04771,O1564,P039,1,5
OD04772,O1564,P025,1,10
OD04773,O1565,P016,5,0
OD04774,O1565,P046,3,20
OD04775,O1565,P018,3,0
OD04776,O1566,P044,3,0
OD04777,O1567,P035,4,15
OD04778,O1567,P037,4,15
OD04779,O1567,P043,3,10
OD04780,O1567,P002,2,15
OD04781,O1568,P024,1,5
OD04782,O1569,P047,4,10
OD04783,O1569,P048,1,15
OD04784,O1570,P039,3,5
OD04785,O1571,P008,4,10
OD04786,O1571,P029,3,0
OD04787,O1571,P038,4,0
OD04788,O1572,P037,4,20
OD04789,O1572,P048,5,20
OD04790,O1573,P027,5,0
OD04791,O1573,P030,5,5
OD04792,O1574,P031,2,20
OD04793,O1574,P029,3,5
OD04794,O1574,P010,1,20
OD04795,O1574,P027,5,5
OD04796,O1574,P011,1,10
OD04797,O1575,P007,5,20
OD04798,O1575,P034,5,5
OD04799,O1576,P037,5,20
OD04800,O1577,P041,4,5
OD04801,O1578,P044,1,10
OD04802,O1579,P024,1,15
OD04803,O1579,P025,2,10
OD04804,O1579,P036,1,0
OD04805,O1579,P014,2,20
OD04806,O1580,P034,1,15
OD04807,O1580,P029,1,15
OD04808,O1580,P009,1,15
OD04809,O1580,P041,3,10
OD04810,O1580,P050,1,20
OD04811,O1581,P002,1,0
OD04812,O1581,P041,5,0
OD04813,O1581,P046,3,10
OD04814,O1581,P043,5,5
OD04815,O1581,P020,3,0
OD04816,O1582,P046,4,15
OD04817,O1582,P011,2,20
OD04818,O1582,P007,3,0
OD04819,O1582,P013,1,0
OD04820,O1583,P017,3,5
OD04821,O1583,P015,5,0
OD04822,O1583,P045,4,15
OD04823,O1583,P033,3,5
OD04824,O1583,P041,2,10
OD04825,O1584,P022,1,10
OD04826,O1584,P033,1,5
OD04827,O1584,P039,3,0
OD04828,O1585,P024,2,20
OD04829,O1586,P017,5,10
OD04830,O1586,P046,3,0
OD04831,O1587,P006,3,5
OD04832,O1587,P025,4,20
OD04833,O1587,P032,1,15
OD04834,O1587,P011,5,20
OD04835,O1587,P036,2,15
OD04836,O1588,P042,2,20
OD04837,O1588,P021,2,0
OD04838,O1589,P012,2,10
OD04839,O1589,P009,4,5
OD04840,O1589,P023,4,15
OD04841,O1589,P029,2,15
OD04842,O1590,P005,4,0
OD04843,O1590,P030,2,20
OD04844,O1590,P012,3,10
OD04845,O1590,P011,1,15
OD04846,O1591,P013,2,0
OD04847,O1591,P039,4,5
OD04848,O1591,P009,2,0
OD04849,O1592,P027,1,0
OD04850,O1592,P005,3,5
OD04851,O1592,P013,3,20
OD04852,O1592,P003,4,20
OD04853,O1592,P024,2,0
OD04854,O1593,P036,2,5
OD04855,O1593,P018,2,15
OD04856,O1593,P016,1,10
OD04857,O1593,P030,1,15
OD04858,O1593,P045,3,20
OD04859,O1594,P041,4,15
OD04860,O1595,P033,4,10
OD04861,O1595,P015,1,20
OD04862,O1595,P027,3,20
OD04863,O1595,P035,1,20
OD04864,O1595,P036,2,15
OD04865,O1596,P038,2,10
OD04866,O1596,P034,2,10
OD04867,O1597,P049,1,5
OD04868,O1598,P009,1,15
OD04869,O1599,P040,1,10
OD04870,O1600,P022,3,10
OD04871,O1600,P030,3,0
OD04872,O1600,P008,5,15
OD04873,O1601,P041,2,15
OD04874,O1601,P028,2,20
OD04875,O1601,P025,4,10
OD04876,O1601,P047,3,20
OD04877,O1601,P004,5,20
OD04878,O1602,P028,4,15
OD04879,O1602,P006,1,15
OD04880,O1603,P012,5,0
OD04881,O1603,P001,5,0
OD04882,O1603,P015,5,20
OD04883,O1603,P048,1,20
OD04884,O1603,P017,4,15
OD04885,O1604,P014,3,20
OD04886,O1604,P009,5,5
OD04887,O1604,P010,3,15
OD04888,O1604,P027,5,5
OD04889,O1604,P033,1,10
OD04890,O1605,P042,4,10
OD04891,O1605,P002,1,10
OD04892,O1605,P038,3,0
OD04893,O1606,P025,5,20
OD04894,O1606,P007,3,0
OD04895,O1606,P031,1,15
OD04896,O1606,P027,2,5
OD04897,O1607,P045,1,20
OD04898,O1607,P046,3,10
OD04899,O1607,P017,1,10
OD04900,O1607,P021,2,20
OD04901,O1608,P036,4,15
OD04902,O1609,P015,1,10
OD04903,O1609,P039,3,15
OD04904,O1610,P019,4,0
OD04905,O1610,P011,3,0
OD04906,O1610,P012,3,20
OD04907,O1610,P025,3,15
OD04908,O1611,P027,4,15
OD04909,O1612,P014,1,10
OD04910,O1612,P019,4,5
OD04911,O1612,P039,3,10
OD04912,O1612,P049,5,15
OD04913,O1613,P040,5,0
OD04914,O1613,P039,4,0
OD04915,O1613,P036,5,5
OD04916,O1613,P005,2,0
OD04917,O1614,P014,4,20
OD04918,O1614,P044,1,10
OD04919,O1615,P047,5,10
OD04920,O1615,P010,1,5
OD04921,O1615,P016,4,20
OD04922,O1616,P040,1,5
OD04923,O1616,P031,3,5
OD04924,O1616,P050,2,0
OD04925,O1617,P010,5,0
OD04926,O1617,P031,2,5
OD04927,O1617,P035,3,0
OD04928,O1618,P009,1,15
OD04929,O1618,P006,2,0
OD04930,O1618,P003,2,15
OD04931,O1618,P018,5,10
OD04932,O1618,P015,1,15
OD04933,O1619,P019,5,15
OD04934,O1619,P043,5,10
OD04935,O1619,P029,1,20
OD04936,O1619,P050,5,10
OD04937,O1620,P004,2,0
OD04938,O1620,P002,1,20
OD04939,O1620,P036,5,0
OD04940,O1620,P038,3,5
OD04941,O1621,P029,3,0
OD04942,O1621,P015,2,5
OD04943,O1621,P011,1,5
OD04944,O1622,P021,5,0
OD04945,O1622,P023,2,10
OD04946,O1622,P033,5,20
OD04947,O1623,P037,2,20
OD04948,O1623,P040,2,15
OD04949,O1623,P046,3,10
OD04950,O1623,P017,5,10
OD04951,O1624,P012,4,15
OD04952,O1625,P007,3,15
OD04953,O1625,P004,1,10
OD04954,O1626,P035,1,15
OD04955,O1626,P024,4,0
OD04956,O1626,P004,4,20
OD04957,O1626,P047,2,20
OD04958,O1627,P001,3,20
OD04959,O1627,P049,1,15
OD04960,O1627,P019,5,5
OD04961,O1627,P033,1,0
OD04962,O1628,P014,5,15
OD04963,O1628,P015,3,15
OD04964,O1628,P033,1,5
OD04965,O1629,P012,3,10
OD04966,O1629,P039,4,0
OD04967,O1629,P007,1,10
OD04968,O1630,P001,2,5
OD04969,O1630,P012,2,15
OD04970,O1630,P041,3,5
OD04971,O1631,P014,1,0
OD04972,O1631,P035,2,5
OD04973,O1631,P025,5,15
OD04974,O1632,P007,2,5
OD04975,O1632,P040,4,20
OD04976,O1632,P013,5,5
OD04977,O1632,P025,4,5
OD04978,O1633,P031,1,10
OD04979,O1633,P020,4,10
OD04980,O1633,P033,5,0
OD04981,O1633,P002,4,10
OD04982,O1634,P031,5,20
OD04983,O1634,P002,5,15
OD04984,O1634,P019,3,5
OD04985,O1634,P030,4,0
OD04986,O1635,P039,5,0
OD04987,O1635,P028,5,20
OD04988,O1635,P031,4,10
OD04989,O1635,P013,1,5
OD04990,O1636,P014,1,0
OD04991,O1636,P003,5,5
OD04992,O1636,P006,2,15
OD04993,O1637,P011,1,10
OD04994,O1638,P036,4,15
OD04995,O1638,P030,1,0
OD04996,O1638,P032,1,0
OD04997,O1638,P006,1,10
OD04998,O1638,P014,3,20
OD04999,O1639,P029,5,10
OD05000,O1639,P024,2,0
OD05001,O1639,P013,5,5
OD05002,O1639,P039,1,5
OD05003,O1639,P002,5,15
OD05004,O1640,P048,5,0
OD05005,O1640,P035,2,10
OD05006,O1641,P008,2,0
OD05007,O1641,P030,5,0
OD05008,O1641,P026,5,0
OD05009,O1641,P043,5,20
OD05010,O1642,P008,2,10
OD05011,O1642,P031,2,0
OD05012,O1642,P037,3,5
OD05013,O1643,P039,5,15
OD05014,O1643,P010,5,5
OD05015,O1643,P012,1,0
OD05016,O1644,P046,1,20
OD05017,O1644,P014,4,5
OD05018,O1644,P036,2,20
OD05019,O1645,P031,1,20
OD05020,O1645,P019,2,10
OD05021,O1646,P006,1,20
OD05022,O1646,P039,4,5
OD05023,O1646,P048,3,20
OD05024,O1647,P016,5,0
OD05025,O1648,P017,4,0
OD05026,O1649,P048,1,0
OD05027,O1649,P016,1,15
OD05028,O1650,P032,2,15
OD05029,O1651,P041,3,5
OD05030,O1652,P050,3,0
OD05031,O1652,P001,2,10
OD05032,O1652,P010,3,10
OD05033,O1652,P011,3,10
OD05034,O1653,P044,5,20
OD05035,O1653,P006,4,5
OD05036,O1654,P050,1,5
OD05037,O1654,P005,1,20
OD05038,O1654,P042,4,5
OD05039,O1654,P049,1,5
OD05040,O1655,P040,4,15
OD05041,O1656,P020,3,5
OD05042,O1656,P023,5,0
OD05043,O1657,P036,3,10
OD05044,O1657,P014,1,20
OD05045,O1657,P015,3,0
OD05046,O1658,P012,5,5
OD05047,O1659,P015,1,10
OD05048,O1659,P027,5,0
OD05049,O1660,P007,3,15
OD05050,O1661,P039,3,5
OD05051,O1661,P016,4,5
OD05052,O1661,P018,1,5
OD05053,O1661,P006,1,5
OD05054,O1661,P002,5,15
OD05055,O1662,P022,4,15
OD05056,O1662,P002,1,15
OD05057,O1662,P025,2,0
OD05058,O1662,P049,2,0
OD05059,O1662,P030,4,5
OD05060,O1663,P034,4,5
OD05061,O1663,P026,1,10
OD05062,O1664,P022,3,5
OD05063,O1665,P043,1,0
OD05064,O1665,P048,3,10
OD05065,O1665,P022,1,15
OD05066,O1666,P037,2,0
OD05067,O1666,P022,2,5
OD05068,O1666,P013,5,20
OD05069,O1666,P041,3,5
OD05070,O1666,P015,4,20
OD05071,O1667,P008,2,5
OD05072,O1668,P006,1,10
OD05073,O1669,P004,3,10
OD05074,O1670,P012,2,0
OD05075,O1671,P019,3,0
OD05076,O1671,P024,5,20
OD05077,O1671,P046,2,0
OD05078,O1671,P018,1,15
OD05079,O1671,P009,3,0
OD05080,O1672,P027,1,5
OD05081,O1672,P004,5,5
OD05082,O1672,P042,2,5
OD05083,O1672,P001,5,10
OD05084,O1673,P036,3,20
OD05085,O1673,P007,4,10
OD05086,O1674,P018,2,5
OD05087,O1674,P006,2,0
OD05088,O1674,P021,3,0
OD05089,O1674,P019,5,0
OD05090,O1674,P032,4,5
OD05091,O1675,P023,5,15
OD05092,O1675,P039,1,15
OD05093,O1675,P033,3,20
OD05094,O1675,P028,2,20
OD05095,O1676,P010,4,15
OD05096,O1676,P014,3,5
OD05097,O1676,P037,1,0
OD05098,O1676,P030,3,10
OD05099,O1677,P006,1,15
OD05100,O1678,P019,3,10
OD05101,O1678,P018,4,15
OD05102,O1679,P019,1,15
OD05103,O1679,P038,1,0
OD05104,O1679,P002,2,10
OD05105,O1680,P005,2,20
OD05106,O1680,P021,1,5
OD05107,O1680,P041,5,15
OD05108,O1681,P038,5,0
OD05109,O1681,P043,3,20
OD05110,O1681,P040,5,20
OD05111,O1682,P005,1,10
OD05112,O1682,P047,4,10
OD05113,O1682,P014,1,10
OD05114,O1682,P011,4,0
OD05115,O1682,P009,5,10
OD05116,O1683,P034,2,5
OD05117,O1683,P018,1,5
OD05118,O1683,P030,4,5
OD05119,O1683,P014,5,5
OD05120,O1684,P017,5,0
OD05121,O1684,P032,4,0
OD05122,O1684,P025,4,15
OD05123,O1685,P022,2,5
OD05124,O1685,P025,5,15
OD05125,O1685,P015,3,15
OD05126,O1685,P045,2,10
OD05127,O1686,P015,2,5
OD05128,O1687,P004,5,10
OD05129,O1687,P039,3,15
OD05130,O1687,P011,5,10
OD05131,O1687,P008,3,0
OD05132,O1688,P042,2,5
OD05133,O1689,P016,4,20
OD05134,O1690,P027,5,0
OD05135,O1690,P041,3,15
OD05136,O1691,P039,4,5
OD05137,O1691,P003,4,20
OD05138,O1691,P006,2,20
OD05139,O1692,P050,1,0
OD05140,O1692,P034,1,15
OD05141,O1692,P037,2,0
OD05142,O1693,P048,3,20
OD05143,O1693,P015,4,0
OD05144,O1693,P021,5,20
OD05145,O1693,P047,1,10
OD05146,O1693,P016,5,10
OD05147,O1694,P012,5,20
OD05148,O1694,P030,4,20
OD05149,O1694,P026,3,5
OD05150,O1695,P012,1,5
OD05151,O1695,P036,4,5
OD05152,O1696,P044,1,20
OD05153,O1696,P040,4,5
OD05154,O1696,P014,4,20
OD05155,O1697,P038,4,10
OD05156,O1697,P023,4,20
OD05157,O1697,P044,4,15
OD05158,O1698,P004,1,20
OD05159,O1698,P049,1,5
OD05160,O1698,P002,3,20
OD05161,O1699,P045,3,10
OD05162,O1700,P038,3,20
OD05163,O1700,P022,4,20
OD05164,O1700,P033,4,0
OD05165,O1701,P045,5,5
OD05166,O1701,P020,1,20
OD05167,O1701,P002,1,10
OD05168,O1701,P048,1,10
OD05169,O1701,P037,1,10
OD05170,O1702,P033,5,10
OD05171,O1702,P011,3,5
OD05172,O1702,P009,3,0
OD05173,O1702,P032,5,0
OD05174,O1703,P040,4,15
OD05175,O1703,P015,4,10
OD05176,O1703,P006,4,20
OD05177,O1703,P005,3,5
OD05178,O1704,P026,5,0
OD05179,O1704,P004,2,10
OD05180,O1704,P003,4,10
OD05181,O1704,P001,1,0
OD05182,O1704,P043,1,0
OD05183,O1705,P047,2,0
OD05184,O1705,P041,5,0
OD05185,O1705,P042,3,5
OD05186,O1706,P019,5,10
OD05187,O1706,P018,3,20
OD05188,O1707,P046,1,0
OD05189,O1707,P048,2,20
OD05190,O1707,P029,1,15
OD05191,O1707,P049,3,15
OD05192,O1707,P017,5,0
OD05193,O1708,P048,5,0
OD05194,O1708,P005,4,5
OD05195,O1708,P018,1,5
OD05196,O1708,P031,1,10
OD05197,O1708,P019,2,0
OD05198,O1709,P041,3,5
OD05199,O1709,P024,1,0
OD05200,O1710,P050,4,10
OD05201,O1710,P010,3,10
OD05202,O1710,P042,4,15
OD05203,O1710,P012,4,5
OD05204,O1711,P024,3,0
OD05205,O1711,P040,5,15
OD05206,O1711,P019,3,5
OD05207,O1712,P022,3,15
OD05208,O1712,P025,4,15
OD05209,O1712,P031,5,5
OD05210,O1712,P015,4,10
OD05211,O1712,P047,3,0
OD05212,O1713,P009,4,20
OD05213,O1713,P012,4,0
OD05214,O1713,P042,1,5
OD05215,O1714,P030,4,10
OD05216,O1714,P004,4,15
OD05217,O1715,P035,1,5
OD05218,O1716,P008,5,20
OD05219,O1716,P010,4,20
OD05220,O1716,P007,1,0
OD05221,O1716,P047,5,20
OD05222,O1716,P014,2,0
OD05223,O1717,P010,1,15
OD05224,O1717,P021,3,10
OD05225,O1717,P023,2,5
OD05226,O1717,P045,4,0
OD05227,O1718,P010,5,10
OD05228,O1718,P034,2,0
OD05229,O1719,P017,1,0
OD05230,O1719,P029,2,20
OD05231,O1719,P016,3,20
OD05232,O1719,P030,1,10
OD05233,O1720,P037,4,0
OD05234,O1720,P042,2,20
OD05235,O1721,P023,3,20
OD05236,O1721,P036,1,10
OD05237,O1721,P048,2,5
OD05238,O1722,P013,2,5
OD05239,O1722,P050,4,5
OD05240,O1723,P002,2,10
OD05241,O1723,P046,1,15
OD05242,O1723,P038,2,10
OD05243,O1723,P003,1,10
OD05244,O1723,P001,5,0
OD05245,O1724,P003,4,5
OD05246,O1724,P027,3,0
OD05247,O1724,P026,5,10
OD05248,O1725,P047,3,15
OD05249,O1726,P012,2,15
OD05250,O1726,P040,2,15
OD05251,O1726,P035,3,0
OD05252,O1726,P010,2,5
OD05253,O1727,P017,3,5
OD05254,O1728,P042,1,0
OD05255,O1728,P014,2,15
OD05256,O1728,P005,3,15
OD05257,O1728,P003,4,15
OD05258,O1729,P036,2,15
OD05259,O1729,P006,5,10
OD05260,O1729,P034,1,15
OD05261,O1729,P005,5,0
OD05262,O1729,P022,1,0
OD05263,O1730,P024,4,5
OD05264,O1731,P010,1,10
OD05265,O1731,P028,1,5
OD05266,O1732,P004,3,20
OD05267,O1732,P049,4,15
OD05268,O1732,P033,2,20
OD05269,O1732,P045,4,0
OD05270,O1733,P001,1,5
OD05271,O1733,P034,1,10
OD05272,O1734,P043,1,20
OD05273,O1734,P041,1,5
OD05274,O1734,P037,2,15
OD05275,O1734,P005,4,20
OD05276,O1734,P039,2,5
OD05277,O1735,P037,2,10
OD05278,O1735,P039,3,10
OD05279,O1735,P006,4,20
OD05280,O1735,P018,1,10
OD05281,O1735,P002,1,0
OD05282,O1736,P023,3,15
OD05283,O1736,P029,2,10
OD05284,O1736,P032,2,0
OD05285,O1737,P002,4,0
OD05286,O1737,P025,3,15
OD05287,O1737,P007,4,15
OD05288,O1737,P038,2,0
OD05289,O1738,P043,1,15
OD05290,O1738,P048,1,0
OD05291,O1738,P024,5,5
OD05292,O1739,P032,3,20
OD05293,O1739,P009,3,15
OD05294,O1739,P027,5,5
OD05295,O1740,P010,5,10
OD05296,O1740,P023,2,15
OD05297,O1740,P017,1,0
OD05298,O1740,P013,3,15
OD05299,O1741,P023,5,15
OD05300,O1742,P043,3,5
OD05301,O1742,P026,3,5
OD05302,O1743,P006,1,0
OD05303,O1743,P027,4,10
OD05304,O1743,P031,1,20
OD05305,O1744,P037,3,10
OD05306,O1744,P007,2,15
OD05307,O1744,P019,5,0
OD05308,O1745,P034,2,20
OD05309,O1746,P013,3,15
OD05310,O1746,P047,5,5
OD05311,O1747,P030,5,20
OD05312,O1747,P026,1,0
OD05313,O1747,P005,2,10
OD05314,O1747,P046,4,10
OD05315,O1747,P023,4,15
OD05316,O1748,P044,4,5
OD05317,O1748,P025,5,0
OD05318,O1749,P035,3,5
OD05319,O1749,P009,3,10
OD05320,O1749,P046,2,0
OD05321,O1749,P004,4,20
OD05322,O1750,P043,2,5
OD05323,O1751,P014,1,10
OD05324,O1751,P018,4,20
OD05325,O1752,P003,4,15
OD05326,O1753,P013,5,5
OD05327,O1753,P028,4,15
OD05328,O1753,P021,5,15
OD05329,O1753,P025,1,5
OD05330,O1753,P014,1,5
OD05331,O1754,P049,4,5
OD05332,O1755,P001,3,20
OD05333,O1755,P026,2,0
OD05334,O1755,P009,4,0
OD05335,O1755,P002,4,0
OD05336,O1755,P039,5,20
OD05337,O1756,P034,1,15
OD05338,O1756,P050,2,0
OD05339,O1757,P013,4,20
OD05340,O1757,P018,2,5
OD05341,O1757,P034,2,10
OD05342,O1757,P048,5,5
OD05343,O1757,P039,1,15
OD05344,O1758,P024,4,15
OD05345,O1758,P032,4,15
OD05346,O1758,P012,4,0
OD05347,O1758,P047,2,15
OD05348,O1759,P017,5,10
OD05349,O1759,P005,4,5
OD05350,O1759,P035,5,20
OD05351,O1759,P030,3,5
OD05352,O1759,P033,4,5
OD05353,O1760,P036,2,5
OD05354,O1760,P004,2,20
OD05355,O1760,P038,3,20
OD05356,O1760,P040,2,5
OD05357,O1760,P021,3,5
OD05358,O1761,P038,2,20
OD05359,O1762,P043,5,20
OD05360,O1762,P019,1,0
OD05361,O1762,P007,1,5
OD05362,O1762,P042,2,15
OD05363,O1762,P050,3,0
OD05364,O1763,P021,5,5
OD05365,O1763,P015,4,5
OD05366,O1764,P023,1,20
OD05367,O1764,P005,5,20
OD05368,O1764,P017,4,15
OD05369,O1764,P011,3,20
OD05370,O1765,P015,2,15
OD05371,O1766,P008,4,0
OD05372,O1766,P040,4,15
OD05373,O1766,P003,4,0
OD05374,O1767,P041,5,10
OD05375,O1767,P014,2,15
OD05376,O1767,P034,5,5
OD05377,O1768,P021,2,15
OD05378,O1768,P019,4,5
OD05379,O1768,P008,2,5
OD05380,O1768,P045,1,15
OD05381,O1769,P038,1,10
OD05382,O1769,P014,4,20
OD05383,O1769,P019,3,15
OD05384,O1770,P019,1,10
OD05385,O1770,P007,5,5
OD05386,O1771,P001,1,0
OD05387,O1771,P002,5,15
OD05388,O1771,P021,1,15
OD05389,O1771,P004,5,15
OD05390,O1772,P030,4,5
OD05391,O1772,P011,3,10
OD05392,O1772,P047,3,15
OD05393,O1773,P049,5,15
OD05394,O1773,P038,3,0
OD05395,O1773,P012,3,5
OD05396,O1773,P009,1,15
OD05397,O1773,P002,1,5
OD05398,O1774,P045,2,5
OD05399,O1774,P004,5,5
OD05400,O1774,P003,5,15
OD05401,O1774,P028,5,15
OD05402,O1775,P029,5,10
OD05403,O1775,P048,1,0
OD05404,O1775,P010,5,20
OD05405,O1775,P027,5,10
OD05406,O1775,P033,5,5
OD05407,O1776,P027,2,15
OD05408,O1776,P049,4,0
OD05409,O1776,P014,3,5
OD05410,O1776,P037,3,10
OD05411,O1776,P010,2,15
OD05412,O1777,P019,2,15
OD05413,O1778,P015,2,5
OD05414,O1778,P025,5,10
OD05415,O1778,P027,1,10
OD05416,O1779,P031,2,20
OD05417,O1779,P004,3,0
OD05418,O1780,P012,3,0
OD05419,O1780,P018,3,5
OD05420,O1780,P028,3,5
OD05421,O1780,P027,1,20
OD05422,O1781,P049,3,20
OD05423,O1781,P016,2,0
OD05424,O1781,P009,5,0
OD05425,O1782,P048,1,10
OD05426,O1782,P043,1,20
OD05427,O1783,P034,5,10
OD05428,O1783,P031,2,0
OD05429,O1783,P023,4,0
OD05430,O1784,P041,5,20
OD05431,O1784,P025,5,15
OD05432,O1785,P040,3,10
OD05433,O1785,P038,2,20
OD05434,O1785,P002,2,0
OD05435,O1786,P002,3,20
OD05436,O1786,P013,1,20
OD05437,O1787,P044,3,5
OD05438,O1788,P038,2,0
OD05439,O1788,P027,3,10
OD05440,O1788,P044,5,20
OD05441,O1789,P034,5,10
OD05442,O1790,P027,1,15
OD05443,O1790,P047,2,5
OD05444,O1790,P035,5,15
OD05445,O1790,P018,2,5
OD05446,O1791,P030,1,10
OD05447,O1791,P027,4,15
OD05448,O1791,P035,3,15
OD05449,O1791,P008,2,10
OD05450,O1792,P004,1,0
OD05451,O1792,P003,5,5
OD05452,O1793,P045,5,5
OD05453,O1793,P039,3,10
OD05454,O1793,P016,3,5
OD05455,O1794,P038,3,0
OD05456,O1794,P043,3,10
OD05457,O1794,P048,3,20
OD05458,O1794,P024,4,10
OD05459,O1795,P034,1,15
OD05460,O1795,P026,4,10
OD05461,O1795,P027,3,5
OD05462,O1796,P034,1,10
OD05463,O1796,P007,1,15
OD05464,O1797,P016,1,20
OD05465,O1797,P005,2,15
OD05466,O1797,P008,3,15
OD05467,O1797,P035,3,20
OD05468,O1797,P027,1,0
OD05469,O1798,P039,2,10
OD05470,O1799,P005,4,0
OD05471,O1799,P006,1,5
OD05472,O1800,P048,4,20
OD05473,O1800,P012,1,0
OD05474,O1800,P011,4,5
OD05475,O1801,P048,3,5
OD05476,O1801,P005,4,10
OD05477,O1801,P032,5,5
OD05478,O1802,P048,4,15
OD05479,O1802,P036,2,15
OD05480,O1802,P050,3,10
OD05481,O1802,P019,5,0
OD05482,O1802,P041,3,20
OD05483,O1803,P021,2,0
OD05484,O1803,P041,4,0
OD05485,O1803,P039,3,10
OD05486,O1803,P044,2,5
OD05487,O1804,P050,2,10
OD05488,O1805,P045,1,5
OD05489,O1805,P028,4,5
OD05490,O1806,P046,2,20
OD05491,O1806,P029,4,5
OD05492,O1807,P036,3,15
OD05493,O1808,P036,1,10
OD05494,O1809,P001,3,15
OD05495,O1809,P017,2,0
OD05496,O1809,P025,4,5
OD05497,O1809,P008,1,20
OD05498,O1810,P012,2,10
OD05499,O1810,P035,4,10
OD05500,O1810,P041,4,0
OD05501,O1811,P023,3,10
OD05502,O1811,P010,3,10
OD05503,O1811,P001,3,20
OD05504,O1812,P043,2,15
OD05505,O1813,P024,5,10
OD05506,O1814,P023,4,10
OD05507,O1814,P002,3,0
OD05508,O1814,P033,1,5
OD05509,O1814,P027,1,5
OD05510,O1814,P019,3,5
OD05511,O1815,P048,4,20
OD05512,O1816,P023,5,15
OD05513,O1817,P041,3,0
OD05514,O1817,P010,3,15
OD05515,O1818,P044,4,0
OD05516,O1818,P033,2,0
OD05517,O1818,P023,1,5
OD05518,O1818,P009,3,15
OD05519,O1819,P001,2,15
OD05520,O1820,P001,2,5
OD05521,O1820,P029,4,5
OD05522,O1820,P012,2,10
OD05523,O1821,P017,1,15
OD05524,O1821,P004,2,10
OD05525,O1821,P001,2,10
OD05526,O1821,P027,3,10
OD05527,O1822,P046,5,20
OD05528,O1822,P010,5,10
OD05529,O1822,P041,5,20
OD05530,O1822,P001,4,5
OD05531,O1823,P029,1,20
OD05532,O1823,P003,1,15
OD05533,O1823,P004,5,5
OD05534,O1823,P031,4,15
OD05535,O1823,P046,4,20
OD05536,O1824,P015,3,15
OD05537,O1824,P043,1,20
OD05538,O1824,P014,4,5
OD05539,O1824,P024,2,15
OD05540,O1824,P017,3,10
OD05541,O1825,P038,4,15
OD05542,O1825,P045,3,5
OD05543,O1825,P005,4,5
OD05544,O1825,P046,5,10
OD05545,O1825,P041,2,10
OD05546,O1826,P042,1,10
OD05547,O1827,P043,2,5
OD05548,O1827,P048,1,20
OD05549,O1827,P029,1,15
OD05550,O1828,P016,1,20
OD05551,O1829,P006,2,10
OD05552,O1829,P027,2,10
OD05553,O1830,P043,5,15
OD05554,O1830,P033,2,20
OD05555,O1830,P030,3,5
OD05556,O1831,P041,3,20
OD05557,O1832,P047,5,15
OD05558,O1832,P048,1,5
OD05559,O1833,P032,4,20
OD05560,O1833,P040,3,15
OD05561,O1833,P002,5,20
OD05562,O1833,P024,5,15
OD05563,O1834,P047,1,10
OD05564,O1834,P038,4,10
OD05565,O1834,P003,4,10
OD05566,O1834,P032,2,20
OD05567,O1834,P050,5,10
OD05568,O1835,P048,3,15
OD05569,O1835,P001,4,20
OD05570,O1835,P008,3,15
OD05571,O1835,P042,5,5
OD05572,O1835,P019,3,15
OD05573,O1836,P038,2,20
OD05574,O1836,P042,3,15
OD05575,O1836,P026,1,0
OD05576,O1836,P032,2,20
OD05577,O1837,P014,1,0
OD05578,O1837,P039,1,5
OD05579,O1838,P046,4,0
OD05580,O1838,P028,5,20
OD05581,O1838,P038,5,0
OD05582,O1838,P010,2,15
OD05583,O1839,P001,3,20
OD05584,O1839,P034,2,0
OD05585,O1840,P040,5,20
OD05586,O1841,P030,3,20
OD05587,O1841,P002,4,15
OD05588,O1841,P032,1,20
OD05589,O1841,P048,4,20
OD05590,O1841,P040,1,15
OD05591,O1842,P017,3,10
OD05592,O1843,P036,5,20
OD05593,O1844,P024,3,15
OD05594,O1844,P047,1,20
OD05595,O1844,P022,1,5
OD05596,O1845,P044,1,20
OD05597,O1846,P042,1,0
OD05598,O1846,P035,1,5
OD05599,O1846,P049,5,5
OD05600,O1846,P020,5,10
OD05601,O1846,P016,3,10
OD05602,O1847,P036,3,0
OD05603,O1847,P033,2,20
OD05604,O1847,P040,1,15
OD05605,O1847,P001,4,10
OD05606,O1847,P018,4,5
OD05607,O1848,P011,2,20
OD05608,O1849,P021,4,0
OD05609,O1850,P050,2,5
OD05610,O1851,P019,1,15
OD05611,O1851,P040,4,15
OD05612,O1851,P039,5,20
OD05613,O1851,P027,4,5
OD05614,O1852,P019,2,10
OD05615,O1852,P028,5,0
OD05616,O1852,P020,3,20
OD05617,O1852,P026,1,0
OD05618,O1853,P033,5,0
OD05619,O1853,P007,3,15
OD05620,O1854,P007,3,15
OD05621,O1855,P041,5,0
OD05622,O1855,P003,5,10
OD05623,O1855,P034,4,20
OD05624,O1855,P026,1,15
OD05625,O1855,P050,3,5
OD05626,O1856,P049,5,10
OD05627,O1856,P026,5,5
OD05628,O1856,P034,4,20
OD05629,O1857,P011,3,15
OD05630,O1857,P026,1,20
OD05631,O1857,P015,5,5
OD05632,O1857,P034,4,20
OD05633,O1858,P039,3,5
OD05634,O1858,P047,1,5
OD05635,O1859,P045,1,20
OD05636,O1860,P009,3,15
OD05637,O1860,P033,1,20
OD05638,O1860,P031,2,20
OD05639,O1860,P037,5,10
OD05640,O1860,P036,4,10
OD05641,O1861,P025,5,5
OD05642,O1861,P032,2,0
OD05643,O1861,P010,4,5
OD05644,O1862,P041,4,10
OD05645,O1862,P015,1,15
OD05646,O1862,P028,2,10
OD05647,O1863,P003,4,10
OD05648,O1863,P021,5,20
OD05649,O1863,P017,1,0
OD05650,O1864,P027,4,0
OD05651,O1864,P039,1,20
OD05652,O1865,P020,5,10
OD05653,O1866,P001,5,15
OD05654,O1866,P014,1,0
OD05655,O1866,P017,5,10
OD05656,O1866,P041,5,20
OD05657,O1867,P027,3,0
OD05658,O1868,P013,4,10
OD05659,O1868,P015,5,5
OD05660,O1868,P018,3,5
OD05661,O1868,P027,3,10
OD05662,O1868,P034,3,10
OD05663,O1869,P025,1,15
OD05664,O1869,P011,5,15
OD05665,O1869,P033,3,0
OD05666,O1869,P001,1,20
OD05667,O1870,P019,1,15
OD05668,O1871,P013,4,10
OD05669,O1871,P047,4,20
OD05670,O1871,P022,1,0
OD05671,O1872,P005,2,15
OD05672,O1872,P012,2,20
OD05673,O1872,P010,5,0
OD05674,O1872,P040,4,5
OD05675,O1872,P038,4,20
OD05676,O1873,P001,1,15
OD05677,O1873,P004,1,10
OD05678,O1873,P015,3,10
OD05679,O1873,P032,1,0
OD05680,O1874,P003,5,5
OD05681,O1874,P034,5,20
OD05682,O1874,P026,2,15
OD05683,O1874,P002,1,20
OD05684,O1875,P039,1,10
OD05685,O1875,P001,1,15
OD05686,O1875,P046,3,10
OD05687,O1876,P024,3,10
OD05688,O1876,P035,4,20
OD05689,O1876,P007,5,15
OD05690,O1877,P043,4,0
OD05691,O1877,P035,4,10
OD05692,O1877,P026,4,5
OD05693,O1878,P047,1,0
OD05694,O1878,P010,3,10
OD05695,O1878,P021,5,10
OD05696,O1879,P037,1,0
OD05697,O1879,P033,2,5
OD05698,O1879,P038,2,20
OD05699,O1879,P015,4,10
OD05700,O1879,P007,2,20
OD05701,O1880,P009,1,5
OD05702,O1880,P042,1,20
OD05703,O1881,P041,1,15
OD05704,O1882,P003,1,5
OD05705,O1883,P049,3,0
OD05706,O1884,P031,2,15
OD05707,O1884,P019,2,0
OD05708,O1884,P027,3,20
OD05709,O1884,P041,2,10
OD05710,O1885,P012,5,10
OD05711,O1885,P010,1,0
OD05712,O1885,P031,3,15
OD05713,O1886,P030,3,0
OD05714,O1886,P046,5,20
OD05715,O1886,P034,3,15
OD05716,O1887,P046,1,15
OD05717,O1887,P042,3,20
OD05718,O1888,P037,4,20
OD05719,O1888,P048,3,5
OD05720,O1888,P017,3,5
OD05721,O1888,P030,3,5
OD05722,O1888,P012,5,0
OD05723,O1889,P019,1,5
OD05724,O1889,P036,1,10
OD05725,O1889,P009,4,5
OD05726,O1889,P048,1,10
OD05727,O1890,P039,3,15
OD05728,O1890,P025,1,0
OD05729,O1890,P034,3,10
OD05730,O1890,P007,4,0
OD05731,O1890,P014,4,20
OD05732,O1891,P038,3,15
OD05733,O1891,P010,2,5
OD05734,O1891,P013,5,20
OD05735,O1891,P050,1,20
OD05736,O1891,P032,2,10
OD05737,O1892,P016,3,10
OD05738,O1892,P034,1,0
OD05739,O1892,P049,5,15
OD05740,O1893,P006,2,5
OD05741,O1893,P047,2,20
OD05742,O1893,P026,1,0
OD05743,O1894,P039,3,0
OD05744,O1895,P032,3,5
OD05745,O1895,P033,1,0
OD05746,O1895,P017,4,15
OD05747,O1896,P020,1,0
OD05748,O1897,P014,3,0
OD05749,O1897,P044,5,0
OD05750,O1897,P043,3,15
OD05751,O1898,P047,1,5
OD05752,O1898,P034,4,15
OD05753,O1898,P023,3,20
OD05754,O1899,P036,3,20
OD05755,O1899,P033,2,0
OD05756,O1899,P009,3,20
OD05757,O1899,P044,4,10
OD05758,O1900,P018,5,15
OD05759,O1900,P035,3,15
OD05760,O1901,P044,4,0
OD05761,O1902,P023,4,15
OD05762,O1903,P027,2,0
OD05763,O1903,P033,3,5
OD05764,O1903,P009,2,10
OD05765,O1903,P044,4,0
OD05766,O1904,P050,3,15
OD05767,O1905,P011,1,10
OD05768,O1905,P022,4,15
OD05769,O1905,P013,5,20
OD05770,O1905,P016,4,5
OD05771,O1906,P033,5,20
OD05772,O1906,P037,2,10
OD05773,O1907,P045,2,15
OD05774,O1907,P001,1,5
OD05775,O1907,P006,2,0
OD05776,O1907,P041,1,15
OD05777,O1907,P033,2,10
OD05778,O1908,P017,2,20
OD05779,O1909,P004,4,20
OD05780,O1910,P017,2,15
OD05781,O1910,P022,1,5
OD05782,O1910,P030,5,15
OD05783,O1911,P041,4,5
OD05784,O1911,P028,5,10
OD05785,O1911,P005,2,0
OD05786,O1912,P047,2,0
OD05787,O1912,P020,3,5
OD05788,O1912,P041,1,20
OD05789,O1912,P036,1,20
OD05790,O1913,P050,5,10
OD05791,O1913,P024,5,5
OD05792,O1913,P023,2,20
OD05793,O1913,P047,4,5
OD05794,O1913,P031,2,10
OD05795,O1914,P022,1,20
OD05796,O1914,P012,3,10
OD05797,O1915,P038,2,15
OD05798,O1915,P048,5,0
OD05799,O1915,P044,1,10
OD05800,O1915,P006,4,0
OD05801,O1915,P015,5,10
OD05802,O1916,P006,1,15
OD05803,O1916,P047,3,5
OD05804,O1917,P018,5,0
OD05805,O1917,P008,3,20
OD05806,O1917,P017,3,15
OD05807,O1917,P034,4,15
OD05808,O1917,P003,2,10
OD05809,O1918,P014,1,15
OD05810,O1918,P029,5,0
OD05811,O1919,P040,3,0
OD05812,O1919,P033,1,15
OD05813,O1919,P006,5,0
OD05814,O1919,P021,3,20
OD05815,O1919,P025,2,10
OD05816,O1920,P033,2,0
OD05817,O1920,P006,1,20
OD05818,O1920,P029,1,5
OD05819,O1920,P039,4,5
OD05820,O1920,P032,4,10
OD05821,O1921,P002,4,15
OD05822,O1921,P030,1,5
OD05823,O1921,P047,5,0
OD05824,O1922,P042,4,0
OD05825,O1923,P035,5,15
OD05826,O1923,P044,1,10
OD05827,O1923,P012,3,15
OD05828,O1923,P040,3,10
OD05829,O1924,P041,4,10
OD05830,O1924,P045,2,15
OD05831,O1924,P049,4,15
OD05832,O1924,P019,5,10
OD05833,O1925,P036,3,10
OD05834,O1925,P016,3,10
OD05835,O1926,P032,1,15
OD05836,O1927,P006,5,5
OD05837,O1927,P011,3,10
OD05838,O1927,P019,5,0
OD05839,O1927,P008,1,15
OD05840,O1928,P050,3,20
OD05841,O1929,P035,1,5
OD05842,O1929,P044,1,15
OD05843,O1930,P031,1,5
OD05844,O1930,P035,3,20
OD05845,O1930,P028,1,0
OD05846,O1930,P047,4,5
OD05847,O1930,P033,1,5
OD05848,O1931,P032,3,15
OD05849,O1931,P007,4,15
OD05850,O1931,P015,1,10
OD05851,O1931,P034,1,20
OD05852,O1931,P026,3,20
OD05853,O1932,P021,4,10
OD05854,O1932,P017,4,5
OD05855,O1933,P047,5,5
OD05856,O1933,P032,4,20
OD05857,O1933,P003,5,20
OD05858,O1933,P009,5,0
OD05859,O1933,P046,1,5
OD05860,O1934,P035,4,5
OD05861,O1934,P040,1,5
OD05862,O1934,P022,4,0
OD05863,O1934,P037,2,20
OD05864,O1934,P046,2,5
OD05865,O1935,P047,2,0
OD05866,O1936,P024,3,0
OD05867,O1936,P049,5,0
OD05868,O1936,P009,3,10
OD05869,O1936,P033,5,0
OD05870,O1937,P013,2,5
OD05871,O1937,P016,3,15
OD05872,O1938,P035,1,15
OD05873,O1938,P014,3,10
OD05874,O1938,P037,4,15
OD05875,O1939,P001,2,5
OD05876,O1939,P019,5,5
OD05877,O1939,P042,3,10
OD05878,O1939,P012,5,5
OD05879,O1940,P013,5,20
OD05880,O1940,P001,3,20
OD05881,O1940,P045,2,15
OD05882,O1941,P018,3,15
OD05883,O1941,P019,4,10
OD05884,O1941,P028,4,5
OD05885,O1941,P037,3,10
OD05886,O1942,P039,4,0
OD05887,O1942,P049,4,10
OD05888,O1942,P018,2,15
OD05889,O1943,P031,2,0
OD05890,O1943,P016,3,20
OD05891,O1943,P032,5,20
OD05892,O1944,P040,1,5
OD05893,O1945,P050,2,20
OD05894,O1945,P029,4,0
OD05895,O1945,P033,1,20
OD05896,O1945,P018,3,0
OD05897,O1946,P041,5,20
OD05898,O1946,P014,2,10
OD05899,O1946,P049,2,10
OD05900,O1947,P039,2,0
OD05901,O1947,P029,1,10
OD05902,O1947,P010,5,15
OD05903,O1948,P029,2,20
OD05904,O1948,P017,5,0
OD05905,O1948,P023,2,5
OD05906,O1949,P020,4,5
OD05907,O1950,P028,5,5
OD05908,O1950,P008,5,10
OD05909,O1950,P033,2,5
OD05910,O1950,P020,5,10
OD05911,O1950,P010,4,10
OD05912,O1951,P031,4,5
OD05913,O1951,P003,2,20
OD05914,O1951,P046,5,15
OD05915,O1951,P036,3,5
OD05916,O1952,P008,3,10
OD05917,O1953,P013,1,10
OD05918,O1953,P041,3,15
OD05919,O1953,P028,4,0
OD05920,O1953,P036,4,10
OD05921,O1954,P039,3,5
OD05922,O1954,P002,1,5
OD05923,O1955,P041,3,0
OD05924,O1955,P029,3,5
OD05925,O1955,P021,1,0
OD05926,O1955,P033,3,15
OD05927,O1955,P010,3,15
OD05928,O1956,P042,4,10
OD05929,O1956,P014,4,0
OD05930,O1956,P045,2,15
OD05931,O1956,P020,1,0
OD05932,O1956,P002,3,15
OD05933,O1957,P033,5,20
OD05934,O1957,P020,4,0
OD05935,O1957,P002,3,10
OD05936,O1958,P042,1,20
OD05937,O1958,P010,1,5
OD05938,O1959,P041,5,15
OD05939,O1960,P002,2,5
OD05940,O1960,P032,2,20
OD05941,O1960,P045,2,0
OD05942,O1961,P018,4,10
OD05943,O1961,P041,5,15
OD05944,O1962,P016,4,20
OD05945,O1963,P038,3,20
OD05946,O1964,P009,3,0
OD05947,O1964,P012,5,15
OD05948,O1965,P039,4,5
OD05949,O1965,P006,3,0
OD05950,O1966,P048,2,10
OD05951,O1966,P050,3,0
OD05952,O1966,P033,3,10
OD05953,O1966,P023,2,20
OD05954,O1966,P045,3,15
OD05955,O1967,P034,5,15
OD05956,O1968,P010,4,5
OD05957,O1968,P021,3,15
OD05958,O1968,P009,1,10
OD05959,O1968,P022,3,20
OD05960,O1969,P040,4,5
OD05961,O1969,P039,3,10
OD05962,O1969,P022,3,10
OD05963,O1969,P005,2,20
OD05964,O1970,P037,2,5
OD05965,O1971,P032,4,5
OD05966,O1971,P005,1,10
OD05967,O1971,P017,4,10
OD05968,O1971,P031,3,10
OD05969,O1971,P030,3,10
OD05970,O1972,P034,3,5
OD05971,O1973,P017,2,20
OD05972,O1973,P025,2,0
OD05973,O1974,P020,5,20
OD05974,O1974,P035,4,0
OD05975,O1975,P001,4,15
OD05976,O1975,P037,5,5
OD05977,O1975,P008,1,15
OD05978,O1975,P012,5,20
OD05979,O1975,P002,2,10
OD05980,O1976,P046,2,0
OD05981,O1976,P024,1,0
OD05982,O1976,P014,4,20
OD05983,O1976,P049,3,10
OD05984,O1976,P039,3,5
OD05985,O1977,P048,5,5
OD05986,O1977,P008,2,10
OD05987,O1977,P017,2,0
OD05988,O1977,P041,2,10
OD05989,O1978,P005,3,5
OD05990,O1978,P037,3,5
OD05991,O1978,P043,1,10
OD05992,O1978,P022,3,15
OD05993,O1979,P004,3,20
OD05994,O1979,P029,3,10
OD05995,O1980,P001,5,20
OD05996,O1980,P015,3,10
OD05997,O1980,P014,3,0
OD05998,O1980,P022,4,5
OD05999,O1980,P016,1,10
OD06000,O1981,P021,3,15
OD06001,O1981,P012,4,10
OD06002,O1981,P017,5,10
OD06003,O1981,P034,2,20
OD06004,O1982,P044,2,5
OD06005,O1982,P042,4,20
OD06006,O1983,P018,3,0
OD06007,O1984,P025,3,20
OD06008,O1985,P045,2,20
OD06009,O1985,P004,2,20
OD06010,O1986,P035,4,15
OD06011,O1986,P034,4,20
OD06012,O1986,P048,2,10
OD06013,O1987,P005,1,5
OD06014,O1987,P041,4,0
OD06015,O1988,P027,5,10
OD06016,O1988,P004,2,10
OD06017,O1988,P041,5,10
OD06018,O1988,P049,2,5
OD06019,O1988,P040,5,5
OD06020,O1989,P027,4,20
OD06021,O1989,P041,5,15
OD06022,O1990,P047,5,5
OD06023,O1990,P016,1,10
OD06024,O1991,P044,1,20
OD06025,O1991,P033,3,10
OD06026,O1991,P025,1,0
OD06027,O1991,P015,3,0
OD06028,O1992,P050,3,10
OD06029,O1992,P003,2,20
OD06030,O1993,P003,2,15
OD06031,O1993,P045,1,10
OD06032,O1993,P012,3,10
OD06033,O1994,P008,3,20
OD06034,O1994,P009,3,0
OD06035,O1994,P012,1,15
OD06036,O1994,P043,3,15
OD06037,O1995,P028,1,20
OD06038,O1996,P005,1,15
OD06039,O1996,P018,4,5
OD06040,O1996,P007,1,20
OD06041,O1996,P044,5,0
OD06042,O1996,P015,1,15
OD06043,O1997,P012,5,0
OD06044,O1997,P008,2,0
OD06045,O1998,P032,4,10
OD06046,O1999,P046,4,0
OD06047,O1999,P044,4,0
OD06048,O1999,P008,4,5
OD06049,O2000,P017,4,0
OD06050,O2001,P007,1,20
OD06051,O2001,P034,5,10
OD06052,O2001,P044,1,0
OD06053,O2001,P001,5,0
OD06054,O2001,P016,5,0
OD06055,O2002,P010,3,10
OD06056,O2002,P025,3,15
OD06057,O2002,P029,1,0
OD06058,O2002,P007,5,10
OD06059,O2003,P019,1,20
OD06060,O2003,P029,3,0
OD06061,O2003,P015,5,15
OD06062,O2004,P021,5,20
OD06063,O2004,P007,3,10
OD06064,O2004,P022,2,5
OD06065,O2004,P002,2,0
OD06066,O2005,P038,1,5
OD06067,O2005,P003,5,5
OD06068,O2005,P008,2,15
OD06069,O2006,P007,3,5
OD06070,O2006,P049,1,15
OD06071,O2006,P004,3,15
OD06072,O2006,P033,1,0
OD06073,O2006,P047,1,0
OD06074,O2007,P011,3,15
OD06075,O2007,P015,1,20
OD06076,O2008,P026,1,15
OD06077,O2008,P021,4,15
OD06078,O2008,P004,5,10
OD06079,O2009,P013,5,15
OD06080,O2009,P011,5,0
OD06081,O2010,P048,3,10
OD06082,O2010,P037,5,10
OD06083,O2010,P010,2,20
OD06084,O2010,P024,3,10
OD06085,O2011,P007,5,20
OD06086,O2011,P004,1,10
OD06087,O2011,P036,1,10
OD06088,O2011,P050,5,15
OD06089,O2012,P041,1,0
OD06090,O2012,P029,1,15
OD06091,O2012,P016,5,5
OD06092,O2012,P032,3,20
OD06093,O2013,P030,1,5
OD06094,O2013,P028,4,15
OD06095,O2013,P017,5,5
OD06096,O2014,P050,4,15
OD06097,O2014,P049,3,20
OD06098,O2014,P030,2,10
OD06099,O2014,P039,5,10
OD06100,O2014,P026,4,5
OD06101,O2015,P003,5,10
OD06102,O2015,P050,1,0
OD06103,O2016,P050,3,15
OD06104,O2016,P034,2,10
OD06105,O2016,P011,3,0
OD06106,O2016,P037,3,5
OD06107,O2017,P028,4,20
OD06108,O2017,P035,4,5
OD06109,O2018,P022,2,0
OD06110,O2018,P048,4,15
OD06111,O2018,P016,2,10
OD06112,O2019,P002,5,15
OD06113,O2019,P046,1,5
OD06114,O2020,P050,2,5
OD06115,O2020,P046,4,10
OD06116,O2020,P017,5,5
OD06117,O2021,P009,5,5
OD06118,O2021,P003,5,15
OD06119,O2021,P049,4,10
OD06120,O2022,P045,3,5
OD06121,O2022,P041,2,0
OD06122,O2022,P033,4,10
OD06123,O2023,P019,3,0
OD06124,O2023,P025,2,5
OD06125,O2023,P034,1,15
OD06126,O2024,P034,5,15
OD06127,O2024,P024,3,20
OD06128,O2024,P022,3,10
OD06129,O2024,P018,4,15
OD06130,O2024,P017,5,5
OD06131,O2025,P001,1,10
OD06132,O2025,P007,3,15
OD06133,O2025,P035,4,0
OD06134,O2025,P021,1,15
OD06135,O2025,P044,3,20
OD06136,O2026,P028,5,20
OD06137,O2026,P020,5,0
OD06138,O2026,P013,5,5
OD06139,O2026,P009,1,5
OD06140,O2027,P014,4,5
OD06141,O2027,P003,3,10
OD06142,O2027,P033,5,5
OD06143,O2028,P034,3,5
OD06144,O2028,P019,5,0
OD06145,O2028,P009,5,0
OD06146,O2029,P006,2,15
OD06147,O2029,P024,5,10
OD06148,O2029,P036,4,20
OD06149,O2029,P022,3,15
OD06150,O2029,P015,2,15
OD06151,O2030,P037,1,15
OD06152,O2030,P011,5,5
OD06153,O2030,P002,4,15
OD06154,O2030,P027,5,20
OD06155,O2031,P032,4,20
OD06156,O2031,P011,3,20
OD06157,O2032,P019,3,10
OD06158,O2033,P025,1,15
OD06159,O2033,P019,5,15
OD06160,O2033,P013,1,20
OD06161,O2033,P027,4,0
OD06162,O2034,P048,4,20
OD06163,O2034,P010,3,15
OD06164,O2035,P031,3,0
OD06165,O2035,P011,5,10
OD06166,O2036,P021,3,0
OD06167,O2036,P038,3,5
OD06168,O2036,P034,5,0
OD06169,O2037,P048,3,20
OD06170,O2037,P029,3,0
OD06171,O2037,P046,5,0
OD06172,O2037,P032,4,5
OD06173,O2037,P039,4,5
OD06174,O2038,P030,3,15
OD06175,O2038,P036,1,0
OD06176,O2038,P026,5,5
OD06177,O2039,P008,1,20
OD06178,O2039,P048,5,10
OD06179,O2040,P031,3,10
OD06180,O2040,P014,4,10
OD06181,O2040,P009,3,10
OD06182,O2040,P033,2,20
OD06183,O2041,P035,1,10
OD06184,O2041,P016,3,15
OD06185,O2042,P031,2,0
OD06186,O2042,P048,4,10
OD06187,O2042,P013,5,15
OD06188,O2042,P010,2,15
OD06189,O2042,P004,4,0
OD06190,O2043,P006,1,10
OD06191,O2043,P047,4,5
OD06192,O2043,P049,4,0
OD06193,O2043,P009,1,10
OD06194,O2043,P005,4,15
OD06195,O2044,P022,2,20
OD06196,O2045,P026,3,0
OD06197,O2045,P004,1,0
OD06198,O2045,P002,3,0
OD06199,O2046,P021,1,15
OD06200,O2046,P002,2,10
OD06201,O2047,P048,3,20
OD06202,O2047,P033,5,15
OD06203,O2047,P020,3,10
OD06204,O2047,P023,5,15
OD06205,O2047,P050,1,20
OD06206,O2048,P028,4,15
OD06207,O2048,P033,1,20
OD06208,O2048,P039,5,15
OD06209,O2048,P038,4,5
OD06210,O2048,P035,4,5
OD06211,O2049,P017,2,5
OD06212,O2049,P032,4,5
OD06213,O2049,P030,2,10
OD06214,O2050,P046,3,10
OD06215,O2050,P026,2,20
OD06216,O2050,P027,4,10
OD06217,O2051,P013,2,20
OD06218,O2051,P038,3,15
OD06219,O2051,P029,4,0
OD06220,O2052,P017,5,0
OD06221,O2052,P039,5,0
OD06222,O2052,P034,1,20
OD06223,O2052,P028,4,15
OD06224,O2053,P034,3,0
OD06225,O2053,P043,5,5
OD06226,O2053,P022,2,5
OD06227,O2053,P048,1,0
OD06228,O2054,P028,1,15
OD06229,O2054,P015,4,10
OD06230,O2055,P002,3,15
OD06231,O2056,P038,2,15
OD06232,O2057,P037,1,10
OD06233,O2057,P040,5,0
OD06234,O2057,P035,1,20
OD06235,O2058,P024,5,0
OD06236,O2059,P005,2,15
OD06237,O2059,P044,5,10
OD06238,O2059,P047,4,5
OD06239,O2060,P033,2,20
OD06240,O2061,P047,3,10
OD06241,O2061,P017,1,15
OD06242,O2061,P015,2,15
OD06243,O2061,P023,1,0
OD06244,O2062,P022,3,0
OD06245,O2062,P004,4,0
OD06246,O2063,P012,5,10
OD06247,O2063,P001,4,10
OD06248,O2064,P033,2,20
OD06249,O2064,P018,1,0
OD06250,O2064,P025,2,20
OD06251,O2064,P035,3,10
OD06252,O2064,P006,2,10
OD06253,O2065,P037,3,10
OD06254,O2066,P012,4,15
OD06255,O2067,P040,1,5
OD06256,O2067,P014,2,10
OD06257,O2067,P035,1,20
OD06258,O2067,P004,2,10
OD06259,O2068,P026,1,15
OD06260,O2068,P018,3,5
OD06261,O2068,P013,1,10
OD06262,O2068,P040,5,5
OD06263,O2068,P038,4,15
OD06264,O2069,P029,2,15
OD06265,O2070,P013,2,15
OD06266,O2070,P004,1,10
OD06267,O2070,P005,2,10
OD06268,O2070,P010,3,10
OD06269,O2071,P038,5,0
OD06270,O2071,P016,3,0
OD06271,O2071,P026,1,15
OD06272,O2071,P027,2,15
OD06273,O2072,P032,5,10
OD06274,O2072,P036,4,15
OD06275,O2072,P039,5,15
OD06276,O2072,P049,5,10
OD06277,O2073,P033,4,15
OD06278,O2074,P022,3,20
OD06279,O2074,P038,2,0
OD06280,O2074,P027,4,20
OD06281,O2075,P025,3,5
OD06282,O2075,P031,2,10
OD06283,O2075,P046,5,20
OD06284,O2076,P037,1,0
OD06285,O2076,P032,2,20
OD06286,O2077,P022,4,0
OD06287,O2077,P044,4,0
OD06288,O2077,P037,1,0
OD06289,O2077,P045,5,10
OD06290,O2078,P035,1,10
OD06291,O2078,P017,2,10
OD06292,O2078,P027,5,10
OD06293,O2078,P025,5,0
OD06294,O2078,P047,3,15
OD06295,O2079,P050,3,0
OD06296,O2079,P012,5,20
OD06297,O2079,P049,1,5
OD06298,O2080,P037,3,10
OD06299,O2080,P040,1,0
OD06300,O2081,P046,1,5
OD06301,O2081,P044,5,0
OD06302,O2081,P018,4,5
OD06303,O2081,P007,4,0
OD06304,O2081,P002,3,20
OD06305,O2082,P024,1,5
OD06306,O2082,P004,2,0
OD06307,O2082,P019,3,5
OD06308,O2082,P037,5,0
OD06309,O2083,P050,1,0
OD06310,O2083,P040,1,0
OD06311,O2083,P037,4,0
OD06312,O2083,P006,5,10
OD06313,O2084,P046,3,15
OD06314,O2084,P012,3,20
OD06315,O2084,P027,2,10
OD06316,O2084,P023,3,5
OD06317,O2085,P041,4,0
OD06318,O2085,P012,3,20
OD06319,O2085,P004,4,15
OD06320,O2086,P004,5,5
OD06321,O2087,P038,4,15
OD06322,O2088,P041,2,10
OD06323,O2089,P009,1,5
OD06324,O2089,P037,5,0
OD06325,O2089,P049,5,20
OD06326,O2090,P013,4,15
OD06327,O2090,P016,5,5
OD06328,O2090,P014,5,0
OD06329,O2090,P028,2,5
OD06330,O2090,P031,1,15
OD06331,O2091,P014,5,15
OD06332,O2091,P015,2,15
OD06333,O2091,P027,5,5
OD06334,O2092,P047,2,20
OD06335,O2093,P033,5,20
OD06336,O2094,P048,2,0
OD06337,O2095,P011,5,0
OD06338,O2095,P028,3,20
OD06339,O2095,P029,4,15
OD06340,O2095,P025,4,10
OD06341,O2095,P013,4,0
OD06342,O2096,P005,2,10
OD06343,O2097,P006,5,10
OD06344,O2097,P044,2,10
OD06345,O2098,P041,2,10
OD06346,O2098,P017,4,15
OD06347,O2098,P022,4,15
OD06348,O2099,P047,4,20
OD06349,O2099,P002,2,0
OD06350,O2099,P009,5,10
OD06351,O2099,P012,4,15
OD06352,O2100,P038,4,0
OD06353,O2100,P002,4,15
OD06354,O2100,P017,4,10
OD06355,O2100,P014,3,5
OD06356,O2100,P003,3,15
OD06357,O2101,P012,3,5
OD06358,O2101,P040,3,5
OD06359,O2101,P019,1,10
OD06360,O2102,P012,2,15
OD06361,O2103,P001,3,15
OD06362,O2103,P018,2,0
OD06363,O2104,P039,2,20
OD06364,O2105,P041,5,20
OD06365,O2105,P016,4,15
OD06366,O2106,P012,2,15
OD06367,O2106,P042,2,5
OD06368,O2106,P031,4,0
OD06369,O2107,P014,3,20
OD06370,O2108,P028,1,0
OD06371,O2108,P036,4,20
OD06372,O2108,P010,2,0
OD06373,O2108,P013,2,0
OD06374,O2109,P032,1,0
OD06375,O2109,P007,1,5
OD06376,O2110,P019,3,10
OD06377,O2110,P038,2,0
OD06378,O2111,P023,5,20
OD06379,O2111,P017,3,15
OD06380,O2111,P010,3,10
OD06381,O2111,P027,4,10
OD06382,O2111,P006,1,5
OD06383,O2112,P019,1,20
OD06384,O2112,P026,4,20
OD06385,O2113,P013,3,0
OD06386,O2113,P039,1,5
OD06387,O2114,P028,3,20
OD06388,O2114,P032,5,15
OD06389,O2114,P027,3,0
OD06390,O2114,P019,3,10
OD06391,O2115,P007,4,15
OD06392,O2115,P030,1,0
OD06393,O2116,P041,4,0
OD06394,O2116,P014,2,0
OD06395,O2116,P036,1,20
OD06396,O2116,P045,5,0
OD06397,O2116,P013,1,5
OD06398,O2117,P001,5,15
OD06399,O2117,P035,1,5
OD06400,O2117,P044,2,10
OD06401,O2118,P018,4,15
OD06402,O2119,P013,2,20
OD06403,O2119,P049,2,20
OD06404,O2119,P029,2,20
OD06405,O2119,P040,3,0
OD06406,O2119,P011,3,10
OD06407,O2120,P029,5,5
OD06408,O2120,P008,4,0
OD06409,O2120,P026,1,15
OD06410,O2120,P011,1,10
OD06411,O2120,P005,1,0
OD06412,O2121,P027,3,15
OD06413,O2121,P004,4,0
OD06414,O2121,P039,1,15
OD06415,O2121,P023,1,20
OD06416,O2121,P020,2,10
OD06417,O2122,P013,4,10
OD06418,O2122,P047,5,0
OD06419,O2122,P035,1,0
OD06420,O2122,P043,1,5
OD06421,O2122,P022,2,0
OD06422,O2123,P005,1,10
OD06423,O2123,P026,3,15
OD06424,O2124,P039,1,5
OD06425,O2124,P040,1,0
OD06426,O2125,P015,1,5
OD06427,O2125,P016,3,5
OD06428,O2125,P013,4,20
OD06429,O2126,P026,4,10
OD06430,O2126,P017,1,0
OD06431,O2127,P019,2,0
OD06432,O2127,P011,4,20
OD06433,O2127,P025,3,15
OD06434,O2127,P035,4,0
OD06435,O2127,P047,1,15
OD06436,O2128,P011,3,20
OD06437,O2128,P014,4,10
OD06438,O2129,P020,2,20
OD06439,O2130,P043,5,20
OD06440,O2130,P027,4,20
OD06441,O2130,P023,1,5
OD06442,O2131,P026,3,0
OD06443,O2132,P004,5,10
OD06444,O2133,P034,4,0
OD06445,O2133,P030,3,15
OD06446,O2133,P001,1,20
OD06447,O2133,P031,3,10
OD06448,O2133,P011,5,5
OD06449,O2134,P013,1,0
OD06450,O2134,P003,2,10
OD06451,O2135,P026,5,15
OD06452,O2135,P007,2,20
OD06453,O2136,P010,4,20
OD06454,O2136,P004,4,5
OD06455,O2136,P040,2,20
OD06456,O2136,P041,5,15
OD06457,O2136,P017,2,0
OD06458,O2137,P009,3,10
OD06459,O2137,P007,2,15
OD06460,O2138,P002,4,20
OD06461,O2138,P023,4,15
OD06462,O2138,P011,1,10
OD06463,O2138,P047,3,10
OD06464,O2138,P036,1,20
OD06465,O2139,P013,2,15
OD06466,O2139,P016,3,20
OD06467,O2139,P034,3,0
OD06468,O2139,P033,5,10
OD06469,O2139,P026,2,0
OD06470,O2140,P015,3,10
OD06471,O2141,P050,5,0
OD06472,O2141,P027,1,5
OD06473,O2141,P014,5,5
OD06474,O2141,P002,4,20
OD06475,O2142,P023,1,10
OD06476,O2142,P030,4,5
OD06477,O2142,P045,4,5
OD06478,O2143,P027,4,10
OD06479,O2143,P049,5,20
OD06480,O2143,P018,3,0
OD06481,O2143,P006,3,20
OD06482,O2144,P022,2,20
OD06483,O2144,P037,2,15
OD06484,O2144,P036,5,5
OD06485,O2144,P016,1,0
OD06486,O2144,P049,4,10
OD06487,O2145,P011,2,5
OD06488,O2146,P016,3,10
OD06489,O2147,P028,4,5
OD06490,O2148,P024,1,15
OD06491,O2148,P043,3,10
OD06492,O2148,P030,5,15
OD06493,O2148,P050,1,15
OD06494,O2149,P030,3,20
OD06495,O2150,P044,5,15
OD06496,O2150,P027,1,20
OD06497,O2150,P024,3,10
OD06498,O2150,P045,5,5
OD06499,O2150,P014,3,10
OD06500,O2151,P014,3,15
OD06501,O2152,P031,1,0
OD06502,O2152,P048,5,0
OD06503,O2152,P036,4,15
OD06504,O2152,P040,3,5
OD06505,O2153,P038,1,15
OD06506,O2154,P005,2,5
OD06507,O2154,P021,4,0
OD06508,O2154,P045,1,10
OD06509,O2154,P002,5,5
OD06510,O2155,P007,2,20
OD06511,O2156,P005,5,10
OD06512,O2156,P012,1,5
OD06513,O2156,P037,2,0
OD06514,O2156,P017,3,5
OD06515,O2156,P033,1,20
OD06516,O2157,P013,2,20
OD06517,O2157,P046,1,5
OD06518,O2157,P035,2,20
OD06519,O2157,P016,4,15
OD06520,O2157,P014,1,0
OD06521,O2158,P047,3,10
OD06522,O2158,P029,5,20
OD06523,O2158,P024,3,15
OD06524,O2159,P016,2,10
OD06525,O2159,P018,2,5
OD06526,O2160,P011,5,5
OD06527,O2160,P026,1,5
OD06528,O2160,P008,1,0
OD06529,O2161,P041,1,20
OD06530,O2162,P050,2,5
OD06531,O2162,P034,2,0
OD06532,O2162,P025,3,5
OD06533,O2162,P029,2,10
OD06534,O2163,P003,2,10
OD06535,O2163,P010,4,15
OD06536,O2163,P017,1,10
OD06537,O2163,P018,3,5
OD06538,O2164,P049,5,5
OD06539,O2164,P046,4,0
OD06540,O2165,P038,2,15
OD06541,O2166,P031,4,10
OD06542,O2166,P028,3,0
OD06543,O2166,P036,3,15
OD06544,O2166,P012,1,10
OD06545,O2167,P009,3,15
OD06546,O2167,P021,2,5
OD06547,O2168,P047,3,15
OD06548,O2168,P050,5,10
OD06549,O2168,P031,4,5
OD06550,O2168,P028,5,10
OD06551,O2169,P047,2,5
OD06552,O2169,P034,1,15
OD06553,O2169,P040,1,5
OD06554,O2170,P018,5,5
OD06555,O2170,P043,4,20
OD06556,O2171,P043,5,5
OD06557,O2171,P019,5,5
OD06558,O2172,P030,5,5
OD06559,O2172,P041,1,5
OD06560,O2172,P005,5,20
OD06561,O2172,P027,3,15
OD06562,O2173,P008,4,5
OD06563,O2173,P016,3,5
OD06564,O2174,P010,1,20
OD06565,O2174,P038,5,5
OD06566,O2174,P036,3,20
OD06567,O2175,P031,1,15
OD06568,O2175,P046,5,10
OD06569,O2175,P034,2,20
OD06570,O2175,P044,1,15
OD06571,O2175,P011,5,20
OD06572,O2176,P039,1,10
OD06573,O2176,P040,2,0
OD06574,O2176,P006,4,15
OD06575,O2176,P021,5,0
OD06576,O2177,P035,1,10
OD06577,O2177,P011,4,10
OD06578,O2177,P014,1,15
OD06579,O2177,P024,4,5
OD06580,O2178,P023,3,10
OD06581,O2178,P001,1,0
OD06582,O2179,P006,5,0
OD06583,O2180,P016,1,10
OD06584,O2180,P042,5,0
OD06585,O2180,P014,2,0
OD06586,O2180,P020,2,10
OD06587,O2180,P018,4,15
OD06588,O2181,P039,5,15
OD06589,O2181,P007,5,15
OD06590,O2181,P037,3,20
OD06591,O2181,P005,4,10
OD06592,O2182,P024,3,10
OD06593,O2182,P013,4,15
OD06594,O2182,P031,2,0
OD06595,O2183,P047,2,15
OD06596,O2183,P015,5,15
OD06597,O2184,P025,3,10
OD06598,O2184,P049,2,10
OD06599,O2184,P003,2,20
OD06600,O2184,P024,1,5
OD06601,O2184,P013,3,5
OD06602,O2185,P021,3,5
OD06603,O2185,P022,4,10
OD06604,O2185,P049,4,0
OD06605,O2185,P041,1,20
OD06606,O2185,P017,3,20
OD06607,O2186,P020,5,20
OD06608,O2186,P028,4,10
OD06609,O2186,P040,2,15
OD06610,O2187,P012,1,5
OD06611,O2187,P019,1,15
OD06612,O2187,P050,2,15
OD06613,O2187,P013,3,10
OD06614,O2188,P042,3,10
OD06615,O2188,P011,3,15
OD06616,O2189,P017,5,5
OD06617,O2189,P014,2,20
OD06618,O2189,P005,5,15
OD06619,O2189,P030,4,0
OD06620,O2189,P048,3,10
OD06621,O2190,P023,3,0
OD06622,O2191,P002,3,20
OD06623,O2191,P028,1,10
OD06624,O2191,P035,4,5
OD06625,O2191,P027,1,20
OD06626,O2191,P004,2,5
OD06627,O2192,P043,5,20
OD06628,O2192,P039,5,0
OD06629,O2192,P029,1,10
OD06630,O2192,P010,3,20
OD06631,O2192,P011,5,5
OD06632,O2193,P037,2,10
OD06633,O2194,P019,5,20
OD06634,O2194,P013,4,20
OD06635,O2195,P043,1,5
OD06636,O2195,P008,3,15
OD06637,O2196,P017,5,5
OD06638,O2196,P007,1,15
OD06639,O2196,P011,4,15
OD06640,O2196,P045,4,10
OD06641,O2197,P041,3,0
OD06642,O2198,P007,5,0
OD06643,O2199,P025,2,5
OD06644,O2200,P030,5,0
OD06645,O2200,P037,5,5
OD06646,O2200,P003,5,15
OD06647,O2200,P020,1,0
OD06648,O2200,P050,2,20
OD06649,O2201,P032,2,15
OD06650,O2201,P016,5,15
OD06651,O2201,P050,2,10
OD06652,O2201,P037,3,15
OD06653,O2201,P026,2,10
OD06654,O2202,P014,5,15
OD06655,O2202,P050,3,15
OD06656,O2203,P045,2,10
OD06657,O2203,P002,2,5
OD06658,O2203,P037,2,0
OD06659,O2204,P037,4,20
OD06660,O2205,P042,4,20
OD06661,O2206,P001,3,0
OD06662,O2206,P038,3,5
OD06663,O2206,P040,2,15
OD06664,O2207,P024,1,5
OD06665,O2208,P012,3,15
OD06666,O2208,P005,3,0
OD06667,O2209,P005,1,20
OD06668,O2209,P001,1,10
OD06669,O2209,P002,4,15
OD06670,O2209,P006,1,5
OD06671,O2209,P022,4,5
OD06672,O2210,P018,1,10
OD06673,O2211,P042,1,5
OD06674,O2212,P014,2,10
OD06675,O2213,P019,5,0
OD06676,O2213,P042,5,15
OD06677,O2214,P014,3,0
OD06678,O2214,P019,5,5
OD06679,O2214,P025,2,20
OD06680,O2214,P010,5,10
OD06681,O2215,P007,2,20
OD06682,O2215,P023,4,5
OD06683,O2215,P040,2,15
OD06684,O2215,P046,1,0
OD06685,O2216,P001,3,5
OD06686,O2216,P016,3,15
OD06687,O2216,P039,2,15
OD06688,O2216,P013,2,0
OD06689,O2216,P035,4,15
OD06690,O2217,P020,1,15
OD06691,O2217,P036,3,15
OD06692,O2217,P008,1,10
OD06693,O2217,P038,2,5
OD06694,O2218,P045,2,0
OD06695,O2219,P036,2,15
OD06696,O2220,P032,3,15
OD06697,O2220,P025,3,0
OD06698,O2220,P027,2,15
OD06699,O2220,P013,1,15
OD06700,O2221,P040,2,20
OD06701,O2221,P017,5,5
OD06702,O2221,P035,5,10
OD06703,O2221,P037,5,20
OD06704,O2221,P047,2,20
OD06705,O2222,P010,5,20
OD06706,O2222,P024,5,0
OD06707,O2222,P017,3,0
OD06708,O2222,P031,4,15
OD06709,O2223,P029,5,10
OD06710,O2223,P015,3,0
OD06711,O2223,P043,3,5
OD06712,O2223,P004,5,20
OD06713,O2223,P040,4,10
OD06714,O2224,P038,4,20
OD06715,O2224,P030,2,0
OD06716,O2224,P014,2,10
OD06717,O2224,P002,5,20
OD06718,O2225,P004,5,20
OD06719,O2225,P045,1,15
OD06720,O2225,P041,1,20
OD06721,O2225,P024,1,0
OD06722,O2225,P034,4,10
OD06723,O2226,P045,1,20
OD06724,O2226,P010,1,15
OD06725,O2226,P032,5,15
OD06726,O2226,P046,3,10
OD06727,O2226,P038,4,0
OD06728,O2227,P016,4,5
OD06729,O2227,P040,5,5
OD06730,O2227,P011,4,10
OD06731,O2227,P029,2,10
OD06732,O2228,P037,2,20
OD06733,O2228,P028,4,0
OD06734,O2228,P005,4,20
OD06735,O2228,P044,4,10
OD06736,O2228,P040,1,15
OD06737,O2229,P031,2,10
OD06738,O2229,P034,3,10
OD06739,O2229,P006,2,15
OD06740,O2229,P005,2,15
OD06741,O2230,P025,1,20
OD06742,O2230,P017,5,20
OD06743,O2230,P039,5,0
OD06744,O2230,P001,3,10
OD06745,O2231,P026,4,0
OD06746,O2231,P041,4,5
OD06747,O2231,P046,4,15
OD06748,O2231,P019,4,15
OD06749,O2231,P038,1,10
OD06750,O2232,P017,3,15
OD06751,O2232,P004,4,20
OD06752,O2232,P001,4,5
OD06753,O2232,P015,3,0
OD06754,O2233,P023,4,20
OD06755,O2234,P046,5,20
OD06756,O2234,P010,4,10
OD06757,O2235,P032,5,0
OD06758,O2235,P037,2,0
OD06759,O2236,P019,3,0
OD06760,O2236,P013,3,0
OD06761,O2236,P034,4,15
OD06762,O2236,P003,2,10
OD06763,O2237,P023,5,0
OD06764,O2237,P046,2,5
OD06765,O2237,P007,5,15
OD06766,O2238,P046,2,20
OD06767,O2239,P023,5,5
OD06768,O2239,P008,2,15
OD06769,O2240,P040,1,10
OD06770,O2241,P027,3,20
OD06771,O2241,P001,5,20
OD06772,O2241,P018,3,20
OD06773,O2242,P038,3,0
OD06774,O2242,P040,4,0
OD06775,O2243,P038,3,15
OD06776,O2243,P003,3,15
OD06777,O2244,P025,1,0
OD06778,O2244,P026,3,5
OD06779,O2244,P031,2,10
OD06780,O2244,P006,2,5
OD06781,O2245,P016,2,15
OD06782,O2246,P019,5,15
OD06783,O2246,P041,4,15
OD06784,O2246,P004,5,20
OD06785,O2246,P035,1,10
OD06786,O2247,P017,4,15
OD06787,O2247,P004,2,15
OD06788,O2247,P009,5,5
OD06789,O2247,P044,4,0
OD06790,O2247,P012,1,10
OD06791,O2248,P036,5,10
OD06792,O2249,P046,1,5
OD06793,O2249,P032,2,10
OD06794,O2249,P050,1,0
OD06795,O2250,P008,3,20
OD06796,O2251,P050,2,10
OD06797,O2252,P016,1,20
OD06798,O2252,P035,2,15
OD06799,O2252,P027,1,15
OD06800,O2252,P007,1,10
OD06801,O2253,P039,3,0
OD06802,O2253,P015,5,15
OD06803,O2253,P048,2,20
OD06804,O2253,P026,5,20
OD06805,O2253,P029,5,20
OD06806,O2254,P032,4,0
OD06807,O2255,P020,5,15
OD06808,O2255,P002,5,10
OD06809,O2256,P017,3,20
OD06810,O2256,P006,3,20
OD06811,O2257,P037,3,10
OD06812,O2257,P040,2,15
OD06813,O2257,P015,4,20
OD06814,O2258,P009,2,10
OD06815,O2258,P046,3,0
OD06816,O2259,P025,4,10
OD06817,O2259,P020,5,15
OD06818,O2259,P009,5,10
OD06819,O2259,P040,2,5
OD06820,O2260,P019,4,20
OD06821,O2261,P030,5,0
OD06822,O2261,P048,2,10
OD06823,O2261,P024,2,5
OD06824,O2261,P007,2,0
OD06825,O2261,P008,5,15
OD06826,O2262,P045,2,15
OD06827,O2262,P029,2,10
OD06828,O2262,P046,5,15
OD06829,O2262,P031,2,5
OD06830,O2263,P025,1,20
OD06831,O2263,P040,3,5
OD06832,O2264,P027,2,10
OD06833,O2264,P040,4,20
OD06834,O2264,P017,3,10
OD06835,O2265,P049,4,15
OD06836,O2265,P019,5,0
OD06837,O2266,P019,3,0
OD06838,O2266,P034,1,15
OD06839,O2266,P007,5,20
OD06840,O2266,P005,3,5
OD06841,O2267,P039,4,5
OD06842,O2268,P006,3,15
OD06843,O2269,P022,5,0
OD06844,O2269,P036,1,10
OD06845,O2269,P009,1,10
OD06846,O2269,P040,2,20
OD06847,O2270,P020,2,5
OD06848,O2271,P048,1,20
OD06849,O2271,P009,5,0
OD06850,O2271,P010,3,20
OD06851,O2272,P039,5,10
OD06852,O2272,P042,3,15
OD06853,O2272,P006,1,15
OD06854,O2272,P021,1,10
OD06855,O2273,P020,3,10
OD06856,O2273,P016,4,5
OD06857,O2273,P012,1,15
OD06858,O2274,P009,4,10
OD06859,O2275,P009,2,5
OD06860,O2275,P034,2,0
OD06861,O2275,P004,3,5
OD06862,O2275,P002,1,10
OD06863,O2276,P004,2,20
OD06864,O2276,P025,1,5
OD06865,O2276,P028,4,5
OD06866,O2276,P045,1,10
OD06867,O2276,P024,2,5
OD06868,O2277,P023,5,10
OD06869,O2277,P048,4,20
OD06870,O2277,P029,4,5
OD06871,O2278,P026,2,15
OD06872,O2278,P020,1,15
OD06873,O2278,P006,3,20
OD06874,O2278,P039,2,10
OD06875,O2278,P004,5,20
OD06876,O2279,P048,5,5
OD06877,O2279,P042,4,20
OD06878,O2279,P001,4,0
OD06879,O2279,P009,3,10
OD06880,O2279,P006,2,10
OD06881,O2280,P017,5,0
OD06882,O2281,P023,3,0
OD06883,O2281,P049,4,0
OD06884,O2282,P010,2,5
OD06885,O2282,P023,5,5
OD06886,O2282,P050,1,10
OD06887,O2282,P046,3,20
OD06888,O2283,P011,1,20
OD06889,O2283,P012,4,15
OD06890,O2283,P019,4,0
OD06891,O2284,P001,2,0
OD06892,O2284,P006,5,5
OD06893,O2284,P042,2,20
OD06894,O2284,P031,3,20
OD06895,O2285,P050,5,15
OD06896,O2285,P017,4,0
OD06897,O2285,P036,4,20
OD06898,O2285,P040,3,10
OD06899,O2285,P023,5,5
OD06900,O2286,P018,3,5
OD06901,O2286,P044,3,15
OD06902,O2286,P006,3,5
OD06903,O2286,P029,2,10
OD06904,O2286,P039,4,15
OD06905,O2287,P004,1,0
OD06906,O2287,P048,3,20
OD06907,O2287,P008,2,15
OD06908,O2287,P035,5,5
OD06909,O2287,P038,4,5
OD06910,O2288,P018,1,15
OD06911,O2288,P050,3,0
OD06912,O2288,P025,5,20
OD06913,O2289,P020,4,15
OD06914,O2289,P014,4,10
OD06915,O2289,P002,1,20
OD06916,O2290,P026,4,10
OD06917,O2290,P034,4,15
OD06918,O2291,P031,1,15
OD06919,O2292,P048,1,20
OD06920,O2292,P032,3,10
OD06921,O2292,P023,2,10
OD06922,O2293,P012,2,10
OD06923,O2293,P045,4,20
OD06924,O2294,P024,2,15
OD06925,O2295,P048,5,0
OD06926,O2295,P011,3,10
OD06927,O2295,P043,5,15
OD06928,O2295,P024,4,0
OD06929,O2295,P001,5,5
OD06930,O2296,P040,2,10
OD06931,O2296,P045,3,20
OD06932,O2296,P006,4,5
OD06933,O2296,P014,5,15
OD06934,O2296,P005,1,0
OD06935,O2297,P003,2,10
OD06936,O2297,P049,2,5
OD06937,O2297,P038,3,5
OD06938,O2297,P016,4,5
OD06939,O2297,P033,1,20
OD06940,O2298,P009,3,5
OD06941,O2298,P043,1,0
OD06942,O2298,P049,4,0
OD06943,O2298,P038,4,10
OD06944,O2299,P030,2,10
OD06945,O2299,P033,3,10
OD06946,O2299,P004,4,5
OD06947,O2299,P013,5,5
OD06948,O2300,P009,2,20
OD06949,O2300,P043,2,5
OD06950,O2300,P023,1,5
OD06951,O2301,P032,5,10
OD06952,O2301,P001,4,15
OD06953,O2302,P003,3,0
OD06954,O2302,P022,3,15
OD06955,O2302,P040,1,5
OD06956,O2302,P019,1,15
OD06957,O2302,P029,5,15
OD06958,O2303,P038,4,5
OD06959,O2303,P019,5,15
OD06960,O2303,P043,2,5
OD06961,O2304,P041,3,5
OD06962,O2304,P046,5,15
OD06963,O2304,P013,2,0
OD06964,O2305,P048,2,20
OD06965,O2305,P012,5,20
OD06966,O2305,P044,3,5
OD06967,O2306,P047,3,5
OD06968,O2306,P034,4,20
OD06969,O2306,P017,2,0
OD06970,O2307,P015,3,20
OD06971,O2308,P050,5,10
OD06972,O2309,P018,4,0
OD06973,O2309,P036,2,15
OD06974,O2309,P033,1,15
OD06975,O2309,P006,3,10
OD06976,O2309,P048,5,15
OD06977,O2310,P027,1,20
OD06978,O2311,P025,3,20
OD06979,O2312,P013,5,10
OD06980,O2313,P023,5,20
OD06981,O2313,P012,2,20
OD06982,O2313,P005,5,20
OD06983,O2313,P008,3,0
OD06984,O2313,P007,3,0
OD06985,O2314,P009,3,5
OD06986,O2314,P024,1,15
OD06987,O2314,P042,1,10
OD06988,O2314,P003,5,15
OD06989,O2315,P020,4,15
OD06990,O2315,P022,2,20
OD06991,O2315,P008,2,20
OD06992,O2315,P040,4,20
OD06993,O2316,P006,4,10
OD06994,O2316,P022,2,10
OD06995,O2316,P045,5,20
OD06996,O2316,P034,5,15
OD06997,O2316,P032,2,20
OD06998,O2317,P023,5,20
OD06999,O2317,P024,2,15
OD07000,O2317,P027,1,10
OD07001,O2317,P030,3,10
OD07002,O2317,P005,2,0
OD07003,O2318,P016,3,10
OD07004,O2318,P017,4,5
OD07005,O2318,P042,5,15
OD07006,O2319,P021,4,15
OD07007,O2320,P019,2,15
OD07008,O2321,P027,3,0
OD07009,O2321,P020,3,5
OD07010,O2321,P010,4,10
OD07011,O2322,P028,3,0
OD07012,O2322,P038,2,5
OD07013,O2322,P043,1,10
OD07014,O2323,P021,4,0
OD07015,O2323,P038,5,5
OD07016,O2323,P019,4,10
OD07017,O2324,P037,4,10
OD07018,O2324,P027,4,15
OD07019,O2324,P050,5,15
OD07020,O2325,P018,2,15
OD07021,O2326,P017,3,15
OD07022,O2327,P047,3,10
OD07023,O2328,P025,4,0
OD07024,O2329,P033,4,20
OD07025,O2329,P021,3,0
OD07026,O2329,P050,3,10
OD07027,O2329,P049,3,5
OD07028,O2330,P033,5,10
OD07029,O2330,P027,1,15
OD07030,O2330,P007,2,5
OD07031,O2331,P006,4,15
OD07032,O2331,P034,4,5
OD07033,O2331,P049,5,5
OD07034,O2331,P023,1,20
OD07035,O2332,P041,1,20
OD07036,O2333,P034,3,20
OD07037,O2334,P020,3,10
OD07038,O2334,P046,3,10
OD07039,O2334,P042,5,10
OD07040,O2334,P007,1,15
OD07041,O2334,P044,4,0
OD07042,O2335,P025,4,0
OD07043,O2335,P016,3,15
OD07044,O2335,P020,4,5
OD07045,O2336,P019,4,15
OD07046,O2336,P040,4,20
OD07047,O2336,P045,3,5
OD07048,O2336,P036,4,5
OD07049,O2336,P016,3,0
OD07050,O2337,P010,3,5
OD07051,O2337,P015,2,10
OD07052,O2338,P008,3,10
OD07053,O2339,P026,5,15
OD07054,O2339,P018,3,15
OD07055,O2339,P041,5,20
OD07056,O2339,P016,4,20
OD07057,O2340,P007,2,0
OD07058,O2340,P039,4,5
OD07059,O2340,P001,3,0
OD07060,O2341,P006,1,10
OD07061,O2341,P050,4,15
OD07062,O2341,P009,1,15
OD07063,O2341,P011,1,5
OD07064,O2341,P013,5,20
OD07065,O2342,P011,4,5
OD07066,O2343,P026,5,15
OD07067,O2343,P036,5,5
OD07068,O2343,P050,3,5
OD07069,O2344,P023,4,15
OD07070,O2344,P044,5,15
OD07071,O2344,P029,2,10
OD07072,O2345,P043,2,15
OD07073,O2345,P013,4,10
OD07074,O2345,P035,2,5
OD07075,O2345,P040,3,10
OD07076,O2345,P001,5,15
OD07077,O2346,P001,5,10
OD07078,O2346,P041,1,20
OD07079,O2346,P003,1,15
OD07080,O2346,P002,3,0
OD07081,O2346,P045,1,10
OD07082,O2347,P021,1,10
OD07083,O2347,P033,4,5
OD07084,O2347,P005,4,10
OD07085,O2347,P017,4,0
OD07086,O2348,P015,1,0
OD07087,O2348,P040,1,10
OD07088,O2349,P033,3,15
OD07089,O2350,P033,4,0
OD07090,O2350,P012,1,20
OD07091,O2351,P004,1,5
OD07092,O2351,P003,1,0
OD07093,O2351,P046,4,10
OD07094,O2352,P021,5,0
OD07095,O2353,P050,1,20
OD07096,O2353,P035,3,0
OD07097,O2353,P040,2,5
OD07098,O2353,P010,1,0
OD07099,O2354,P008,5,10
OD07100,O2355,P022,1,10
OD07101,O2355,P024,1,15
OD07102,O2356,P030,1,20
OD07103,O2356,P027,1,20
OD07104,O2356,P031,5,0
OD07105,O2356,P032,2,10
OD07106,O2357,P020,2,15
OD07107,O2357,P018,1,0
OD07108,O2357,P015,4,20
OD07109,O2357,P037,2,5
OD07110,O2357,P008,3,15
OD07111,O2358,P013,5,20
OD07112,O2358,P036,5,5
OD07113,O2358,P050,1,15
OD07114,O2359,P039,2,0
OD07115,O2359,P018,3,20
OD07116,O2359,P048,3,10
OD07117,O2360,P046,5,5
OD07118,O2360,P030,5,20
OD07119,O2360,P035,2,10
OD07120,O2360,P018,3,15
OD07121,O2360,P010,4,15
OD07122,O2361,P015,2,5
OD07123,O2361,P042,3,5
OD07124,O2361,P038,1,15
OD07125,O2361,P039,3,10
OD07126,O2361,P026,5,20
OD07127,O2362,P043,5,20
OD07128,O2362,P035,1,5
OD07129,O2362,P010,4,20
OD07130,O2362,P020,4,15
OD07131,O2362,P025,3,20
OD07132,O2363,P004,2,20
OD07133,O2363,P030,5,10
OD07134,O2364,P026,3,15
OD07135,O2364,P019,5,20
OD07136,O2364,P031,5,0
OD07137,O2364,P005,1,15
OD07138,O2365,P033,2,20
OD07139,O2366,P028,3,0
OD07140,O2366,P021,2,15
OD07141,O2367,P022,5,5
OD07142,O2367,P018,2,0
OD07143,O2368,P005,1,10
OD07144,O2368,P044,5,20
OD07145,O2369,P002,2,5
OD07146,O2369,P008,1,0
OD07147,O2369,P047,4,0
OD07148,O2369,P006,2,15
OD07149,O2370,P047,4,10
OD07150,O2370,P018,1,15
OD07151,O2370,P004,2,10
OD07152,O2371,P023,3,0
OD07153,O2371,P045,2,20
OD07154,O2371,P043,1,10
OD07155,O2372,P029,2,5
OD07156,O2373,P047,1,10
OD07157,O2373,P015,1,5
OD07158,O2373,P028,4,10
OD07159,O2374,P015,5,10
OD07160,O2374,P027,3,10
OD07161,O2374,P033,2,5
OD07162,O2374,P042,3,0
OD07163,O2375,P040,5,20
OD07164,O2375,P007,5,10
OD07165,O2375,P008,4,5
OD07166,O2375,P035,1,20
OD07167,O2376,P009,4,5
OD07168,O2376,P022,1,10
OD07169,O2376,P001,4,10
OD07170,O2376,P038,3,10
OD07171,O2376,P029,3,5
OD07172,O2377,P010,5,5
OD07173,O2377,P044,2,5
OD07174,O2377,P008,5,0
OD07175,O2377,P045,3,20
OD07176,O2377,P031,4,20
OD07177,O2378,P050,4,15
OD07178,O2378,P022,4,20
OD07179,O2379,P035,5,15
OD07180,O2379,P031,3,10
OD07181,O2379,P005,4,0
OD07182,O2379,P047,4,10
OD07183,O2380,P045,1,0
OD07184,O2380,P031,1,15
OD07185,O2381,P006,5,15
OD07186,O2382,P029,2,15
OD07187,O2382,P032,5,10
OD07188,O2383,P048,2,15
OD07189,O2383,P038,1,20
OD07190,O2384,P041,3,15
OD07191,O2385,P043,1,15
OD07192,O2385,P026,2,15
OD07193,O2385,P036,5,15
OD07194,O2386,P048,5,0
OD07195,O2386,P050,4,15
OD07196,O2386,P010,2,20
OD07197,O2386,P022,4,0
OD07198,O2386,P044,2,5
OD07199,O2387,P047,2,0
OD07200,O2387,P023,1,0
OD07201,O2387,P005,4,5
OD07202,O2387,P018,5,15
OD07203,O2387,P034,3,15
OD07204,O2388,P022,3,20
OD07205,O2388,P001,5,0
OD07206,O2389,P041,5,5
OD07207,O2390,P040,3,15
OD07208,O2390,P033,5,15
OD07209,O2391,P007,3,5
OD07210,O2391,P006,2,15
OD07211,O2391,P037,5,5
OD07212,O2391,P047,1,10
OD07213,O2391,P017,5,10
OD07214,O2392,P038,1,10
OD07215,O2392,P050,2,20
OD07216,O2392,P048,5,15
OD07217,O2393,P012,4,10
OD07218,O2393,P011,5,20
OD07219,O2393,P001,3,0
OD07220,O2393,P036,4,20
OD07221,O2394,P029,5,0
OD07222,O2394,P001,4,0
OD07223,O2394,P045,1,10
OD07224,O2394,P019,4,15
OD07225,O2394,P043,3,20
OD07226,O2395,P050,5,10
OD07227,O2395,P012,1,15
OD07228,O2395,P004,3,20
OD07229,O2395,P008,4,15
OD07230,O2396,P010,5,10
OD07231,O2396,P004,3,5
OD07232,O2397,P044,2,15
OD07233,O2397,P012,1,0
OD07234,O2397,P043,5,10
OD07235,O2398,P023,4,10
OD07236,O2399,P026,5,20
OD07237,O2400,P030,2,15
OD07238,O2400,P028,5,5
OD07239,O2400,P044,4,0
OD07240,O2400,P006,4,0
OD07241,O2400,P027,2,10
OD07242,O2401,P041,4,0
OD07243,O2401,P049,3,20
OD07244,O2401,P034,4,0
OD07245,O2402,P047,1,20
OD07246,O2402,P013,1,15
OD07247,O2403,P045,2,20
OD07248,O2403,P005,3,10
OD07249,O2403,P007,4,0
OD07250,O2403,P039,2,0
OD07251,O2403,P046,4,0
OD07252,O2404,P012,3,0
OD07253,O2404,P009,3,10
OD07254,O2405,P038,2,20
OD07255,O2405,P018,1,10
OD07256,O2405,P009,2,10
OD07257,O2406,P024,1,10
OD07258,O2406,P020,2,0
OD07259,O2407,P037,3,20
OD07260,O2407,P049,5,15
OD07261,O2408,P044,3,20
OD07262,O2408,P045,4,5
OD07263,O2408,P015,3,10
OD07264,O2408,P043,2,15
OD07265,O2408,P048,1,20
OD07266,O2409,P022,2,15
OD07267,O2409,P011,2,15
OD07268,O2409,P014,4,20
OD07269,O2410,P012,5,15
OD07270,O2410,P033,3,10
OD07271,O2410,P048,1,0
OD07272,O2410,P011,1,0
OD07273,O2410,P028,2,5
OD07274,O2411,P029,4,15
OD07275,O2411,P024,3,20
OD07276,O2412,P034,2,10
OD07277,O2412,P042,2,10
OD07278,O2412,P039,5,20
OD07279,O2412,P017,5,15
OD07280,O2412,P048,4,20
OD07281,O2413,P045,1,0
OD07282,O2413,P036,4,10
OD07283,O2413,P022,1,0
OD07284,O2413,P004,3,10
OD07285,O2414,P038,4,20
OD07286,O2414,P005,4,10
OD07287,O2414,P004,4,0
OD07288,O2414,P042,2,15
OD07289,O2415,P043,5,10
OD07290,O2415,P006,3,20
OD07291,O2415,P036,4,5
OD07292,O2415,P032,1,20
OD07293,O2416,P032,4,20
OD07294,O2416,P050,5,10
OD07295,O2417,P005,5,5
OD07296,O2417,P021,1,20
OD07297,O2418,P047,2,10
OD07298,O2418,P015,3,5
OD07299,O2418,P022,4,0
OD07300,O2418,P024,1,0
OD07301,O2418,P033,4,10
OD07302,O2419,P003,5,0
OD07303,O2419,P027,5,5
OD07304,O2419,P047,2,5
OD07305,O2419,P039,5,0
OD07306,O2419,P032,5,20
OD07307,O2420,P026,4,20
OD07308,O2420,P013,3,5
OD07309,O2420,P024,5,15
OD07310,O2420,P036,5,0
OD07311,O2421,P019,1,5
OD07312,O2422,P027,4,10
OD07313,O2422,P025,1,20
OD07314,O2422,P029,5,15
OD07315,O2422,P043,2,0
OD07316,O2423,P034,5,15
OD07317,O2424,P043,3,20
OD07318,O2424,P030,5,15
OD07319,O2424,P010,5,15
OD07320,O2424,P018,3,5
OD07321,O2425,P049,3,5
OD07322,O2425,P037,4,20
OD07323,O2425,P022,5,0
OD07324,O2426,P027,5,15
OD07325,O2426,P004,1,10
OD07326,O2426,P005,5,5
OD07327,O2426,P032,5,15
OD07328,O2427,P024,1,20
OD07329,O2428,P024,4,15
OD07330,O2428,P035,5,10
OD07331,O2428,P032,2,15
OD07332,O2429,P010,2,15
OD07333,O2429,P037,5,5
OD07334,O2429,P044,1,0
OD07335,O2430,P005,2,20
OD07336,O2430,P006,2,0
OD07337,O2430,P024,1,15
OD07338,O2430,P037,1,15
OD07339,O2430,P021,1,20
OD07340,O2431,P009,4,0
OD07341,O2431,P042,5,15
OD07342,O2431,P047,3,15
OD07343,O2431,P021,2,10
OD07344,O2431,P011,2,5
OD07345,O2432,P007,4,0
OD07346,O2432,P002,3,0
OD07347,O2432,P017,5,15
OD07348,O2433,P022,5,10
OD07349,O2433,P027,3,10
OD07350,O2434,P034,3,15
OD07351,O2434,P028,3,15
OD07352,O2434,P017,4,0
OD07353,O2434,P047,2,20
OD07354,O2434,P042,5,15
OD07355,O2435,P025,2,20
OD07356,O2435,P028,1,15
OD07357,O2435,P021,5,15
OD07358,O2435,P020,2,0
OD07359,O2435,P015,5,5
OD07360,O2436,P039,4,5
OD07361,O2436,P020,5,0
OD07362,O2437,P024,3,20
OD07363,O2437,P019,5,5
OD07364,O2437,P013,3,10
OD07365,O2437,P005,1,5
OD07366,O2437,P044,5,0
OD07367,O2438,P008,4,10
OD07368,O2438,P001,5,0
OD07369,O2438,P039,1,10
OD07370,O2438,P037,3,10
OD07371,O2439,P003,1,20
OD07372,O2439,P033,1,15
OD07373,O2439,P029,3,20
OD07374,O2439,P034,4,10
OD07375,O2439,P016,3,0
OD07376,O2440,P005,5,10
OD07377,O2440,P002,3,5
OD07378,O2440,P036,4,0
OD07379,O2441,P025,2,15
OD07380,O2441,P007,1,5
OD07381,O2442,P030,1,20
OD07382,O2443,P017,4,5
OD07383,O2443,P026,5,15
OD07384,O2443,P028,2,10
OD07385,O2443,P006,3,15
OD07386,O2444,P025,2,20
OD07387,O2444,P038,4,20
OD07388,O2444,P012,5,20
OD07389,O2444,P045,4,0
OD07390,O2445,P040,2,20
OD07391,O2445,P027,1,20
OD07392,O2446,P012,1,15
OD07393,O2447,P007,1,10
OD07394,O2447,P021,5,10
OD07395,O2448,P044,3,0
OD07396,O2448,P015,1,0
OD07397,O2448,P001,5,5
OD07398,O2448,P026,5,10
OD07399,O2449,P047,5,15
OD07400,O2449,P010,1,10
OD07401,O2449,P039,1,5
OD07402,O2450,P016,1,5
OD07403,O2450,P029,4,20
OD07404,O2450,P024,1,0
OD07405,O2451,P003,4,0
OD07406,O2452,P047,1,20
OD07407,O2453,P004,3,15
OD07408,O2453,P036,2,20
OD07409,O2454,P032,5,15
OD07410,O2454,P030,3,5
OD07411,O2454,P046,4,5
OD07412,O2455,P017,2,20
OD07413,O2456,P015,4,0
OD07414,O2456,P026,2,10
OD07415,O2457,P024,3,15
OD07416,O2458,P021,1,5
OD07417,O2458,P005,5,0
OD07418,O2458,P019,2,20
OD07419,O2459,P036,3,20
OD07420,O2460,P042,3,5
OD07421,O2460,P011,1,10
OD07422,O2460,P002,5,15
OD07423,O2460,P050,4,10
OD07424,O2461,P017,2,0
OD07425,O2461,P026,2,20
OD07426,O2462,P037,4,0
OD07427,O2462,P050,3,15
OD07428,O2462,P034,3,0
OD07429,O2462,P029,1,20
OD07430,O2463,P037,3,0
OD07431,O2463,P045,5,0
OD07432,O2463,P002,4,15
OD07433,O2463,P007,5,15
OD07434,O2463,P040,5,5
OD07435,O2464,P035,4,5
OD07436,O2464,P046,3,5
OD07437,O2464,P015,1,20
OD07438,O2464,P047,1,0
OD07439,O2465,P045,5,10
OD07440,O2465,P049,3,10
OD07441,O2466,P003,2,15
OD07442,O2466,P015,5,20
OD07443,O2466,P017,4,10
OD07444,O2467,P027,2,15
OD07445,O2467,P014,1,15
OD07446,O2467,P042,2,0
OD07447,O2468,P020,5,15
OD07448,O2468,P037,1,5
OD07449,O2469,P026,5,5
OD07450,O2469,P003,2,20
OD07451,O2469,P041,1,15
OD07452,O2470,P018,2,10
OD07453,O2471,P042,4,0
OD07454,O2471,P010,1,20
OD07455,O2472,P011,3,20
OD07456,O2472,P044,2,15
OD07457,O2473,P012,3,10
OD07458,O2473,P037,1,0
OD07459,O2473,P030,5,0
OD07460,O2474,P007,5,5
OD07461,O2475,P038,2,15
OD07462,O2475,P002,1,5
OD07463,O2475,P043,1,5
OD07464,O2476,P042,4,20
OD07465,O2477,P031,2,10
OD07466,O2477,P017,4,15
OD07467,O2477,P045,4,5
OD07468,O2478,P031,1,15
OD07469,O2479,P034,1,5
OD07470,O2479,P003,4,15
OD07471,O2479,P020,3,20
OD07472,O2480,P040,3,0
OD07473,O2480,P001,2,5
OD07474,O2481,P009,5,0
OD07475,O2482,P015,4,5
OD07476,O2482,P023,2,0
OD07477,O2482,P003,4,20
OD07478,O2482,P049,4,5
OD07479,O2482,P005,1,10
OD07480,O2483,P005,4,0
OD07481,O2484,P025,4,0
OD07482,O2484,P022,3,10
OD07483,O2484,P003,2,10
OD07484,O2485,P022,4,5
OD07485,O2485,P013,2,20
OD07486,O2485,P018,5,15
OD07487,O2485,P020,3,15
OD07488,O2485,P017,5,0
OD07489,O2486,P033,2,5
OD07490,O2486,P047,1,10
OD07491,O2486,P015,1,0
OD07492,O2486,P007,5,20
OD07493,O2486,P010,5,20
OD07494,O2487,P003,2,20
OD07495,O2488,P012,3,15
OD07496,O2488,P016,4,10
OD07497,O2488,P029,3,0
OD07498,O2488,P032,1,20
OD07499,O2489,P006,2,5
OD07500,O2489,P002,1,10
OD07501,O2489,P018,3,5
OD07502,O2490,P050,5,5
OD07503,O2490,P031,5,5
OD07504,O2490,P026,4,15
OD07505,O2490,P018,3,0
OD07506,O2491,P048,1,0
OD07507,O2492,P001,2,10
OD07508,O2492,P043,2,10
OD07509,O2492,P030,3,0
OD07510,O2492,P039,1,20
OD07511,O2492,P007,4,5
OD07512,O2493,P033,4,5
OD07513,O2494,P031,4,0
OD07514,O2494,P019,5,5
OD07515,O2494,P001,1,0
OD07516,O2495,P020,5,20
OD07517,O2495,P005,4,15
OD07518,O2496,P036,5,0
OD07519,O2496,P027,1,15
OD07520,O2496,P009,5,0
OD07521,O2496,P045,3,15
OD07522,O2497,P008,1,15
OD07523,O2497,P045,3,5
OD07524,O2497,P015,2,0
OD07525,O2498,P046,2,10
OD07526,O2498,P018,1,0
OD07527,O2498,P007,5,20
OD07528,O2499,P029,5,20
OD07529,O2499,P047,1,20
OD07530,O2499,P034,1,10
OD07531,O2499,P022,5,10
OD07532,O2500,P005,4,20
OD07533,O2500,P049,1,15
OD07534,O2500,P041,1,0
OD07535,O2500,P013,5,5
OD07536,O2501,P044,3,15
OD07537,O2502,P031,2,15
OD07538,O2502,P019,2,0
OD07539,O2502,P013,3,15
OD07540,O2502,P048,5,5
OD07541,O2503,P004,3,20
OD07542,O2503,P049,3,20
OD07543,O2503,P005,2,20
OD07544,O2503,P032,5,15
OD07545,O2504,P046,5,15
OD07546,O2504,P018,2,20
OD07547,O2504,P010,4,15
OD07548,O2504,P005,2,5
OD07549,O2504,P048,2,20
OD07550,O2505,P021,5,10
OD07551,O2505,P010,5,15
OD07552,O2505,P022,3,20
OD07553,O2506,P022,5,15
OD07554,O2506,P044,2,20
OD07555,O2507,P007,5,5
OD07556,O2507,P008,4,20
OD07557,O2508,P038,2,20
OD07558,O2508,P046,4,20
OD07559,O2509,P026,2,15
OD07560,O2509,P036,2,10
OD07561,O2509,P047,3,10
OD07562,O2509,P023,2,10
OD07563,O2510,P022,4,0
OD07564,O2511,P005,1,5
OD07565,O2512,P027,1,15
OD07566,O2512,P014,2,15
OD07567,O2513,P010,1,20
OD07568,O2513,P036,4,5
OD07569,O2513,P039,4,0
OD07570,O2513,P007,1,15
OD07571,O2514,P045,1,15
OD07572,O2514,P019,4,10
OD07573,O2514,P044,2,0
OD07574,O2514,P028,4,0
OD07575,O2514,P039,2,15
OD07576,O2515,P037,1,5
OD07577,O2515,P023,4,20
OD07578,O2515,P018,2,15
OD07579,O2515,P007,1,0
OD07580,O2516,P024,3,20
OD07581,O2517,P024,3,15
OD07582,O2517,P016,4,15
OD07583,O2517,P033,1,10
OD07584,O2517,P036,4,5
OD07585,O2518,P026,3,15
OD07586,O2519,P023,4,10
OD07587,O2519,P035,1,10
OD07588,O2520,P050,2,10
OD07589,O2521,P029,5,20
OD07590,O2521,P047,1,15
OD07591,O2521,P030,5,0
OD07592,O2521,P032,5,15
OD07593,O2521,P009,1,0
OD07594,O2522,P016,5,20
OD07595,O2522,P039,4,15
OD07596,O2522,P049,2,20
OD07597,O2523,P036,3,10
OD07598,O2524,P038,4,10
OD07599,O2524,P028,3,5
OD07600,O2524,P032,5,5
OD07601,O2525,P020,1,10
OD07602,O2525,P034,1,5
OD07603,O2525,P046,1,0
OD07604,O2526,P011,5,5
OD07605,O2526,P004,2,0
OD07606,O2526,P044,4,0
OD07607,O2526,P008,2,5
OD07608,O2527,P013,4,0
OD07609,O2527,P036,1,5
OD07610,O2527,P045,2,0
OD07611,O2528,P028,3,20
OD07612,O2528,P003,5,20
OD07613,O2528,P020,4,20
OD07614,O2528,P045,3,0
OD07615,O2529,P014,5,10
OD07616,O2529,P003,5,5
OD07617,O2529,P041,4,15
OD07618,O2529,P005,1,5
OD07619,O2530,P001,4,5
OD07620,O2530,P040,3,5
OD07621,O2530,P033,4,5
OD07622,O2530,P049,5,15
OD07623,O2531,P020,4,10
OD07624,O2532,P040,5,5
OD07625,O2532,P035,5,20
OD07626,O2532,P026,5,0
OD07627,O2532,P012,5,20
OD07628,O2532,P033,3,5
OD07629,O2533,P027,2,10
OD07630,O2533,P037,4,20
OD07631,O2533,P040,3,0
OD07632,O2533,P001,1,10
OD07633,O2534,P006,5,0
OD07634,O2534,P043,1,20
OD07635,O2535,P012,5,10
OD07636,O2535,P004,2,20
OD07637,O2535,P028,1,15
OD07638,O2536,P034,2,5
OD07639,O2536,P027,1,0
OD07640,O2536,P020,1,20
OD07641,O2536,P036,3,0
OD07642,O2536,P039,4,10
OD07643,O2537,P003,1,0
OD07644,O2537,P029,4,10
OD07645,O2537,P023,3,15
OD07646,O2538,P026,3,10
OD07647,O2538,P020,3,5
OD07648,O2538,P001,4,10
OD07649,O2538,P017,4,0
OD07650,O2538,P016,2,20
OD07651,O2539,P004,3,0
OD07652,O2540,P016,2,5
OD07653,O2540,P014,1,10
OD07654,O2540,P025,5,20
OD07655,O2541,P020,5,20
OD07656,O2541,P047,1,15
OD07657,O2541,P003,3,20
OD07658,O2542,P041,1,0
OD07659,O2542,P040,1,0
OD07660,O2542,P035,2,0
OD07661,O2542,P005,3,20
OD07662,O2543,P020,2,0
OD07663,O2543,P012,2,0
OD07664,O2543,P030,1,20
OD07665,O2544,P030,3,15
OD07666,O2544,P015,5,15
OD07667,O2545,P049,5,10
OD07668,O2545,P014,4,0
OD07669,O2545,P022,2,10
OD07670,O2545,P007,5,0
OD07671,O2546,P050,2,15
OD07672,O2546,P010,4,15
OD07673,O2547,P038,1,10
OD07674,O2547,P026,4,0
OD07675,O2547,P045,3,0
OD07676,O2547,P018,2,10
OD07677,O2548,P023,4,5
OD07678,O2548,P048,3,0
OD07679,O2548,P047,2,0
OD07680,O2548,P008,2,5
OD07681,O2548,P017,1,5
OD07682,O2549,P025,4,5
OD07683,O2549,P050,1,15
OD07684,O2550,P017,4,20
OD07685,O2550,P035,5,15
OD07686,O2550,P013,1,20
OD07687,O2551,P015,5,5
OD07688,O2551,P020,4,5
OD07689,O2551,P008,5,20
OD07690,O2551,P005,2,20
OD07691,O2552,P033,1,5
OD07692,O2552,P031,1,20
OD07693,O2552,P047,4,0
OD07694,O2552,P027,1,15
OD07695,O2552,P018,1,10
OD07696,O2553,P026,3,5
OD07697,O2553,P039,4,0
OD07698,O2553,P047,2,5
OD07699,O2554,P023,5,0
OD07700,O2554,P005,2,0
OD07701,O2554,P028,4,0
OD07702,O2554,P007,5,0
OD07703,O2554,P015,4,0
OD07704,O2555,P010,2,15
OD07705,O2555,P029,5,15
OD07706,O2556,P012,3,20
OD07707,O2556,P021,3,15
OD07708,O2557,P013,5,5
OD07709,O2557,P041,2,5
OD07710,O2557,P047,4,20
OD07711,O2558,P002,4,20
OD07712,O2558,P025,3,5
OD07713,O2558,P050,5,20
OD07714,O2558,P024,3,0
OD07715,O2559,P042,1,20
OD07716,O2559,P017,5,20
OD07717,O2559,P026,5,5
OD07718,O2560,P043,2,20
OD07719,O2560,P034,1,0
OD07720,O2560,P007,1,20
OD07721,O2561,P021,4,5
OD07722,O2561,P038,5,20
OD07723,O2561,P049,4,5
OD07724,O2561,P011,5,20
OD07725,O2562,P036,2,5
OD07726,O2562,P048,3,15
OD07727,O2562,P033,3,0
OD07728,O2563,P025,5,15
OD07729,O2563,P010,4,15
OD07730,O2563,P039,4,0
OD07731,O2564,P013,4,5
OD07732,O2565,P012,4,20
OD07733,O2565,P037,4,0
OD07734,O2565,P019,4,10
OD07735,O2565,P014,3,10
OD07736,O2565,P015,5,20
OD07737,O2566,P040,4,15
OD07738,O2566,P048,1,20
OD07739,O2567,P036,3,5
OD07740,O2567,P049,2,15
OD07741,O2567,P033,5,20
OD07742,O2567,P040,2,20
OD07743,O2567,P026,1,5
OD07744,O2568,P011,4,0
OD07745,O2568,P041,1,5
OD07746,O2569,P010,4,0
OD07747,O2569,P006,1,10
OD07748,O2569,P018,2,15
OD07749,O2569,P046,3,5
OD07750,O2569,P033,3,5
OD07751,O2570,P005,5,0
OD07752,O2570,P013,5,15
OD07753,O2570,P049,5,15
OD07754,O2570,P012,2,5
OD07755,O2570,P016,1,20
OD07756,O2571,P002,4,20
OD07757,O2571,P010,4,10
OD07758,O2571,P022,4,20
OD07759,O2571,P030,2,20
OD07760,O2572,P022,3,0
OD07761,O2572,P048,1,20
OD07762,O2572,P005,2,10
OD07763,O2572,P030,5,5
OD07764,O2573,P049,2,10
OD07765,O2573,P043,5,5
OD07766,O2573,P004,5,0
OD07767,O2574,P007,2,0
OD07768,O2574,P008,5,0
OD07769,O2574,P039,4,15
OD07770,O2575,P018,1,10
OD07771,O2575,P049,1,0
OD07772,O2575,P043,2,10
OD07773,O2576,P009,1,5
OD07774,O2576,P048,4,5
OD07775,O2576,P039,4,5
OD07776,O2576,P013,3,10
OD07777,O2576,P031,5,10
OD07778,O2577,P035,4,0
OD07779,O2577,P017,5,5
OD07780,O2577,P034,2,5
OD07781,O2577,P042,3,15
OD07782,O2578,P046,2,0
OD07783,O2578,P003,5,10
OD07784,O2578,P020,5,20
OD07785,O2578,P001,1,10
OD07786,O2579,P011,1,10
OD07787,O2579,P040,3,0
OD07788,O2579,P013,5,10
OD07789,O2579,P041,2,5
OD07790,O2580,P026,2,15
OD07791,O2581,P010,4,5
OD07792,O2581,P037,2,20
OD07793,O2581,P040,1,5
OD07794,O2582,P013,5,0
OD07795,O2582,P026,4,0
OD07796,O2583,P002,4,5
OD07797,O2584,P025,3,0
OD07798,O2584,P016,1,20
OD07799,O2584,P038,2,0
OD07800,O2584,P010,1,15
OD07801,O2585,P002,3,10
OD07802,O2585,P027,5,15
OD07803,O2585,P001,4,0
OD07804,O2585,P004,2,15
OD07805,O2585,P018,3,5
OD07806,O2586,P038,3,0
OD07807,O2586,P028,4,20
OD07808,O2586,P023,3,10
OD07809,O2586,P036,4,20
OD07810,O2587,P049,3,20
OD07811,O2587,P039,3,10
OD07812,O2587,P014,2,15
OD07813,O2587,P040,1,0
OD07814,O2588,P035,2,0
OD07815,O2588,P009,3,5
OD07816,O2588,P050,3,20
OD07817,O2589,P004,4,0
OD07818,O2589,P016,3,5
OD07819,O2590,P011,2,0
OD07820,O2591,P008,4,10
OD07821,O2591,P049,4,20
OD07822,O2591,P040,1,15
OD07823,O2591,P018,4,0
OD07824,O2592,P005,5,15
OD07825,O2593,P012,4,10
OD07826,O2593,P029,4,15
OD07827,O2593,P040,5,20
OD07828,O2593,P041,2,0
OD07829,O2594,P012,3,10
OD07830,O2594,P046,4,0
OD07831,O2594,P002,4,10
OD07832,O2594,P035,3,10
OD07833,O2595,P007,3,20
OD07834,O2596,P027,1,5
OD07835,O2597,P031,5,5
OD07836,O2597,P046,1,15
OD07837,O2597,P028,4,20
OD07838,O2597,P025,3,10
OD07839,O2597,P033,3,5
OD07840,O2598,P024,2,10
OD07841,O2598,P047,2,15
OD07842,O2598,P002,5,20
OD07843,O2598,P032,5,15
OD07844,O2599,P040,1,5
OD07845,O2600,P004,4,0
OD07846,O2601,P044,4,0
OD07847,O2601,P040,2,20
OD07848,O2602,P042,5,15
OD07849,O2602,P023,5,10
OD07850,O2602,P006,2,20
OD07851,O2603,P046,4,20
OD07852,O2603,P032,1,20
OD07853,O2603,P044,4,10
OD07854,O2603,P039,5,15
OD07855,O2603,P029,2,5
OD07856,O2604,P024,4,0
OD07857,O2604,P029,2,20
OD07858,O2604,P019,4,20
OD07859,O2605,P029,5,10
OD07860,O2605,P017,2,5
OD07861,O2605,P014,3,15
OD07862,O2606,P032,4,0
OD07863,O2607,P035,3,5
OD07864,O2607,P032,4,0
OD07865,O2607,P044,3,5
OD07866,O2607,P020,1,10
OD07867,O2607,P010,4,20
OD07868,O2608,P046,1,10
OD07869,O2609,P019,5,0
OD07870,O2609,P018,5,0
OD07871,O2609,P030,1,0
OD07872,O2609,P033,4,0
OD07873,O2609,P023,5,5
OD07874,O2610,P008,5,15
OD07875,O2610,P050,1,5
OD07876,O2610,P001,5,0
OD07877,O2611,P049,4,20
OD07878,O2612,P016,4,5
OD07879,O2612,P018,5,0
OD07880,O2613,P018,2,5
OD07881,O2613,P019,1,5
OD07882,O2613,P042,4,15
OD07883,O2613,P048,1,5
OD07884,O2613,P035,5,10
OD07885,O2614,P035,4,5
OD07886,O2614,P027,1,20
OD07887,O2614,P026,3,15
OD07888,O2615,P028,4,15
OD07889,O2615,P015,5,5
OD07890,O2615,P008,5,15
OD07891,O2615,P035,5,0
OD07892,O2616,P037,1,10
OD07893,O2617,P041,3,20
OD07894,O2617,P023,1,0
OD07895,O2618,P030,4,0
OD07896,O2618,P048,3,10
OD07897,O2618,P039,4,0
OD07898,O2619,P025,5,20
OD07899,O2619,P047,1,10
OD07900,O2620,P018,5,15
OD07901,O2620,P036,5,5
OD07902,O2620,P007,3,0
OD07903,O2620,P004,3,10
OD07904,O2620,P029,4,15
OD07905,O2621,P040,1,20
OD07906,O2621,P033,4,5
OD07907,O2621,P004,1,0
OD07908,O2621,P041,3,20
OD07909,O2621,P011,3,15
OD07910,O2622,P041,2,15
OD07911,O2622,P045,1,5
OD07912,O2622,P021,2,5
OD07913,O2622,P028,5,10
OD07914,O2622,P002,1,5
OD07915,O2623,P009,5,20
OD07916,O2624,P035,2,20
OD07917,O2624,P020,1,5
OD07918,O2624,P024,5,0
OD07919,O2624,P003,1,5
OD07920,O2625,P046,2,10
OD07921,O2625,P017,5,15
OD07922,O2625,P048,5,5
OD07923,O2625,P007,4,20
OD07924,O2625,P005,2,20
OD07925,O2626,P023,1,20
OD07926,O2626,P034,3,0
OD07927,O2626,P016,1,0
OD07928,O2626,P024,2,10
OD07929,O2627,P006,1,10
OD07930,O2627,P031,2,5
OD07931,O2627,P022,2,0
OD07932,O2627,P036,3,5
OD07933,O2627,P004,1,10
OD07934,O2628,P023,2,5
OD07935,O2629,P028,2,20
OD07936,O2629,P032,3,20
OD07937,O2630,P036,4,10
OD07938,O2631,P047,2,0
OD07939,O2631,P003,1,5
OD07940,O2631,P005,1,10
OD07941,O2632,P005,3,5
OD07942,O2632,P046,3,10
OD07943,O2632,P030,3,20
OD07944,O2632,P047,2,5
OD07945,O2632,P031,3,20
OD07946,O2633,P026,1,10
OD07947,O2633,P044,4,20
OD07948,O2633,P023,3,10
OD07949,O2633,P018,5,10
OD07950,O2634,P021,3,0
OD07951,O2634,P008,5,10
OD07952,O2635,P007,4,10
OD07953,O2635,P003,3,5
OD07954,O2635,P034,1,10
OD07955,O2635,P011,3,15
OD07956,O2636,P041,2,10
OD07957,O2636,P036,1,0
OD07958,O2636,P047,2,20
OD07959,O2637,P044,1,5
OD07960,O2637,P050,3,20
OD07961,O2638,P027,2,5
OD07962,O2638,P049,4,0
OD07963,O2638,P030,5,0
OD07964,O2638,P040,4,0
OD07965,O2638,P012,2,0
OD07966,O2639,P043,1,15
OD07967,O2639,P031,3,0
OD07968,O2639,P048,5,15
OD07969,O2639,P021,5,15
OD07970,O2640,P022,4,20
OD07971,O2640,P049,2,15
OD07972,O2641,P018,3,20
OD07973,O2641,P011,2,5
OD07974,O2641,P047,1,10
OD07975,O2641,P014,1,10
OD07976,O2642,P010,2,15
OD07977,O2643,P013,5,10
OD07978,O2643,P009,2,15
OD07979,O2643,P023,4,15
OD07980,O2643,P050,3,20
OD07981,O2643,P048,3,5
OD07982,O2644,P046,1,10
OD07983,O2644,P032,4,10
OD07984,O2644,P029,5,5
OD07985,O2645,P001,2,15
OD07986,O2645,P030,4,20
OD07987,O2646,P048,4,5
OD07988,O2646,P027,2,10
OD07989,O2647,P039,5,15
OD07990,O2648,P009,1,5
OD07991,O2648,P047,2,0
OD07992,O2648,P035,2,5
OD07993,O2648,P026,2,5
OD07994,O2648,P002,4,20
OD07995,O2649,P014,2,20
OD07996,O2649,P046,1,10
OD07997,O2649,P033,1,10
OD07998,O2649,P008,4,5
OD07999,O2650,P040,5,20
OD08000,O2651,P017,4,5
OD08001,O2651,P030,4,10
OD08002,O2651,P049,2,5
OD08003,O2651,P025,3,15
OD08004,O2651,P035,3,0
OD08005,O2652,P020,3,0
OD08006,O2652,P024,3,10
OD08007,O2653,P002,3,20
OD08008,O2653,P009,3,15
OD08009,O2654,P020,4,20
OD08010,O2655,P019,3,15
OD08011,O2655,P040,3,5
OD08012,O2655,P032,4,0
OD08013,O2655,P034,5,5
OD08014,O2655,P044,4,10
OD08015,O2656,P025,4,5
OD08016,O2656,P043,3,5
OD08017,O2657,P005,1,5
OD08018,O2657,P045,3,20
OD08019,O2657,P012,2,20
OD08020,O2658,P012,2,15
OD08021,O2658,P015,5,5
OD08022,O2658,P019,5,15
OD08023,O2658,P004,5,0
OD08024,O2658,P001,5,0
OD08025,O2659,P045,4,20
OD08026,O2659,P028,2,20
OD08027,O2660,P013,2,10
OD08028,O2661,P011,5,5
OD08029,O2661,P003,5,10
OD08030,O2661,P032,5,20
OD08031,O2661,P006,2,20
OD08032,O2662,P031,1,15
OD08033,O2662,P019,4,10
OD08034,O2662,P042,4,5
OD08035,O2663,P036,5,15
OD08036,O2663,P037,1,5
OD08037,O2663,P021,1,20
OD08038,O2663,P030,5,10
OD08039,O2664,P032,2,5
OD08040,O2664,P038,1,15
OD08041,O2665,P024,2,10
OD08042,O2665,P018,1,20
OD08043,O2665,P029,2,10
OD08044,O2665,P002,4,15
OD08045,O2666,P029,4,0
OD08046,O2667,P011,1,0
OD08047,O2667,P018,1,15
OD08048,O2667,P029,5,5
OD08049,O2668,P019,1,15
OD08050,O2668,P037,2,20
OD08051,O2668,P029,5,20
OD08052,O2668,P004,1,0
OD08053,O2668,P008,2,5
OD08054,O2669,P024,3,0
OD08055,O2670,P028,1,15
OD08056,O2670,P043,4,15
OD08057,O2671,P033,2,20
OD08058,O2671,P048,3,0
OD08059,O2671,P013,5,15
OD08060,O2671,P032,2,0
OD08061,O2671,P019,4,20
OD08062,O2672,P010,2,10
OD08063,O2672,P028,3,15
OD08064,O2672,P006,1,5
OD08065,O2672,P038,2,5
OD08066,O2672,P003,2,5
OD08067,O2673,P038,3,10
OD08068,O2673,P016,3,0
OD08069,O2674,P036,5,0
OD08070,O2674,P032,1,20
OD08071,O2674,P045,4,0
OD08072,O2674,P035,3,20
OD08073,O2674,P026,1,15
OD08074,O2675,P001,5,10
OD08075,O2675,P028,5,15
OD08076,O2675,P043,5,15
OD08077,O2675,P039,2,10
OD08078,O2675,P045,2,5
OD08079,O2676,P021,2,15
OD08080,O2676,P025,4,0
OD08081,O2677,P026,1,5
OD08082,O2678,P049,5,0
OD08083,O2678,P031,2,0
OD08084,O2678,P028,2,10
OD08085,O2678,P029,4,15
OD08086,O2679,P030,1,15
OD08087,O2679,P044,2,0
OD08088,O2679,P002,1,20
OD08089,O2679,P019,4,20
OD08090,O2680,P001,3,20
OD08091,O2680,P037,5,20
OD08092,O2680,P011,2,15
OD08093,O2681,P021,3,10
OD08094,O2681,P045,1,0
OD08095,O2681,P029,1,20
OD08096,O2681,P024,2,0
OD08097,O2681,P033,5,20
OD08098,O2682,P030,1,10
OD08099,O2682,P046,5,10
OD08100,O2683,P045,5,0
OD08101,O2683,P050,5,15
OD08102,O2684,P048,5,10
OD08103,O2685,P039,2,5
OD08104,O2685,P048,1,0
OD08105,O2685,P015,4,10
OD08106,O2685,P017,3,15
OD08107,O2686,P037,5,20
OD08108,O2687,P006,1,10
OD08109,O2687,P029,1,15
OD08110,O2687,P050,5,15
OD08111,O2687,P008,5,10
OD08112,O2688,P033,4,20
OD08113,O2689,P019,2,15
OD08114,O2689,P033,4,10
OD08115,O2690,P034,2,15
OD08116,O2691,P040,5,20
OD08117,O2691,P020,2,10
OD08118,O2691,P050,5,5
OD08119,O2692,P046,5,20
OD08120,O2692,P038,5,10
OD08121,O2692,P035,3,0
OD08122,O2692,P014,3,5
OD08123,O2692,P041,1,5
OD08124,O2693,P046,3,10
OD08125,O2694,P028,3,0
OD08126,O2694,P035,5,10
OD08127,O2694,P049,3,20
OD08128,O2694,P017,1,20
OD08129,O2694,P031,5,5
OD08130,O2695,P036,5,15
OD08131,O2695,P046,4,0
OD08132,O2695,P009,2,20
OD08133,O2695,P008,1,5
OD08134,O2696,P036,1,0
OD08135,O2696,P044,1,0
OD08136,O2696,P042,2,10
OD08137,O2697,P021,1,10
OD08138,O2697,P012,5,10
OD08139,O2697,P050,2,20
OD08140,O2697,P029,5,5
OD08141,O2698,P028,5,20
OD08142,O2698,P015,2,15
OD08143,O2698,P036,2,5
OD08144,O2698,P010,4,20
OD08145,O2698,P031,3,10
OD08146,O2699,P024,4,0
OD08147,O2699,P041,1,15
OD08148,O2700,P015,5,5
OD08149,O2700,P001,3,20
OD08150,O2700,P013,3,20
OD08151,O2701,P004,5,15
OD08152,O2701,P021,1,5
OD08153,O2702,P038,2,10
OD08154,O2702,P021,2,20
OD08155,O2703,P008,5,0
OD08156,O2703,P024,3,0
OD08157,O2703,P016,3,15
OD08158,O2703,P021,2,15
OD08159,O2704,P009,4,15
OD08160,O2705,P023,3,15
OD08161,O2705,P037,3,0
OD08162,O2705,P031,5,10
OD08163,O2705,P024,5,5
OD08164,O2706,P014,2,0
OD08165,O2706,P037,3,5
OD08166,O2706,P047,2,0
OD08167,O2707,P032,3,10
OD08168,O2707,P010,3,15
OD08169,O2707,P007,5,0
OD08170,O2707,P039,5,20
OD08171,O2707,P008,3,0
OD08172,O2708,P029,1,20
OD08173,O2708,P011,5,20
OD08174,O2708,P010,4,15
OD08175,O2709,P037,5,0
OD08176,O2709,P034,1,0
OD08177,O2709,P004,3,0
OD08178,O2709,P009,1,10
OD08179,O2709,P030,4,15
OD08180,O2710,P009,4,10
OD08181,O2710,P004,1,15
OD08182,O2711,P023,3,15
OD08183,O2711,P004,4,15
OD08184,O2711,P005,4,5
OD08185,O2711,P003,2,0
OD08186,O2711,P039,2,0
OD08187,O2712,P029,4,5
OD08188,O2712,P017,2,0
OD08189,O2712,P040,1,0
OD08190,O2713,P040,4,0
OD08191,O2714,P045,2,15
OD08192,O2714,P022,2,0
OD08193,O2714,P005,2,5
OD08194,O2715,P010,3,0
OD08195,O2715,P018,3,15
OD08196,O2715,P013,1,0
OD08197,O2715,P022,4,15
OD08198,O2715,P008,3,5
OD08199,O2716,P014,1,10
OD08200,O2716,P030,5,10
OD08201,O2716,P036,2,10
OD08202,O2717,P010,5,0
OD08203,O2717,P008,2,15
OD08204,O2717,P014,2,10
OD08205,O2717,P024,4,0
OD08206,O2717,P028,5,20
OD08207,O2718,P047,5,5
OD08208,O2719,P040,1,5
OD08209,O2719,P016,3,20
OD08210,O2719,P004,1,5
OD08211,O2720,P039,1,20
OD08212,O2720,P025,1,15
OD08213,O2720,P013,5,10
OD08214,O2720,P036,1,15
OD08215,O2720,P042,1,5
OD08216,O2721,P022,3,15
OD08217,O2721,P003,2,0
OD08218,O2721,P027,5,5
OD08219,O2721,P044,3,5
OD08220,O2721,P029,3,0
OD08221,O2722,P042,4,10
OD08222,O2722,P005,2,10
OD08223,O2722,P012,4,0
OD08224,O2723,P046,5,10
OD08225,O2724,P050,5,5
OD08226,O2724,P002,1,0
OD08227,O2724,P006,3,20
OD08228,O2724,P007,4,0
OD08229,O2725,P037,5,15
OD08230,O2725,P023,4,20
OD08231,O2725,P026,4,5
OD08232,O2725,P048,2,10
OD08233,O2725,P012,1,15
OD08234,O2726,P034,2,20
OD08235,O2726,P048,1,15
OD08236,O2726,P013,2,20
OD08237,O2727,P039,5,5
OD08238,O2727,P017,4,20
OD08239,O2727,P022,2,15
OD08240,O2728,P008,4,0
OD08241,O2728,P018,2,10
OD08242,O2728,P036,2,20
OD08243,O2728,P025,2,5
OD08244,O2729,P021,1,5
OD08245,O2729,P037,2,0
OD08246,O2729,P029,5,0
OD08247,O2729,P034,5,5
OD08248,O2729,P022,4,5
OD08249,O2730,P032,4,15
OD08250,O2731,P005,1,0
OD08251,O2731,P004,2,5
OD08252,O2732,P002,1,0
OD08253,O2732,P047,5,10
OD08254,O2732,P045,4,10
OD08255,O2733,P044,4,10
OD08256,O2733,P030,2,10
OD08257,O2733,P043,3,10
OD08258,O2733,P046,5,20
OD08259,O2733,P025,5,15
OD08260,O2734,P016,3,15
OD08261,O2734,P024,5,5
OD08262,O2734,P041,3,15
OD08263,O2734,P001,2,5
OD08264,O2734,P047,3,0
OD08265,O2735,P013,4,15
OD08266,O2735,P006,3,10
OD08267,O2735,P019,2,0
OD08268,O2735,P015,4,0
OD08269,O2736,P011,3,10
OD08270,O2736,P031,2,15
OD08271,O2737,P039,5,15
OD08272,O2737,P008,2,5
OD08273,O2737,P050,4,5
OD08274,O2738,P021,5,5
OD08275,O2738,P045,5,0
OD08276,O2738,P001,4,0
OD08277,O2738,P028,3,5
OD08278,O2738,P040,3,0
OD08279,O2739,P009,5,15
OD08280,O2739,P046,5,10
OD08281,O2739,P005,4,20
OD08282,O2739,P004,5,20
OD08283,O2740,P038,3,20
OD08284,O2741,P030,1,20
OD08285,O2741,P040,3,15
OD08286,O2742,P035,2,5
OD08287,O2742,P039,4,15
OD08288,O2742,P042,2,10
OD08289,O2743,P041,5,20
OD08290,O2743,P013,5,15
OD08291,O2743,P034,4,0
OD08292,O2743,P035,1,5
OD08293,O2744,P019,5,0
OD08294,O2745,P037,1,0
OD08295,O2745,P041,1,15
OD08296,O2745,P009,2,5
OD08297,O2745,P036,2,0
OD08298,O2745,P013,1,0
OD08299,O2746,P011,1,20
OD08300,O2746,P047,2,0
OD08301,O2746,P037,2,15
OD08302,O2747,P037,1,0
OD08303,O2747,P003,3,10
OD08304,O2748,P035,4,20
OD08305,O2748,P030,1,5
OD08306,O2749,P021,1,20
OD08307,O2749,P027,5,5
OD08308,O2749,P011,3,5
OD08309,O2750,P030,2,20
OD08310,O2751,P045,3,0
OD08311,O2751,P047,4,10
OD08312,O2751,P035,4,20
OD08313,O2752,P050,5,10
OD08314,O2752,P018,1,5
OD08315,O2752,P045,1,10
OD08316,O2752,P038,5,5
OD08317,O2753,P022,3,5
OD08318,O2753,P003,3,15
OD08319,O2753,P017,2,5
OD08320,O2753,P006,2,0
OD08321,O2753,P008,4,20
OD08322,O2754,P017,2,15
OD08323,O2755,P038,1,10
OD08324,O2755,P041,4,10
OD08325,O2756,P034,5,15
OD08326,O2756,P025,2,0
OD08327,O2756,P050,3,5
OD08328,O2756,P008,3,20
OD08329,O2757,P044,3,20
OD08330,O2757,P012,4,5
OD08331,O2758,P020,2,20
OD08332,O2758,P043,5,10
OD08333,O2758,P024,2,20
OD08334,O2758,P011,3,10
OD08335,O2759,P031,1,15
OD08336,O2759,P022,1,20
OD08337,O2759,P025,5,0
OD08338,O2759,P007,4,20
OD08339,O2759,P048,5,0
OD08340,O2760,P003,1,20
OD08341,O2760,P016,1,20
OD08342,O2760,P009,2,10
OD08343,O2760,P039,4,15
OD08344,O2760,P043,5,15
OD08345,O2761,P022,2,10
OD08346,O2762,P013,4,15
OD08347,O2763,P020,5,15
OD08348,O2763,P006,3,15
OD08349,O2763,P011,1,0
OD08350,O2763,P042,2,0
OD08351,O2764,P007,2,5
OD08352,O2764,P041,1,10
OD08353,O2765,P043,2,0
OD08354,O2765,P011,3,0
OD08355,O2765,P009,2,15
OD08356,O2765,P049,5,15
OD08357,O2765,P022,5,0
OD08358,O2766,P012,3,0
OD08359,O2766,P031,5,15
OD08360,O2766,P015,1,20
OD08361,O2767,P001,1,10
OD08362,O2767,P015,2,15
OD08363,O2768,P046,5,15
OD08364,O2769,P004,5,0
OD08365,O2769,P006,5,20
OD08366,O2769,P020,3,0
OD08367,O2769,P014,5,15
OD08368,O2769,P042,4,5
OD08369,O2770,P049,1,20
OD08370,O2771,P035,2,0
OD08371,O2771,P023,3,15
OD08372,O2772,P027,3,5
OD08373,O2772,P005,2,15
OD08374,O2772,P010,5,10
OD08375,O2772,P035,4,5
OD08376,O2772,P026,4,10
OD08377,O2773,P034,3,15
OD08378,O2774,P003,1,15
OD08379,O2774,P025,4,15
OD08380,O2775,P005,2,5
OD08381,O2776,P038,1,20
OD08382,O2776,P042,4,20
OD08383,O2777,P042,4,20
OD08384,O2777,P031,5,10
OD08385,O2778,P014,3,5
OD08386,O2778,P019,5,0
OD08387,O2778,P021,3,5
OD08388,O2778,P039,4,0
OD08389,O2779,P028,1,20
OD08390,O2780,P048,1,10
OD08391,O2780,P013,2,0
OD08392,O2780,P004,3,0
OD08393,O2781,P024,2,0
OD08394,O2781,P007,5,5
OD08395,O2781,P022,5,20
OD08396,O2781,P015,2,10
OD08397,O2781,P034,3,15
OD08398,O2782,P015,1,5
OD08399,O2782,P020,1,0
OD08400,O2782,P011,1,5
OD08401,O2782,P050,5,5
OD08402,O2782,P042,4,5
OD08403,O2783,P025,5,10
OD08404,O2783,P023,1,10
OD08405,O2783,P024,2,15
OD08406,O2783,P041,3,15
OD08407,O2784,P021,4,20
OD08408,O2785,P047,1,15
OD08409,O2785,P024,1,10
OD08410,O2786,P009,3,20
OD08411,O2787,P026,2,20
OD08412,O2787,P035,1,10
OD08413,O2787,P001,4,0
OD08414,O2788,P027,1,10
OD08415,O2789,P022,3,10
OD08416,O2789,P026,4,0
OD08417,O2790,P011,3,10
OD08418,O2790,P005,4,0
OD08419,O2790,P039,4,15
OD08420,O2790,P024,5,0
OD08421,O2791,P008,4,5
OD08422,O2792,P049,3,0
OD08423,O2792,P021,5,5
OD08424,O2793,P044,1,20
OD08425,O2794,P031,4,5
OD08426,O2795,P032,1,5
OD08427,O2795,P007,2,5
OD08428,O2795,P039,2,5
OD08429,O2795,P046,5,0
OD08430,O2796,P050,5,15
OD08431,O2796,P008,1,20
OD08432,O2796,P013,1,5
OD08433,O2796,P014,3,15
OD08434,O2796,P035,2,10
OD08435,O2797,P006,1,20
OD08436,O2797,P012,1,0
OD08437,O2797,P011,3,5
OD08438,O2798,P013,4,15
OD08439,O2798,P014,3,20
OD08440,O2799,P028,3,0
OD08441,O2800,P043,2,5
OD08442,O2800,P010,5,20
OD08443,O2800,P002,5,15
OD08444,O2800,P036,5,0
OD08445,O2800,P007,3,0
OD08446,O2801,P048,5,20
OD08447,O2801,P007,3,10
OD08448,O2801,P037,2,20
OD08449,O2802,P026,1,5
OD08450,O2802,P009,5,20
OD08451,O2803,P007,5,0
OD08452,O2803,P013,2,0
OD08453,O2804,P019,3,0
OD08454,O2804,P041,3,0
OD08455,O2804,P008,5,5
OD08456,O2804,P009,2,0
OD08457,O2804,P045,1,0
OD08458,O2805,P011,3,15
OD08459,O2806,P016,3,15
OD08460,O2806,P037,3,5
OD08461,O2806,P033,4,10
OD08462,O2806,P026,4,20
OD08463,O2806,P002,5,5
OD08464,O2807,P029,4,15
OD08465,O2807,P039,1,5
OD08466,O2808,P038,4,0
OD08467,O2808,P040,3,10
OD08468,O2808,P016,1,0
OD08469,O2809,P036,4,5
OD08470,O2809,P001,1,15
OD08471,O2809,P022,2,15
OD08472,O2809,P015,1,5
OD08473,O2809,P035,5,10
OD08474,O2810,P019,2,20
OD08475,O2810,P026,2,15
OD08476,O2811,P042,5,5
OD08477,O2811,P038,2,20
OD08478,O2811,P031,4,5
OD08479,O2811,P035,5,0
OD08480,O2812,P025,4,15
OD08481,O2812,P011,2,10
OD08482,O2813,P028,1,5
OD08483,O2814,P020,5,5
OD08484,O2814,P023,1,15
OD08485,O2814,P018,3,5
OD08486,O2815,P015,5,0
OD08487,O2815,P042,4,0
OD08488,O2815,P011,5,15
OD08489,O2815,P028,3,5
OD08490,O2815,P004,3,0
OD08491,O2816,P040,1,20
OD08492,O2817,P027,4,20
OD08493,O2818,P012,3,15
OD08494,O2818,P028,2,5
OD08495,O2819,P042,4,10
OD08496,O2819,P003,1,0
OD08497,O2819,P008,1,10
OD08498,O2819,P041,4,5
OD08499,O2819,P012,5,15
OD08500,O2820,P028,3,5
OD08501,O2820,P006,2,0
OD08502,O2820,P030,1,20
OD08503,O2820,P001,5,15
OD08504,O2820,P036,5,0
OD08505,O2821,P033,3,0
OD08506,O2821,P008,4,5
OD08507,O2821,P038,4,10
OD08508,O2821,P050,1,10
OD08509,O2822,P014,5,20
OD08510,O2822,P034,2,15
OD08511,O2822,P009,3,5
OD08512,O2822,P039,5,5
OD08513,O2823,P045,3,20
OD08514,O2823,P016,1,5
OD08515,O2823,P002,3,0
OD08516,O2824,P045,3,15
OD08517,O2825,P046,5,5
OD08518,O2825,P029,4,5
OD08519,O2826,P011,1,5
OD08520,O2826,P034,3,15
OD08521,O2826,P020,4,15
OD08522,O2826,P010,1,0
OD08523,O2827,P038,1,10
OD08524,O2827,P030,3,20
OD08525,O2828,P049,4,0
OD08526,O2828,P013,1,20
OD08527,O2828,P033,2,20
OD08528,O2828,P008,1,20
OD08529,O2828,P044,3,10
OD08530,O2829,P025,3,0
OD08531,O2829,P049,1,20
OD08532,O2829,P011,3,10
OD08533,O2830,P049,4,5
OD08534,O2830,P010,4,15
OD08535,O2830,P005,4,20
OD08536,O2830,P039,3,0
OD08537,O2830,P012,5,0
OD08538,O2831,P016,2,0
OD08539,O2831,P047,5,5
OD08540,O2831,P025,1,10
OD08541,O2831,P031,1,15
OD08542,O2831,P028,5,5
OD08543,O2832,P029,1,15
OD08544,O2833,P013,2,15
OD08545,O2833,P011,2,10
OD08546,O2834,P001,5,10
OD08547,O2834,P037,4,15
OD08548,O2834,P048,4,0
OD08549,O2834,P017,4,5
OD08550,O2835,P021,1,0
OD08551,O2835,P034,1,20
OD08552,O2835,P040,2,5
OD08553,O2835,P019,2,5
OD08554,O2835,P001,4,15
OD08555,O2836,P002,1,15
OD08556,O2836,P014,3,10
OD08557,O2836,P010,2,20
OD08558,O2836,P032,4,20
OD08559,O2837,P027,4,10
OD08560,O2837,P035,1,20
OD08561,O2837,P036,3,0
OD08562,O2838,P041,1,5
OD08563,O2838,P002,5,10
OD08564,O2838,P007,2,5
OD08565,O2838,P034,2,20
OD08566,O2839,P049,5,0
OD08567,O2839,P031,4,5
OD08568,O2839,P013,4,0
OD08569,O2839,P034,1,5
OD08570,O2839,P035,4,10
OD08571,O2840,P034,4,5
OD08572,O2840,P036,1,0
OD08573,O2840,P008,2,10
OD08574,O2840,P014,2,10
OD08575,O2841,P039,1,5
OD08576,O2841,P033,4,10
OD08577,O2842,P029,3,0
OD08578,O2842,P003,4,0
OD08579,O2843,P016,2,20
OD08580,O2843,P018,3,0
OD08581,O2843,P006,4,15
OD08582,O2844,P039,4,15
OD08583,O2844,P020,4,20
OD08584,O2844,P048,2,15
OD08585,O2844,P031,5,20
OD08586,O2844,P050,2,5
OD08587,O2845,P028,1,5
OD08588,O2845,P041,1,0
OD08589,O2845,P031,4,15
OD08590,O2845,P027,2,0
OD08591,O2845,P045,2,20
OD08592,O2846,P019,4,5
OD08593,O2846,P039,5,5
OD08594,O2846,P034,4,10
OD08595,O2847,P033,4,0
OD08596,O2847,P048,2,20
OD08597,O2848,P043,2,20
OD08598,O2848,P036,1,5
OD08599,O2848,P023,2,5
OD08600,O2849,P012,4,15
OD08601,O2849,P015,1,10
OD08602,O2849,P006,4,10
OD08603,O2850,P018,4,0
OD08604,O2850,P035,1,20
OD08605,O2851,P049,1,10
OD08606,O2851,P042,2,20
OD08607,O2852,P032,1,5
OD08608,O2853,P043,2,5
OD08609,O2854,P023,5,10
OD08610,O2854,P026,3,0
OD08611,O2854,P027,5,5
OD08612,O2855,P016,2,10
OD08613,O2856,P047,2,20
OD08614,O2856,P026,4,10
OD08615,O2856,P049,3,5
OD08616,O2856,P040,3,5
OD08617,O2857,P037,1,20
OD08618,O2857,P038,2,15
OD08619,O2857,P007,4,0
OD08620,O2857,P017,1,20
OD08621,O2857,P047,3,0
OD08622,O2858,P032,1,15
OD08623,O2859,P024,5,20
OD08624,O2859,P004,4,0
OD08625,O2859,P002,3,20
OD08626,O2859,P010,5,10
OD08627,O2859,P030,4,15
OD08628,O2860,P012,4,15
OD08629,O2861,P044,2,20
OD08630,O2861,P002,1,5
OD08631,O2861,P045,5,10
OD08632,O2861,P046,2,5
OD08633,O2862,P002,4,0
OD08634,O2862,P013,2,20
OD08635,O2862,P035,1,20
OD08636,O2862,P040,1,15
OD08637,O2863,P015,5,20
OD08638,O2863,P005,1,10
OD08639,O2864,P040,4,20
OD08640,O2864,P048,1,5
OD08641,O2864,P002,2,10
OD08642,O2864,P005,4,15
OD08643,O2865,P013,4,5
OD08644,O2865,P031,5,0
OD08645,O2865,P035,1,0
OD08646,O2865,P050,4,15
OD08647,O2865,P049,3,5
OD08648,O2866,P028,4,10
OD08649,O2866,P008,4,0
OD08650,O2866,P001,3,20
OD08651,O2866,P011,5,15
OD08652,O2866,P004,4,15
OD08653,O2867,P004,3,5
OD08654,O2867,P014,2,0
OD08655,O2868,P004,4,10
OD08656,O2868,P041,2,0
OD08657,O2868,P038,4,10
OD08658,O2869,P016,5,15
OD08659,O2870,P006,1,5
OD08660,O2871,P012,5,15
OD08661,O2871,P002,5,15
OD08662,O2872,P020,5,5
OD08663,O2872,P016,1,0
OD08664,O2872,P050,4,20
OD08665,O2872,P034,4,10
OD08666,O2873,P034,1,5
OD08667,O2873,P032,1,5
OD08668,O2874,P019,2,0
OD08669,O2875,P035,1,0
OD08670,O2876,P007,5,5
OD08671,O2877,P024,2,0
OD08672,O2877,P032,2,10
OD08673,O2877,P038,4,15
OD08674,O2877,P020,3,20
OD08675,O2877,P030,1,5
OD08676,O2878,P003,1,15
OD08677,O2878,P044,3,20
OD08678,O2879,P024,2,0
OD08679,O2879,P048,4,20
OD08680,O2879,P038,5,15
OD08681,O2879,P047,3,5
OD08682,O2880,P003,2,15
OD08683,O2880,P006,3,20
OD08684,O2881,P017,1,5
OD08685,O2882,P045,4,15
OD08686,O2882,P006,2,15
OD08687,O2883,P027,1,10
OD08688,O2883,P037,5,0
OD08689,O2883,P022,3,0
OD08690,O2883,P032,4,20
OD08691,O2884,P029,1,10
OD08692,O2884,P042,5,20
OD08693,O2884,P007,3,20
OD08694,O2885,P026,5,20
OD08695,O2885,P002,2,20
OD08696,O2885,P021,5,5
OD08697,O2885,P039,1,0
OD08698,O2886,P004,5,0
OD08699,O2886,P034,5,20
OD08700,O2886,P003,3,5
OD08701,O2887,P003,4,5
OD08702,O2887,P005,5,15
OD08703,O2887,P023,1,5
OD08704,O2887,P039,1,10
OD08705,O2887,P030,1,10
OD08706,O2888,P004,4,20
OD08707,O2888,P038,3,15
OD08708,O2888,P034,1,5
OD08709,O2889,P008,2,10
OD08710,O2889,P034,2,20
OD08711,O2889,P045,1,20
OD08712,O2890,P011,1,15
OD08713,O2890,P002,2,10
OD08714,O2890,P043,1,5
OD08715,O2890,P037,3,20
OD08716,O2891,P034,2,5
OD08717,O2891,P028,3,15
OD08718,O2891,P043,5,0
OD08719,O2892,P008,1,0
OD08720,O2892,P038,5,0
OD08721,O2892,P046,1,15
OD08722,O2893,P021,4,20
OD08723,O2893,P027,1,15
OD08724,O2893,P019,4,5
OD08725,O2893,P048,3,15
OD08726,O2894,P038,3,0
OD08727,O2894,P013,3,5
OD08728,O2894,P033,3,10
OD08729,O2894,P010,3,20
OD08730,O2895,P048,2,20
OD08731,O2895,P037,3,15
OD08732,O2895,P032,1,15
OD08733,O2896,P036,1,15
OD08734,O2896,P034,4,10
OD08735,O2897,P031,1,20
OD08736,O2898,P012,5,5
OD08737,O2899,P025,2,10
OD08738,O2899,P049,2,15
OD08739,O2899,P027,3,0
OD08740,O2899,P034,3,5
OD08741,O2899,P050,3,15
OD08742,O2900,P038,1,10
OD08743,O2900,P037,1,15
OD08744,O2900,P047,2,5
OD08745,O2901,P013,1,0
OD08746,O2902,P020,1,0
OD08747,O2902,P044,1,10
OD08748,O2902,P015,5,5
OD08749,O2903,P040,1,20
OD08750,O2903,P024,5,5
OD08751,O2903,P012,2,10
OD08752,O2903,P020,5,0
OD08753,O2904,P045,4,5
OD08754,O2904,P038,2,0
OD08755,O2905,P041,5,0
OD08756,O2905,P005,5,5
OD08757,O2905,P006,4,0
OD08758,O2906,P008,5,20
OD08759,O2907,P049,2,15
OD08760,O2907,P001,5,0
OD08761,O2907,P013,4,0
OD08762,O2907,P017,2,0
OD08763,O2907,P025,1,5
OD08764,O2908,P048,5,20
OD08765,O2908,P022,3,15
OD08766,O2908,P003,2,15
OD08767,O2909,P040,3,15
OD08768,O2909,P021,5,5
OD08769,O2909,P045,5,0
OD08770,O2909,P026,5,0
OD08771,O2910,P037,4,10
OD08772,O2911,P039,3,15
OD08773,O2911,P049,4,5
OD08774,O2911,P031,1,5
OD08775,O2911,P037,3,0
OD08776,O2911,P046,4,15
OD08777,O2912,P006,5,10
OD08778,O2912,P020,1,5
OD08779,O2912,P007,1,5
OD08780,O2912,P023,3,20
OD08781,O2913,P033,3,0
OD08782,O2913,P036,1,5
OD08783,O2913,P004,1,15
OD08784,O2913,P045,3,20
OD08785,O2913,P016,5,0
OD08786,O2914,P021,4,0
OD08787,O2914,P028,1,0
OD08788,O2914,P019,5,5
OD08789,O2914,P010,3,20
OD08790,O2915,P025,2,15
OD08791,O2915,P009,2,5
OD08792,O2915,P012,1,20
OD08793,O2915,P016,1,5
OD08794,O2915,P033,4,0
OD08795,O2916,P033,5,15
OD08796,O2916,P010,2,5
OD08797,O2917,P033,1,5
OD08798,O2917,P008,5,20
OD08799,O2917,P011,5,10
OD08800,O2917,P010,3,0
OD08801,O2917,P048,4,20
OD08802,O2918,P047,2,5
OD08803,O2918,P046,2,5
OD08804,O2918,P038,3,5
OD08805,O2918,P008,1,10
OD08806,O2918,P028,5,20
OD08807,O2919,P010,1,15
OD08808,O2920,P023,3,10
OD08809,O2920,P030,4,20
OD08810,O2921,P042,4,20
OD08811,O2921,P001,5,20
OD08812,O2922,P018,3,15
OD08813,O2922,P013,3,10
OD08814,O2922,P014,1,10
OD08815,O2922,P027,1,20
OD08816,O2923,P022,4,5
OD08817,O2923,P019,5,5
OD08818,O2923,P016,3,5
OD08819,O2924,P041,3,5
OD08820,O2924,P048,3,5
OD08821,O2925,P040,5,15
OD08822,O2925,P014,4,10
OD08823,O2925,P026,3,5
OD08824,O2926,P039,1,15
OD08825,O2926,P034,5,15
OD08826,O2926,P044,1,20
OD08827,O2927,P020,5,20
OD08828,O2928,P008,2,0
OD08829,O2928,P020,5,10
OD08830,O2928,P045,2,5
OD08831,O2929,P012,2,15
OD08832,O2930,P042,3,10
OD08833,O2930,P010,5,10
OD08834,O2930,P022,4,15
OD08835,O2930,P036,5,15
OD08836,O2931,P005,1,20
OD08837,O2931,P033,3,15
OD08838,O2931,P038,5,5
OD08839,O2931,P030,3,15
OD08840,O2931,P007,4,10
OD08841,O2932,P029,2,20
OD08842,O2933,P046,5,10
OD08843,O2933,P036,2,0
OD08844,O2933,P042,1,5
OD08845,O2934,P007,2,20
OD08846,O2935,P036,4,5
OD08847,O2935,P044,3,20
OD08848,O2935,P027,3,20
OD08849,O2935,P007,2,20
OD08850,O2935,P030,4,15
OD08851,O2936,P003,4,0
OD08852,O2936,P048,5,10
OD08853,O2937,P007,1,0
OD08854,O2937,P038,5,15
OD08855,O2938,P024,2,5
OD08856,O2939,P003,3,10
OD08857,O2939,P041,3,20
OD08858,O2940,P044,5,10
OD08859,O2940,P033,4,15
OD08860,O2940,P025,3,20
OD08861,O2940,P042,3,20
OD08862,O2940,P006,5,5
OD08863,O2941,P016,3,10
OD08864,O2942,P023,1,15
OD08865,O2942,P007,4,10
OD08866,O2942,P024,3,15
OD08867,O2942,P008,2,5
OD08868,O2943,P006,1,20
OD08869,O2944,P020,1,5
OD08870,O2945,P017,1,15
OD08871,O2945,P012,3,0
OD08872,O2945,P003,4,0
OD08873,O2946,P047,5,10
OD08874,O2946,P031,5,15
OD08875,O2946,P039,4,20
OD08876,O2946,P022,5,10
OD08877,O2946,P011,2,0
OD08878,O2947,P032,3,0
OD08879,O2947,P025,5,0
OD08880,O2947,P031,4,20
OD08881,O2947,P023,2,10
OD08882,O2948,P025,1,10
OD08883,O2949,P037,3,20
OD08884,O2949,P026,4,5
OD08885,O2949,P030,1,5
OD08886,O2949,P049,5,10
OD08887,O2950,P036,1,20
OD08888,O2950,P008,5,20
OD08889,O2951,P006,4,0
OD08890,O2951,P002,1,5
OD08891,O2952,P001,5,10
OD08892,O2953,P044,1,5
OD08893,O2953,P007,2,20
OD08894,O2953,P019,5,0
OD08895,O2953,P036,5,20
OD08896,O2953,P041,5,20
OD08897,O2954,P023,4,10
OD08898,O2954,P019,1,0
OD08899,O2954,P020,5,15
OD08900,O2954,P001,2,20
OD08901,O2955,P049,5,5
OD08902,O2956,P003,2,20
OD08903,O2956,P044,4,15
OD08904,O2956,P011,5,0
OD08905,O2957,P012,3,5
OD08906,O2958,P022,3,20
OD08907,O2958,P034,1,20
OD08908,O2958,P035,3,5
OD08909,O2959,P043,2,10
OD08910,O2960,P048,1,0
OD08911,O2961,P040,2,0
OD08912,O2961,P001,5,10
OD08913,O2961,P021,1,15
OD08914,O2961,P029,2,10
OD08915,O2962,P015,5,10
OD08916,O2963,P034,3,5
OD08917,O2963,P045,1,5
OD08918,O2963,P008,3,10
OD08919,O2963,P026,4,10
OD08920,O2964,P042,2,10
OD08921,O2964,P022,3,0
OD08922,O2965,P015,4,10
OD08923,O2966,P025,3,20
OD08924,O2966,P020,2,20
OD08925,O2967,P028,2,0
OD08926,O2967,P047,5,0
OD08927,O2967,P027,3,5
OD08928,O2968,P031,1,15
OD08929,O2968,P006,5,5
OD08930,O2969,P032,2,5
OD08931,O2969,P039,2,10
OD08932,O2970,P016,3,0
OD08933,O2970,P010,4,10
OD08934,O2970,P021,4,5
OD08935,O2970,P023,5,5
OD08936,O2970,P001,3,15
OD08937,O2971,P043,3,0
OD08938,O2971,P003,5,20
OD08939,O2971,P041,3,15
OD08940,O2971,P044,4,10
OD08941,O2971,P010,1,20
OD08942,O2972,P039,4,5
OD08943,O2972,P001,2,10
OD08944,O2973,P032,4,20
OD08945,O2973,P026,1,5
OD08946,O2974,P016,4,15
OD08947,O2974,P019,3,15
OD08948,O2974,P018,1,0
OD08949,O2974,P040,3,5
OD08950,O2975,P007,3,0
OD08951,O2976,P041,5,15
OD08952,O2976,P011,4,15
OD08953,O2976,P046,4,10
OD08954,O2976,P004,5,0
OD08955,O2977,P008,4,20
OD08956,O2977,P041,1,0
OD08957,O2978,P021,5,0
OD08958,O2978,P013,3,5
OD08959,O2978,P030,3,15
OD08960,O2979,P003,4,20
OD08961,O2979,P005,5,10
OD08962,O2979,P046,2,0
OD08963,O2979,P001,5,15
OD08964,O2979,P007,5,15
OD08965,O2980,P042,2,20
OD08966,O2980,P003,1,5
OD08967,O2981,P032,5,0
OD08968,O2982,P050,3,10
OD08969,O2983,P008,1,10
OD08970,O2983,P023,2,5
OD08971,O2983,P048,4,20
OD08972,O2983,P043,5,10
OD08973,O2984,P021,2,0
OD08974,O2985,P018,5,0
OD08975,O2985,P005,4,20
OD08976,O2986,P042,2,15
OD08977,O2986,P047,2,15
OD08978,O2986,P028,2,0
OD08979,O2986,P021,4,10
OD08980,O2986,P046,2,15
OD08981,O2987,P033,3,0
OD08982,O2987,P021,2,10
OD08983,O2988,P018,4,15
OD08984,O2988,P027,2,10
OD08985,O2988,P033,1,5
OD08986,O2988,P048,3,5
OD08987,O2988,P029,5,20
OD08988,O2989,P035,3,10
OD08989,O2989,P022,5,20
OD08990,O2990,P042,4,20
OD08991,O2991,P042,4,15
OD08992,O2991,P037,5,5
OD08993,O2991,P045,1,5
OD08994,O2991,P013,4,10
OD08995,O2991,P028,4,15
OD08996,O2992,P004,1,5
OD08997,O2992,P007,1,20
OD08998,O2992,P040,5,10
OD08999,O2992,P009,5,0
OD09000,O2993,P004,3,0
OD09001,O2993,P008,3,20
OD09002,O2994,P026,3,20
OD09003,O2994,P006,1,15
OD09004,O2994,P008,1,15
OD09005,O2995,P029,1,10
OD09006,O2995,P016,5,15
OD09007,O2995,P041,5,10
OD09008,O2995,P044,1,10
OD09009,O2996,P023,1,5
OD09010,O2996,P007,4,10
OD09011,O2996,P008,4,10
OD09012,O2996,P044,4,5
OD09013,O2997,P032,3,0
OD09014,O2998,P019,2,20
OD09015,O2998,P017,5,15
OD09016,O2999,P047,2,15
OD09017,O3000,P024,2,5
OD09018,O3000,P003,3,15
OD09019,O3001,P050,5,20
OD09020,O3001,P035,4,20
OD09021,O3001,P045,1,10
OD09022,O3001,P022,4,0
OD09023,O3002,P009,3,0
OD09024,O3002,P032,5,5
OD09025,O3003,P041,2,20
OD09026,O3004,P010,1,10
OD09027,O3004,P002,2,15
OD09028,O3004,P015,5,20
OD09029,O3005,P047,4,0
OD09030,O3005,P019,4,0
OD09031,O3005,P002,4,10
OD09032,O3005,P029,1,20
OD09033,O3005,P040,4,0
OD09034,O3006,P018,1,5
OD09035,O3006,P007,4,20
OD09036,O3006,P042,2,0
OD09037,O3006,P025,3,15
OD09038,O3007,P012,5,0
OD09039,O3007,P002,2,5
OD09040,O3007,P041,5,10
OD09041,O3008,P049,3,0
OD09042,O3009,P040,1,20
OD09043,O3009,P029,1,20
OD09044,O3009,P003,4,10
OD09045,O3009,P031,4,0
OD09046,O3010,P012,2,5
OD09047,O3010,P019,4,0
OD09048,O3010,P004,5,5
OD09049,O3010,P020,2,0
OD09050,O3011,P015,1,10
OD09051,O3011,P009,2,5
OD09052,O3011,P033,5,5
OD09053,O3012,P023,2,0
OD09054,O3012,P021,2,0
OD09055,O3013,P007,5,10
OD09056,O3013,P002,5,0
OD09057,O3014,P010,3,0
OD09058,O3014,P003,3,15
OD09059,O3014,P013,5,5
OD09060,O3014,P028,3,15
OD09061,O3015,P031,3,10
OD09062,O3015,P019,3,10
OD09063,O3015,P012,5,20
OD09064,O3015,P032,1,5
OD09065,O3015,P040,2,0
OD09066,O3016,P045,2,5
OD09067,O3017,P033,2,15
OD09068,O3017,P007,3,20
OD09069,O3018,P015,2,10
OD09070,O3018,P040,2,20
OD09071,O3018,P029,2,0
OD09072,O3018,P003,1,10
OD09073,O3019,P022,4,5
OD09074,O3019,P019,4,15
OD09075,O3019,P044,3,10
OD09076,O3019,P007,2,5
OD09077,O3020,P021,3,10
OD09078,O3020,P015,2,5
OD09079,O3020,P050,3,15
OD09080,O3020,P001,1,10
OD09081,O3021,P020,5,20
OD09082,O3021,P036,3,5
OD09083,O3021,P037,2,5
OD09084,O3021,P025,4,0
OD09085,O3022,P030,4,20
OD09086,O3022,P026,1,10
OD09087,O3023,P008,4,20
OD09088,O3023,P039,4,5
OD09089,O3023,P005,2,10
OD09090,O3023,P021,1,5
OD09091,O3023,P010,3,20
OD09092,O3024,P013,5,20
OD09093,O3025,P001,4,15
OD09094,O3025,P041,4,0
OD09095,O3025,P036,4,15
OD09096,O3026,P047,5,15
OD09097,O3026,P003,4,0
OD09098,O3026,P041,3,5
OD09099,O3026,P016,1,5
OD09100,O3027,P040,2,15
OD09101,O3028,P048,2,0
OD09102,O3028,P032,5,10
OD09103,O3028,P034,1,15
OD09104,O3029,P035,4,0
OD09105,O3030,P042,4,15
OD09106,O3030,P013,2,15
OD09107,O3031,P004,4,15
OD09108,O3032,P043,5,10
OD09109,O3032,P037,4,15
OD09110,O3032,P031,2,0
OD09111,O3033,P023,2,5
OD09112,O3033,P026,2,20
OD09113,O3033,P048,5,0
OD09114,O3034,P048,3,20
OD09115,O3034,P018,4,10
OD09116,O3034,P031,1,15
OD09117,O3034,P003,5,5
OD09118,O3034,P042,1,20
OD09119,O3035,P044,4,5
OD09120,O3036,P049,5,10
OD09121,O3036,P045,5,20
OD09122,O3036,P033,2,10
OD09123,O3037,P016,1,5
OD09124,O3037,P043,3,15
OD09125,O3038,P048,1,0
OD09126,O3038,P035,1,0
OD09127,O3038,P001,5,15
OD09128,O3038,P003,2,15
OD09129,O3038,P015,3,5
OD09130,O3039,P036,3,20
OD09131,O3039,P017,2,0
OD09132,O3039,P009,2,20
OD09133,O3039,P003,1,15
OD09134,O3039,P019,5,20
OD09135,O3040,P031,4,20
OD09136,O3041,P023,5,10
OD09137,O3041,P037,4,0
OD09138,O3041,P014,1,10
OD09139,O3041,P018,3,15
OD09140,O3042,P023,2,5
OD09141,O3042,P036,5,5
OD09142,O3042,P041,3,20
OD09143,O3043,P025,3,5
OD09144,O3043,P048,4,20
OD09145,O3043,P024,4,5
OD09146,O3043,P035,2,0
OD09147,O3044,P035,2,15
OD09148,O3045,P029,4,10
OD09149,O3045,P013,5,0
OD09150,O3045,P034,3,20
OD09151,O3046,P041,3,0
OD09152,O3046,P036,2,15
OD09153,O3046,P007,2,5
OD09154,O3046,P013,3,10
OD09155,O3047,P012,3,5
OD09156,O3047,P022,5,15
OD09157,O3047,P028,4,15
OD09158,O3047,P009,1,0
OD09159,O3048,P041,2,20
OD09160,O3049,P008,5,5
OD09161,O3049,P022,4,5
OD09162,O3049,P015,5,15
OD09163,O3049,P048,2,20
OD09164,O3049,P026,5,20
OD09165,O3050,P018,1,10
OD09166,O3050,P027,1,0
OD09167,O3050,P041,2,10
OD09168,O3050,P034,1,10
OD09169,O3050,P037,4,20
OD09170,O3051,P007,2,20
OD09171,O3051,P048,5,20
OD09172,O3052,P008,1,15
OD09173,O3052,P009,4,5
OD09174,O3052,P021,2,20
OD09175,O3052,P043,5,20
OD09176,O3053,P048,5,10
OD09177,O3053,P038,4,5
OD09178,O3054,P010,2,20
OD09179,O3054,P023,5,5
OD09180,O3054,P035,3,15
OD09181,O3054,P021,2,20
OD09182,O3054,P047,4,0
OD09183,O3055,P048,1,20
OD09184,O3055,P028,5,20
OD09185,O3055,P010,5,0
OD09186,O3056,P042,1,0
OD09187,O3057,P043,4,0
OD09188,O3057,P006,4,0
OD09189,O3057,P018,3,5
OD09190,O3057,P007,5,0
OD09191,O3057,P042,1,20
OD09192,O3058,P021,3,10
OD09193,O3058,P007,3,0
OD09194,O3058,P015,4,10
OD09195,O3058,P032,5,5
OD09196,O3059,P030,5,15
OD09197,O3059,P007,3,15
OD09198,O3059,P044,4,20
OD09199,O3059,P022,5,20
OD09200,O3060,P028,3,5
OD09201,O3060,P010,3,15
OD09202,O3060,P022,1,15
OD09203,O3061,P034,2,10
OD09204,O3061,P021,3,15
OD09205,O3061,P018,4,5
OD09206,O3061,P043,5,15
OD09207,O3062,P013,2,0
OD09208,O3062,P010,3,20
OD09209,O3062,P033,5,15
OD09210,O3062,P024,4,5
OD09211,O3063,P049,2,5
OD09212,O3063,P026,4,0
OD09213,O3063,P037,2,15
OD09214,O3063,P038,5,15
OD09215,O3063,P044,5,5
OD09216,O3064,P039,4,10
OD09217,O3064,P025,1,5
OD09218,O3064,P050,2,5
OD09219,O3065,P034,5,0
OD09220,O3065,P019,5,20
OD09221,O3065,P009,4,15
OD09222,O3065,P010,3,0
OD09223,O3066,P041,4,5
OD09224,O3066,P011,2,5
OD09225,O3067,P026,3,20
OD09226,O3067,P004,5,5
OD09227,O3068,P015,2,10
OD09228,O3068,P046,2,0
OD09229,O3068,P029,3,5
OD09230,O3068,P040,2,20
OD09231,O3068,P011,4,0
OD09232,O3069,P038,2,5
OD09233,O3069,P008,2,10
OD09234,O3069,P018,4,15
OD09235,O3070,P047,4,5
OD09236,O3071,P010,4,15
OD09237,O3071,P029,1,0
OD09238,O3071,P004,1,0
OD09239,O3072,P024,1,10
OD09240,O3072,P006,1,20
OD09241,O3073,P027,3,5
OD09242,O3073,P041,5,0
OD09243,O3073,P042,1,15
OD09244,O3073,P021,1,10
OD09245,O3074,P032,5,0
OD09246,O3075,P046,4,0
OD09247,O3075,P022,1,5
OD09248,O3075,P013,5,15
OD09249,O3075,P039,1,5
OD09250,O3075,P016,1,10
OD09251,O3076,P017,3,20
OD09252,O3076,P022,5,0
OD09253,O3076,P031,2,0
OD09254,O3076,P026,4,15
OD09255,O3077,P025,5,5
OD09256,O3078,P014,4,15
OD09257,O3079,P005,5,15
OD09258,O3079,P040,1,0
OD09259,O3079,P039,1,15
OD09260,O3080,P017,1,0
OD09261,O3080,P043,3,15
OD09262,O3081,P024,3,20
OD09263,O3081,P033,2,15
OD09264,O3081,P028,5,5
OD09265,O3081,P013,4,0
OD09266,O3082,P027,4,20
OD09267,O3083,P015,4,5
OD09268,O3083,P020,4,10
OD09269,O3083,P009,5,20
OD09270,O3083,P016,2,20
OD09271,O3083,P027,2,20
OD09272,O3084,P023,3,20
OD09273,O3084,P040,1,0
OD09274,O3084,P048,1,20
OD09275,O3084,P012,3,5
OD09276,O3084,P038,2,20
OD09277,O3085,P043,2,20
OD09278,O3085,P017,1,15
OD09279,O3085,P029,5,20
OD09280,O3086,P034,5,0
OD09281,O3086,P033,1,0
OD09282,O3086,P023,1,0
OD09283,O3086,P006,4,20
OD09284,O3087,P035,5,20
OD09285,O3087,P043,4,0
OD09286,O3087,P025,5,15
OD09287,O3087,P014,1,0
OD09288,O3087,P026,4,10
OD09289,O3088,P012,4,5
OD09290,O3088,P004,2,5
OD09291,O3088,P030,5,10
OD09292,O3088,P009,3,15
OD09293,O3088,P023,5,5
OD09294,O3089,P036,1,5
OD09295,O3090,P012,1,5
OD09296,O3091,P023,1,20
OD09297,O3091,P039,1,15
OD09298,O3092,P032,4,0
OD09299,O3092,P027,1,20
OD09300,O3093,P016,4,5
OD09301,O3093,P034,5,10
OD09302,O3093,P015,1,10
OD09303,O3093,P027,3,0
OD09304,O3094,P001,3,10
OD09305,O3095,P028,5,0
OD09306,O3095,P022,4,10
OD09307,O3095,P008,3,0
OD09308,O3095,P027,5,20
OD09309,O3096,P035,2,0
OD09310,O3096,P039,1,0
OD09311,O3096,P010,1,20
OD09312,O3096,P038,1,10
OD09313,O3096,P017,2,5
OD09314,O3097,P036,1,5
OD09315,O3097,P042,1,0
OD09316,O3097,P002,3,10
OD09317,O3097,P019,4,5
OD09318,O3097,P005,2,15
OD09319,O3098,P039,1,20
OD09320,O3098,P018,5,5
OD09321,O3099,P034,1,5
OD09322,O3099,P049,1,20
OD09323,O3099,P041,3,10
OD09324,O3100,P034,5,10
OD09325,O3100,P007,4,5
OD09326,O3100,P021,1,15
OD09327,O3100,P038,5,10
OD09328,O3101,P043,4,5
OD09329,O3101,P022,5,5
OD09330,O3101,P009,1,0
OD09331,O3102,P010,4,0
OD09332,O3102,P018,4,10
OD09333,O3102,P040,2,10
OD09334,O3102,P022,2,5
OD09335,O3102,P030,1,5
OD09336,O3103,P021,1,15
OD09337,O3103,P023,3,5
OD09338,O3103,P017,3,15
OD09339,O3104,P002,2,5
OD09340,O3104,P008,4,10
OD09341,O3104,P032,2,15
OD09342,O3105,P033,1,15
OD09343,O3106,P045,1,15
OD09344,O3106,P050,2,0
OD09345,O3106,P035,1,0
OD09346,O3106,P047,1,5
OD09347,O3106,P042,1,20
OD09348,O3107,P045,3,15
OD09349,O3107,P046,4,0
OD09350,O3108,P017,2,5
OD09351,O3108,P002,4,15
OD09352,O3108,P011,4,10
OD09353,O3108,P029,5,5
OD09354,O3109,P010,1,5
OD09355,O3109,P017,4,15
OD09356,O3110,P048,1,0
OD09357,O3111,P009,2,20
OD09358,O3112,P041,1,10
OD09359,O3112,P028,1,15
OD09360,O3112,P015,3,0
OD09361,O3112,P035,1,20
OD09362,O3112,P048,3,10
OD09363,O3113,P033,3,20
OD09364,O3113,P034,3,20
OD09365,O3113,P044,4,0
OD09366,O3113,P024,2,15
OD09367,O3114,P002,2,20
OD09368,O3114,P048,1,5
OD09369,O3114,P022,3,0
OD09370,O3114,P004,3,15
OD09371,O3115,P046,5,0
OD09372,O3115,P026,2,0
OD09373,O3115,P039,3,5
OD09374,O3115,P027,3,10
OD09375,O3115,P019,2,20
OD09376,O3116,P013,5,5
OD09377,O3116,P029,3,10
OD09378,O3116,P037,4,10
OD09379,O3116,P020,3,0
OD09380,O3117,P050,3,5
OD09381,O3117,P031,4,5
OD09382,O3117,P014,1,20
OD09383,O3117,P019,5,0
OD09384,O3118,P007,5,20
OD09385,O3118,P040,2,20
OD09386,O3118,P029,5,0
OD09387,O3119,P002,3,10
OD09388,O3119,P043,2,5
OD09389,O3120,P002,1,0
OD09390,O3120,P024,4,5
OD09391,O3120,P047,4,15
OD09392,O3120,P017,3,10
OD09393,O3121,P039,3,10
OD09394,O3122,P015,3,15
OD09395,O3122,P037,1,10
OD09396,O3123,P041,3,15
OD09397,O3123,P010,2,15
OD09398,O3123,P008,3,5
OD09399,O3123,P027,4,0
OD09400,O3123,P004,4,0
OD09401,O3124,P028,5,10
OD09402,O3124,P015,5,0
OD09403,O3125,P008,2,0
OD09404,O3125,P017,3,5
OD09405,O3126,P042,1,5
OD09406,O3126,P029,1,0
OD09407,O3126,P026,3,5
OD09408,O3126,P019,3,0
OD09409,O3127,P013,2,10
OD09410,O3127,P019,2,5
OD09411,O3127,P049,2,5
OD09412,O3128,P043,3,15
OD09413,O3129,P040,3,10
OD09414,O3129,P007,4,0
OD09415,O3129,P046,2,5
OD09416,O3129,P029,4,15
OD09417,O3129,P030,2,20
OD09418,O3130,P005,1,10
OD09419,O3130,P026,1,0
OD09420,O3130,P004,3,5
OD09421,O3130,P046,1,15
OD09422,O3130,P047,2,10
OD09423,O3131,P029,5,5
OD09424,O3131,P016,3,5
OD09425,O3131,P026,3,10
OD09426,O3131,P037,5,5
OD09427,O3131,P008,3,5
OD09428,O3132,P001,5,5
OD09429,O3132,P018,3,10
OD09430,O3132,P019,2,0
OD09431,O3133,P008,1,15
OD09432,O3133,P014,1,5
OD09433,O3133,P018,4,0
OD09434,O3134,P036,4,10
OD09435,O3134,P010,3,15
OD09436,O3134,P048,2,15
OD09437,O3135,P002,5,5
OD09438,O3135,P039,4,20
OD09439,O3135,P041,5,5
OD09440,O3135,P028,2,0
OD09441,O3135,P012,4,10
OD09442,O3136,P044,2,10
OD09443,O3137,P046,2,10
OD09444,O3137,P028,4,20
OD09445,O3137,P034,2,15
OD09446,O3138,P049,1,15
OD09447,O3138,P030,4,5
OD09448,O3138,P011,4,10
OD09449,O3138,P032,4,15
OD09450,O3139,P045,2,5
OD09451,O3139,P028,4,10
OD09452,O3139,P019,5,10
OD09453,O3139,P023,3,15
OD09454,O3140,P046,1,10
OD09455,O3140,P042,2,0
OD09456,O3140,P031,2,10
OD09457,O3140,P026,1,0
OD09458,O3141,P026,3,0
OD09459,O3141,P046,2,15
OD09460,O3142,P048,4,5
OD09461,O3142,P013,5,20
OD09462,O3142,P030,2,20
OD09463,O3143,P018,5,20
OD09464,O3143,P033,1,0
OD09465,O3143,P002,3,10
OD09466,O3144,P029,4,15
OD09467,O3145,P030,4,5
OD09468,O3145,P001,5,10
OD09469,O3145,P016,4,20
OD09470,O3146,P003,1,10
OD09471,O3146,P009,1,10
OD09472,O3146,P031,1,15
OD09473,O3146,P028,4,5
OD09474,O3147,P033,4,0
OD09475,O3147,P004,3,10
OD09476,O3148,P038,4,5
OD09477,O3148,P047,1,5
OD09478,O3149,P047,3,15
OD09479,O3149,P045,4,10
OD09480,O3149,P019,4,5
OD09481,O3150,P035,4,0
OD09482,O3150,P046,4,5
OD09483,O3150,P043,5,0
OD09484,O3151,P041,5,0
OD09485,O3151,P029,4,15
OD09486,O3151,P027,1,0
OD09487,O3151,P044,5,15
OD09488,O3151,P013,2,15
OD09489,O3152,P029,2,0
OD09490,O3152,P004,1,20
OD09491,O3152,P008,1,20
OD09492,O3152,P024,3,10
OD09493,O3153,P033,5,5
OD09494,O3154,P039,5,20
OD09495,O3155,P007,1,15
OD09496,O3155,P009,4,20
OD09497,O3155,P041,3,15
OD09498,O3155,P026,4,20
OD09499,O3155,P011,3,5
OD09500,O3156,P047,2,15
OD09501,O3156,P044,4,15
OD09502,O3156,P003,2,10
OD09503,O3156,P035,5,20
OD09504,O3156,P001,1,15
OD09505,O3157,P038,3,0
OD09506,O3158,P007,2,5
OD09507,O3158,P026,2,20
OD09508,O3159,P002,4,5
OD09509,O3159,P021,2,5
OD09510,O3160,P046,5,5
OD09511,O3160,P048,2,5
OD09512,O3160,P044,1,15
OD09513,O3161,P038,3,15
OD09514,O3161,P043,4,10
OD09515,O3162,P017,4,5
OD09516,O3163,P027,4,20
OD09517,O3163,P044,5,5
OD09518,O3164,P048,3,0
OD09519,O3164,P050,3,15
OD09520,O3165,P022,5,5
OD09521,O3166,P018,5,5
OD09522,O3166,P011,5,20
OD09523,O3166,P025,3,15
OD09524,O3167,P043,3,5
OD09525,O3167,P024,5,20
OD09526,O3167,P033,3,0
OD09527,O3167,P038,1,5
OD09528,O3168,P026,1,5
OD09529,O3168,P008,5,10
OD09530,O3168,P024,5,10
OD09531,O3168,P033,3,20
OD09532,O3168,P042,5,5
OD09533,O3169,P001,5,15
OD09534,O3169,P050,1,20
OD09535,O3169,P015,3,5
OD09536,O3170,P043,5,5
OD09537,O3170,P029,5,5
OD09538,O3170,P034,2,5
OD09539,O3171,P049,2,0
OD09540,O3172,P025,4,0
OD09541,O3172,P022,3,15
OD09542,O3173,P040,1,15
OD09543,O3173,P043,2,10
OD09544,O3173,P016,1,10
OD09545,O3173,P038,1,15
OD09546,O3173,P031,3,20
OD09547,O3174,P016,3,15
OD09548,O3174,P026,2,20
OD09549,O3174,P024,2,5
OD09550,O3174,P008,5,10
OD09551,O3175,P016,5,20
OD09552,O3175,P029,4,0
OD09553,O3175,P011,4,10
OD09554,O3175,P022,1,20
OD09555,O3175,P009,1,10
OD09556,O3176,P032,2,5
OD09557,O3177,P022,4,5
OD09558,O3178,P014,5,15
OD09559,O3178,P013,4,10
OD09560,O3178,P021,4,5
OD09561,O3178,P015,4,20
OD09562,O3178,P034,5,15
OD09563,O3179,P049,4,0
OD09564,O3179,P040,5,15
OD09565,O3179,P012,2,0
OD09566,O3180,P049,2,20
OD09567,O3180,P036,2,15
OD09568,O3180,P038,5,5
OD09569,O3180,P033,4,0
OD09570,O3180,P006,2,5
OD09571,O3181,P035,4,10
OD09572,O3181,P040,2,0
OD09573,O3181,P048,4,5
OD09574,O3181,P011,4,0
OD09575,O3182,P032,1,5
OD09576,O3183,P007,3,15
OD09577,O3183,P005,4,15
OD09578,O3183,P023,5,5
OD09579,O3183,P032,2,10
OD09580,O3184,P001,5,5
OD09581,O3184,P043,4,10
OD09582,O3185,P013,4,10
OD09583,O3185,P008,1,10
OD09584,O3185,P030,4,20
OD09585,O3185,P009,1,20
OD09586,O3185,P022,5,0
OD09587,O3186,P011,3,20
OD09588,O3186,P049,1,15
OD09589,O3186,P026,4,10
OD09590,O3187,P034,4,15
OD09591,O3188,P042,4,0
OD09592,O3188,P022,3,15
OD09593,O3188,P037,2,15
OD09594,O3189,P020,1,5
OD09595,O3189,P007,1,15
OD09596,O3190,P029,3,5
OD09597,O3190,P047,4,5
OD09598,O3191,P017,3,0
OD09599,O3192,P017,1,20
OD09600,O3192,P032,3,20
OD09601,O3192,P024,4,15
OD09602,O3192,P006,4,15
OD09603,O3193,P043,3,20
OD09604,O3193,P024,3,15
OD09605,O3194,P014,2,15
OD09606,O3194,P008,4,15
OD09607,O3194,P037,2,20
OD09608,O3194,P025,4,15
OD09609,O3194,P021,4,0
OD09610,O3195,P029,3,0
OD09611,O3196,P001,5,5
OD09612,O3196,P044,1,15
OD09613,O3197,P018,4,15
OD09614,O3198,P047,5,5
OD09615,O3198,P021,4,5
OD09616,O3198,P020,4,5
OD09617,O3199,P033,3,5
OD09618,O3200,P026,2,10
OD09619,O3200,P048,4,5
OD09620,O3200,P022,1,5
OD09621,O3200,P012,1,15
OD09622,O3200,P004,4,15
OD09623,O3201,P012,4,5
OD09624,O3201,P016,5,0
OD09625,O3201,P034,2,0
OD09626,O3201,P032,3,20
OD09627,O3202,P014,4,20
OD09628,O3202,P009,5,20
OD09629,O3203,P032,5,20
OD09630,O3203,P003,4,0
OD09631,O3203,P046,2,20
OD09632,O3203,P029,4,15
OD09633,O3203,P039,5,20
OD09634,O3204,P011,4,10
OD09635,O3204,P005,5,5
OD09636,O3205,P038,1,15
OD09637,O3205,P027,1,10
OD09638,O3205,P010,5,15
OD09639,O3206,P031,2,5
OD09640,O3206,P026,2,10
OD09641,O3207,P014,5,15
OD09642,O3207,P033,4,0
OD09643,O3207,P011,1,20
OD09644,O3207,P042,4,0
OD09645,O3208,P016,2,0
OD09646,O3208,P017,1,20
OD09647,O3208,P003,5,5
OD09648,O3208,P041,1,20
OD09649,O3209,P046,2,0
OD09650,O3210,P031,4,10
OD09651,O3211,P019,1,15
OD09652,O3211,P016,4,20
OD09653,O3211,P024,2,15
OD09654,O3212,P030,1,5
OD09655,O3212,P019,1,20
OD09656,O3213,P034,1,0
OD09657,O3213,P045,1,0
OD09658,O3213,P029,4,0
OD09659,O3213,P050,3,20
OD09660,O3214,P039,5,20
OD09661,O3214,P038,4,5
OD09662,O3214,P042,4,5
OD09663,O3214,P004,4,15
OD09664,O3215,P035,5,15
OD09665,O3215,P013,4,20
OD09666,O3215,P026,5,5
OD09667,O3215,P003,4,20
OD09668,O3215,P037,2,5
OD09669,O3216,P027,3,0
OD09670,O3216,P023,3,5
OD09671,O3216,P035,5,0
OD09672,O3216,P050,5,15
OD09673,O3216,P025,2,5
OD09674,O3217,P022,2,10
OD09675,O3217,P003,2,0
OD09676,O3218,P016,5,20
OD09677,O3219,P044,1,0
OD09678,O3219,P023,1,10
OD09679,O3219,P013,3,5
OD09680,O3220,P006,1,15
OD09681,O3220,P030,3,10
OD09682,O3220,P018,4,10
OD09683,O3220,P031,5,0
OD09684,O3220,P044,2,5
OD09685,O3221,P040,5,0
OD09686,O3221,P041,5,0
OD09687,O3221,P006,3,5
OD09688,O3221,P001,4,20
OD09689,O3221,P034,4,10
OD09690,O3222,P041,2,20
OD09691,O3222,P007,2,5
OD09692,O3222,P021,1,20
OD09693,O3222,P036,4,0
OD09694,O3223,P012,2,10
OD09695,O3223,P024,5,5
OD09696,O3223,P039,4,20
OD09697,O3224,P013,4,5
OD09698,O3224,P020,4,10
OD09699,O3224,P026,1,20
OD09700,O3224,P037,5,5
OD09701,O3225,P017,1,20
OD09702,O3226,P026,4,5
OD09703,O3226,P044,1,10
OD09704,O3226,P030,5,15
OD09705,O3226,P032,3,0
OD09706,O3226,P009,5,0
OD09707,O3227,P036,1,20
OD09708,O3227,P024,5,20
OD09709,O3227,P030,4,0
OD09710,O3228,P045,1,20
OD09711,O3228,P004,4,5
OD09712,O3228,P030,3,15
OD09713,O3228,P048,1,0
OD09714,O3228,P016,1,0
OD09715,O3229,P048,1,10
OD09716,O3229,P024,3,0
OD09717,O3230,P038,1,0
OD09718,O3230,P037,2,0
OD09719,O3231,P043,5,5
OD09720,O3232,P003,1,20
OD09721,O3232,P043,5,20
OD09722,O3233,P046,3,0
OD09723,O3233,P030,5,15
OD09724,O3233,P050,4,15
OD09725,O3234,P012,5,20
OD09726,O3234,P021,5,20
OD09727,O3234,P016,3,0
OD09728,O3234,P041,5,15
OD09729,O3235,P013,1,10
OD09730,O3235,P003,5,10
OD09731,O3235,P027,1,5
OD09732,O3235,P028,1,10
OD09733,O3236,P039,4,5
OD09734,O3236,P014,1,20
OD09735,O3237,P050,3,20
OD09736,O3237,P030,4,20
OD09737,O3237,P022,5,10
OD09738,O3238,P012,5,20
OD09739,O3238,P021,2,0
OD09740,O3239,P028,1,15
OD09741,O3239,P029,3,0
OD09742,O3239,P010,1,10
OD09743,O3239,P002,4,10
OD09744,O3239,P013,2,10
OD09745,O3240,P045,1,5
OD09746,O3240,P028,1,5
OD09747,O3241,P050,2,20
OD09748,O3241,P023,2,10
OD09749,O3242,P022,2,0
OD09750,O3242,P024,5,15
OD09751,O3242,P028,2,0
OD09752,O3242,P032,5,10
OD09753,O3243,P038,3,5
OD09754,O3244,P006,2,5
OD09755,O3244,P016,3,15
OD09756,O3245,P003,4,15
OD09757,O3245,P017,2,15
OD09758,O3245,P036,1,10
OD09759,O3246,P022,2,10
OD09760,O3247,P007,4,15
OD09761,O3248,P010,5,10
OD09762,O3248,P021,5,5
OD09763,O3248,P046,4,0
OD09764,O3248,P018,4,0
OD09765,O3248,P033,2,20
OD09766,O3249,P039,5,5
OD09767,O3249,P031,3,20
OD09768,O3249,P043,5,0
OD09769,O3249,P009,2,0
OD09770,O3250,P023,3,20
OD09771,O3250,P010,5,5
OD09772,O3250,P031,2,0
OD09773,O3250,P036,2,0
OD09774,O3251,P032,4,15
OD09775,O3251,P010,5,20
OD09776,O3251,P011,3,20
OD09777,O3251,P040,5,10
OD09778,O3251,P021,4,5
OD09779,O3252,P019,5,5
OD09780,O3252,P040,5,15
OD09781,O3252,P027,5,15
OD09782,O3252,P044,4,15
OD09783,O3252,P012,5,0
OD09784,O3253,P022,4,10
OD09785,O3253,P045,5,10
OD09786,O3254,P012,2,0
OD09787,O3254,P048,1,0
OD09788,O3254,P029,1,5
OD09789,O3255,P017,5,20
OD09790,O3255,P038,4,15
OD09791,O3256,P023,5,10
OD09792,O3256,P037,1,0
OD09793,O3256,P035,2,10
OD09794,O3256,P047,3,10
OD09795,O3257,P004,4,5
OD09796,O3258,P044,5,15
OD09797,O3259,P035,4,20
OD09798,O3260,P019,1,0
OD09799,O3260,P006,5,5
OD09800,O3260,P043,1,10
OD09801,O3260,P018,1,5
OD09802,O3261,P047,2,20
OD09803,O3261,P016,3,10
OD09804,O3262,P035,3,20
OD09805,O3262,P041,2,15
OD09806,O3263,P007,2,5
OD09807,O3263,P011,1,0
OD09808,O3263,P029,2,5
OD09809,O3263,P003,2,20
OD09810,O3263,P009,5,15
OD09811,O3264,P007,4,0
OD09812,O3265,P046,3,10
OD09813,O3265,P022,4,0
OD09814,O3265,P033,1,0
OD09815,O3265,P019,5,10
OD09816,O3265,P050,3,5
OD09817,O3266,P020,2,15
OD09818,O3266,P012,5,5
OD09819,O3266,P014,5,5
OD09820,O3266,P045,1,0
OD09821,O3267,P041,3,15
OD09822,O3267,P046,4,20
OD09823,O3267,P031,3,15
OD09824,O3267,P036,3,5
OD09825,O3267,P013,5,10
OD09826,O3268,P022,1,20
OD09827,O3269,P034,2,0
OD09828,O3269,P020,2,10
OD09829,O3269,P043,1,0
OD09830,O3269,P005,2,20
OD09831,O3269,P037,1,10
OD09832,O3270,P035,5,0
OD09833,O3270,P030,2,15
OD09834,O3270,P016,2,10
OD09835,O3270,P019,2,5
OD09836,O3271,P040,2,5
OD09837,O3271,P010,5,20
OD09838,O3272,P015,2,20
OD09839,O3272,P023,3,10
OD09840,O3272,P012,4,0
OD09841,O3272,P017,4,15
OD09842,O3273,P032,2,10
OD09843,O3273,P049,2,15
OD09844,O3273,P022,2,0
OD09845,O3273,P001,2,20
OD09846,O3274,P028,4,5
OD09847,O3274,P045,2,10
OD09848,O3275,P021,4,0
OD09849,O3275,P027,3,20
OD09850,O3275,P015,5,10
OD09851,O3276,P034,1,0
OD09852,O3277,P029,5,20
OD09853,O3277,P036,4,15
OD09854,O3277,P004,1,15
OD09855,O3277,P002,3,10
OD09856,O3277,P035,4,0
OD09857,O3278,P013,1,15
OD09858,O3278,P021,4,0
OD09859,O3278,P015,3,5
OD09860,O3278,P048,2,0
OD09861,O3278,P017,5,0
OD09862,O3279,P028,3,5
OD09863,O3279,P025,5,0
OD09864,O3279,P026,1,5
OD09865,O3280,P012,5,0
OD09866,O3281,P016,5,5
OD09867,O3281,P043,5,5
OD09868,O3281,P005,4,0
OD09869,O3281,P017,3,10
OD09870,O3282,P046,4,15
OD09871,O3282,P023,3,20
OD09872,O3282,P014,5,15
OD09873,O3282,P029,5,20
OD09874,O3283,P048,4,15
OD09875,O3284,P048,4,20
OD09876,O3285,P010,3,15
OD09877,O3285,P031,5,10
OD09878,O3285,P049,5,0
OD09879,O3285,P036,5,10
OD09880,O3285,P012,1,15
OD09881,O3286,P044,1,20
OD09882,O3287,P039,1,10
OD09883,O3287,P029,1,5
OD09884,O3287,P024,5,5
OD09885,O3287,P016,4,0
OD09886,O3288,P027,5,5
OD09887,O3288,P042,2,15
OD09888,O3288,P035,3,0
OD09889,O3288,P014,5,5
OD09890,O3289,P047,2,5
OD09891,O3289,P029,5,20
OD09892,O3289,P031,4,10
OD09893,O3289,P019,1,20
OD09894,O3289,P032,3,15
OD09895,O3290,P004,4,5
OD09896,O3290,P028,5,5
OD09897,O3290,P044,3,5
OD09898,O3290,P037,1,10
OD09899,O3290,P009,2,20
OD09900,O3291,P042,1,0
OD09901,O3291,P040,1,10
OD09902,O3291,P011,4,10
OD09903,O3291,P022,2,20
OD09904,O3291,P018,4,15
OD09905,O3292,P031,5,15
OD09906,O3292,P019,1,15
OD09907,O3293,P004,3,20
OD09908,O3293,P047,5,15
OD09909,O3294,P031,4,0
OD09910,O3294,P013,1,5
OD09911,O3294,P019,3,15
OD09912,O3294,P001,1,15
OD09913,O3295,P003,3,15
OD09914,O3295,P018,3,5
OD09915,O3295,P015,1,5
OD09916,O3295,P039,5,10
OD09917,O3296,P044,1,20
OD09918,O3296,P012,5,20
OD09919,O3297,P011,1,20
OD09920,O3297,P020,4,20
OD09921,O3298,P023,2,20
OD09922,O3298,P014,3,10
OD09923,O3298,P032,2,0
OD09924,O3298,P026,5,5
OD09925,O3298,P030,5,15
OD09926,O3299,P013,3,10
OD09927,O3300,P032,4,0
OD09928,O3300,P018,1,20
OD09929,O3300,P011,2,15
OD09930,O3301,P032,2,20
OD09931,O3301,P008,4,20
OD09932,O3302,P004,3,15
OD09933,O3302,P006,4,10
OD09934,O3302,P047,5,15
OD09935,O3303,P006,2,5
OD09936,O3303,P047,2,15
OD09937,O3304,P034,2,5
OD09938,O3304,P031,3,20
OD09939,O3304,P044,2,5
OD09940,O3304,P008,3,15
OD09941,O3305,P013,5,5
OD09942,O3305,P037,4,15
OD09943,O3305,P036,4,0
OD09944,O3306,P020,5,20
OD09945,O3306,P027,4,15
OD09946,O3307,P010,4,10
OD09947,O3307,P011,4,5
OD09948,O3308,P007,1,10
OD09949,O3309,P048,5,20
OD09950,O3310,P011,3,0
OD09951,O3310,P025,5,20
OD09952,O3310,P042,1,10
OD09953,O3310,P043,5,0
OD09954,O3310,P047,3,10
OD09955,O3311,P007,2,10
OD09956,O3311,P043,1,5
OD09957,O3312,P007,2,0
OD09958,O3312,P016,3,10
OD09959,O3312,P028,3,20
OD09960,O3312,P048,3,15
OD09961,O3313,P021,2,10
OD09962,O3313,P042,2,15
OD09963,O3313,P012,1,20
OD09964,O3314,P020,5,5
OD09965,O3314,P039,4,20
OD09966,O3314,P018,3,20
OD09967,O3314,P048,3,20
OD09968,O3315,P029,5,5
OD09969,O3315,P023,5,5
OD09970,O3315,P039,1,20
OD09971,O3315,P013,1,5
OD09972,O3316,P021,5,5
OD09973,O3316,P025,5,20
OD09974,O3316,P001,2,0
OD09975,O3316,P028,1,10
OD09976,O3317,P015,2,15
OD09977,O3317,P017,2,10
OD09978,O3317,P010,1,15
OD09979,O3318,P011,2,15
OD09980,O3318,P049,4,20
OD09981,O3319,P028,1,20
OD09982,O3319,P015,3,5
OD09983,O3319,P031,4,20
OD09984,O3319,P024,5,10
OD09985,O3319,P048,1,20
OD09986,O3320,P019,5,15
OD09987,O3320,P018,2,0
OD09988,O3320,P046,1,10
OD09989,O3320,P003,1,5
OD09990,O3321,P035,4,15
OD09991,O3321,P041,3,5
OD09992,O3321,P019,3,20
OD09993,O3321,P038,4,5
OD09994,O3322,P038,2,15
OD09995,O3322,P027,5,0
OD09996,O3322,P037,2,15
OD09997,O3322,P024,1,20
OD09998,O3323,P011,5,0
OD09999,O3324,P012,5,10
OD10000,O3324,P028,1,0
OD10001,O3324,P003,3,5
OD10002,O3325,P010,5,20
OD10003,O3325,P040,2,20
OD10004,O3325,P044,5,20
OD10005,O3326,P050,2,20
OD10006,O3327,P020,4,5
OD10007,O3327,P038,5,10
OD10008,O3327,P004,3,15
OD10009,O3328,P037,4,0
OD10010,O3328,P007,3,20
OD10011,O3328,P006,5,15
OD10012,O3328,P026,2,15
OD10013,O3329,P020,4,20
OD10014,O3329,P027,2,20
OD10015,O3330,P030,3,10
OD10016,O3330,P044,3,10
OD10017,O3330,P028,4,10
OD10018,O3331,P027,3,10
OD10019,O3331,P008,5,0
OD10020,O3331,P037,2,10
OD10021,O3331,P042,5,15
OD10022,O3332,P030,3,15
OD10023,O3332,P021,3,15
OD10024,O3332,P025,1,0
OD10025,O3333,P037,4,20
OD10026,O3333,P016,3,0
OD10027,O3333,P024,5,0
OD10028,O3334,P010,1,5
OD10029,O3334,P041,4,5
OD10030,O3334,P037,3,10
OD10031,O3334,P004,4,0
OD10032,O3335,P025,5,10
OD10033,O3335,P006,2,10
OD10034,O3335,P014,3,15
OD10035,O3335,P043,2,15
OD10036,O3336,P012,2,10
OD10037,O3337,P022,3,0
OD10038,O3337,P032,4,0
OD10039,O3337,P029,2,0
OD10040,O3337,P037,5,0
OD10041,O3338,P022,1,5
OD10042,O3338,P037,4,5
OD10043,O3338,P045,2,20
OD10044,O3338,P021,5,20
OD10045,O3338,P007,1,20
OD10046,O3339,P044,3,0
OD10047,O3339,P026,3,0
OD10048,O3340,P028,3,10
OD10049,O3341,P011,4,20
OD10050,O3341,P037,1,15
OD10051,O3341,P005,3,15
OD10052,O3342,P033,4,20
OD10053,O3342,P032,3,20
OD10054,O3342,P010,2,20
OD10055,O3342,P006,2,5
OD10056,O3343,P028,3,15
OD10057,O3344,P014,3,0
OD10058,O3345,P019,3,10
OD10059,O3345,P043,4,10
OD10060,O3346,P045,4,15
OD10061,O3347,P045,5,0
OD10062,O3347,P018,2,10
OD10063,O3347,P031,5,10
OD10064,O3347,P008,4,15
OD10065,O3348,P014,1,15
OD10066,O3348,P037,2,15
OD10067,O3349,P038,2,5
OD10068,O3349,P044,4,5
OD10069,O3349,P019,2,10
OD10070,O3350,P017,1,20
OD10071,O3350,P019,5,20
OD10072,O3350,P022,5,5
OD10073,O3350,P009,1,20
OD10074,O3350,P008,5,10
OD10075,O3351,P023,5,20
OD10076,O3351,P034,4,0
OD10077,O3351,P012,3,0
OD10078,O3352,P009,1,10
OD10079,O3352,P015,3,10
OD10080,O3352,P024,4,20
OD10081,O3352,P005,2,0
OD10082,O3352,P007,4,10
OD10083,O3353,P047,5,5
OD10084,O3353,P032,1,5
OD10085,O3353,P039,4,5
OD10086,O3353,P011,5,20
OD10087,O3354,P022,1,10
OD10088,O3354,P005,2,5
OD10089,O3354,P020,3,5
OD10090,O3354,P035,1,10
OD10091,O3354,P036,4,10
OD10092,O3355,P007,1,5
OD10093,O3355,P016,4,20
OD10094,O3355,P024,1,20
OD10095,O3356,P028,2,0
OD10096,O3356,P048,5,20
OD10097,O3356,P002,2,5
OD10098,O3356,P021,2,5
OD10099,O3356,P017,3,20
OD10100,O3357,P042,3,20
OD10101,O3358,P029,4,0
OD10102,O3358,P013,1,10
OD10103,O3358,P036,5,0
OD10104,O3358,P037,1,0
OD10105,O3358,P009,3,15
OD10106,O3359,P038,2,20
OD10107,O3359,P030,4,15
OD10108,O3360,P044,3,10
OD10109,O3360,P004,4,15
OD10110,O3360,P007,1,0
OD10111,O3361,P048,1,10
OD10112,O3361,P037,1,5
OD10113,O3361,P038,1,20
OD10114,O3361,P036,3,20
OD10115,O3361,P025,3,0
OD10116,O3362,P016,1,0
OD10117,O3362,P011,1,10
OD10118,O3362,P002,1,20
OD10119,O3363,P032,5,15
OD10120,O3363,P031,2,15
OD10121,O3363,P009,4,0
OD10122,O3363,P043,4,10
OD10123,O3363,P014,4,5
OD10124,O3364,P024,2,15
OD10125,O3364,P026,2,15
OD10126,O3364,P010,4,20
OD10127,O3364,P014,5,5
OD10128,O3365,P016,2,10
OD10129,O3365,P038,4,10
OD10130,O3366,P043,4,0
OD10131,O3366,P012,4,10
OD10132,O3366,P021,4,10
OD10133,O3367,P019,1,15
OD10134,O3367,P040,3,0
OD10135,O3368,P050,1,10
OD10136,O3369,P035,1,10
OD10137,O3369,P040,5,0
OD10138,O3369,P049,5,20
OD10139,O3369,P004,4,15
OD10140,O3369,P013,5,0
OD10141,O3370,P033,2,15
OD10142,O3370,P035,3,10
OD10143,O3371,P026,3,20
OD10144,O3371,P006,1,20
OD10145,O3371,P014,2,5
OD10146,O3372,P018,4,10
OD10147,O3372,P029,2,0
OD10148,O3373,P020,5,0
OD10149,O3374,P034,4,15
OD10150,O3374,P023,5,5
OD10151,O3374,P049,5,10
OD10152,O3374,P019,3,0
OD10153,O3374,P031,4,20
OD10154,O3375,P009,3,0
OD10155,O3375,P039,1,0
OD10156,O3376,P017,5,0
OD10157,O3377,P039,4,5
OD10158,O3378,P019,5,20
OD10159,O3378,P031,1,10
OD10160,O3378,P011,1,20
OD10161,O3378,P035,1,20
OD10162,O3378,P033,4,15
OD10163,O3379,P019,5,0
OD10164,O3379,P001,2,20
OD10165,O3379,P017,4,20
OD10166,O3379,P008,2,20
OD10167,O3380,P038,5,0
OD10168,O3381,P017,3,10
OD10169,O3381,P029,4,15
OD10170,O3382,P030,4,20
OD10171,O3382,P048,3,0
OD10172,O3382,P018,1,15
OD10173,O3382,P020,3,5
OD10174,O3383,P020,4,5
OD10175,O3383,P024,2,0
OD10176,O3384,P047,2,20
OD10177,O3385,P050,3,0
OD10178,O3385,P038,3,0
OD10179,O3385,P016,1,5
OD10180,O3386,P038,2,15
OD10181,O3386,P034,3,0
OD10182,O3386,P028,3,10
OD10183,O3387,P005,4,10
OD10184,O3387,P015,3,10
OD10185,O3387,P024,1,5
OD10186,O3388,P024,1,5
OD10187,O3388,P001,1,10
OD10188,O3388,P030,4,5
OD10189,O3389,P047,3,10
OD10190,O3389,P040,3,10
OD10191,O3390,P021,3,20
OD10192,O3390,P031,3,15
OD10193,O3390,P050,2,5
OD10194,O3390,P017,5,15
OD10195,O3390,P007,4,10
OD10196,O3391,P005,1,10
OD10197,O3391,P008,1,20
OD10198,O3391,P047,4,0
OD10199,O3391,P026,2,0
OD10200,O3392,P016,4,5
OD10201,O3392,P031,2,15
OD10202,O3393,P042,3,20
OD10203,O3394,P022,2,0
OD10204,O3394,P043,1,10
OD10205,O3394,P040,5,0
OD10206,O3394,P016,4,20
OD10207,O3395,P012,2,10
OD10208,O3395,P037,1,5
OD10209,O3395,P034,1,15
OD10210,O3395,P008,3,5
OD10211,O3396,P016,5,10
OD10212,O3396,P046,5,20
OD10213,O3397,P049,4,20
OD10214,O3398,P003,4,5
OD10215,O3398,P046,4,20
OD10216,O3399,P005,4,5
OD10217,O3399,P036,2,0
OD10218,O3400,P013,3,15
OD10219,O3400,P006,3,15
OD10220,O3400,P035,2,0
OD10221,O3400,P016,4,20
OD10222,O3400,P026,2,10
OD10223,O3401,P006,5,5
OD10224,O3401,P010,3,15
OD10225,O3401,P047,1,0
OD10226,O3402,P041,5,20
OD10227,O3402,P032,4,10
OD10228,O3402,P003,3,5
OD10229,O3402,P011,4,20
OD10230,O3403,P049,2,10
OD10231,O3403,P031,3,5
OD10232,O3404,P006,1,0
OD10233,O3404,P026,2,5
OD10234,O3404,P011,1,0
OD10235,O3404,P004,3,20
OD10236,O3405,P045,3,20
OD10237,O3405,P018,5,15
OD10238,O3406,P050,3,0
OD10239,O3406,P025,4,10
OD10240,O3406,P033,3,20
OD10241,O3406,P003,4,10
OD10242,O3407,P026,3,10
OD10243,O3408,P043,4,0
OD10244,O3408,P040,1,15
OD10245,O3408,P011,5,0
OD10246,O3408,P002,1,5
OD10247,O3408,P005,1,15
OD10248,O3409,P002,1,5
OD10249,O3409,P033,2,15
OD10250,O3410,P045,4,5
OD10251,O3410,P049,2,10
OD10252,O3411,P028,5,10
OD10253,O3411,P010,4,15
OD10254,O3411,P021,4,5
OD10255,O3411,P025,2,5
OD10256,O3412,P015,1,10
OD10257,O3412,P012,5,0
OD10258,O3412,P018,3,5
OD10259,O3413,P019,2,15
OD10260,O3414,P042,2,5
OD10261,O3414,P043,1,15
OD10262,O3414,P047,2,15
OD10263,O3414,P024,4,5
OD10264,O3415,P026,3,15
OD10265,O3415,P042,5,20
OD10266,O3415,P045,3,0
OD10267,O3415,P011,4,0
OD10268,O3415,P015,5,20
OD10269,O3416,P013,3,0
OD10270,O3416,P011,1,0
OD10271,O3416,P049,4,10
OD10272,O3416,P039,2,10
OD10273,O3417,P017,3,15
OD10274,O3417,P033,2,20
OD10275,O3417,P028,3,5
OD10276,O3418,P002,3,10
OD10277,O3418,P005,4,5
OD10278,O3419,P025,3,5
OD10279,O3419,P011,2,10
OD10280,O3420,P037,3,0
OD10281,O3420,P036,5,15
OD10282,O3421,P046,5,15
OD10283,O3421,P041,4,15
OD10284,O3421,P023,2,5
OD10285,O3421,P008,3,0
OD10286,O3421,P005,1,10
OD10287,O3422,P043,5,15
OD10288,O3422,P025,1,10
OD10289,O3422,P027,3,15
OD10290,O3422,P044,5,20
OD10291,O3422,P049,3,5
OD10292,O3423,P003,3,5
OD10293,O3423,P028,1,15
OD10294,O3423,P001,1,5
OD10295,O3423,P005,3,10
OD10296,O3423,P018,5,0
OD10297,O3424,P050,4,20
OD10298,O3424,P032,4,5
OD10299,O3424,P016,5,0
OD10300,O3424,P029,4,0
OD10301,O3425,P022,1,0
OD10302,O3425,P041,3,0
OD10303,O3425,P003,2,15
OD10304,O3425,P013,4,10
OD10305,O3425,P021,3,10
OD10306,O3426,P029,3,15
OD10307,O3426,P006,1,20
OD10308,O3426,P012,2,20
OD10309,O3426,P033,3,10
OD10310,O3426,P026,5,15
OD10311,O3427,P030,2,20
OD10312,O3427,P027,5,15
OD10313,O3428,P042,1,10
OD10314,O3428,P047,3,15
OD10315,O3428,P037,5,10
OD10316,O3428,P006,3,10
OD10317,O3429,P039,5,0
OD10318,O3429,P014,4,0
OD10319,O3430,P047,4,15
OD10320,O3430,P002,2,15
OD10321,O3430,P042,5,15
OD10322,O3430,P022,2,0
OD10323,O3431,P003,2,5
OD10324,O3431,P027,1,20
OD10325,O3431,P014,4,0
OD10326,O3432,P018,3,0
OD10327,O3432,P043,5,20
OD10328,O3432,P010,4,15
OD10329,O3433,P003,3,0
OD10330,O3434,P001,3,0
OD10331,O3434,P033,5,15
OD10332,O3434,P050,2,10
OD10333,O3434,P028,5,20
OD10334,O3434,P008,2,10
OD10335,O3435,P002,3,0
OD10336,O3435,P006,1,15
OD10337,O3435,P017,5,10
OD10338,O3435,P024,1,10
OD10339,O3435,P042,2,20
OD10340,O3436,P025,3,10
OD10341,O3436,P019,4,10
OD10342,O3437,P015,4,0
OD10343,O3437,P008,5,10
OD10344,O3438,P043,3,5
OD10345,O3438,P038,1,5
OD10346,O3438,P016,2,20
OD10347,O3438,P030,4,10
OD10348,O3439,P042,3,5
OD10349,O3439,P045,1,15
OD10350,O3439,P004,4,0
OD10351,O3439,P039,4,15
OD10352,O3440,P016,5,10
OD10353,O3440,P030,2,0
OD10354,O3440,P019,3,15
OD10355,O3440,P050,5,10
OD10356,O3440,P033,4,10
OD10357,O3441,P034,2,15
OD10358,O3441,P030,4,20
OD10359,O3441,P017,4,20
OD10360,O3441,P003,2,10
OD10361,O3442,P031,2,20
OD10362,O3442,P033,1,20
OD10363,O3442,P036,1,20
OD10364,O3442,P019,1,20
OD10365,O3443,P036,2,20
OD10366,O3443,P025,5,5
OD10367,O3443,P031,1,10
OD10368,O3443,P044,4,10
OD10369,O3444,P016,3,15
OD10370,O3444,P041,4,15
OD10371,O3444,P036,2,15
OD10372,O3444,P003,4,15
OD10373,O3445,P047,2,5
OD10374,O3445,P004,2,15
OD10375,O3445,P031,2,10
OD10376,O3445,P038,5,5
OD10377,O3446,P016,5,10
OD10378,O3446,P048,4,5
OD10379,O3446,P043,3,5
OD10380,O3446,P026,2,5
OD10381,O3447,P041,2,20
OD10382,O3447,P023,5,15
OD10383,O3448,P045,4,15
OD10384,O3448,P014,2,10
OD10385,O3448,P035,5,5
OD10386,O3448,P039,2,15
OD10387,O3449,P039,5,0
OD10388,O3449,P048,3,20
OD10389,O3450,P045,2,5
OD10390,O3451,P009,2,10
OD10391,O3451,P031,4,15
OD10392,O3451,P030,5,15
OD10393,O3451,P034,1,20
OD10394,O3452,P026,5,5
OD10395,O3453,P033,4,5
OD10396,O3453,P012,3,20
OD10397,O3454,P012,2,10
OD10398,O3454,P009,4,15
OD10399,O3454,P049,2,15
OD10400,O3455,P045,4,5
OD10401,O3455,P022,5,5
OD10402,O3456,P013,1,5
OD10403,O3457,P046,4,20
OD10404,O3457,P018,5,10
OD10405,O3457,P015,2,20
OD10406,O3457,P002,5,0
OD10407,O3457,P016,1,10
OD10408,O3458,P019,5,0
OD10409,O3458,P007,5,10
OD10410,O3458,P038,2,20
OD10411,O3458,P033,2,15
OD10412,O3459,P045,3,15
OD10413,O3460,P024,3,10
OD10414,O3461,P008,4,10
OD10415,O3461,P044,5,20
OD10416,O3461,P037,3,15
OD10417,O3461,P009,1,20
OD10418,O3462,P012,5,20
OD10419,O3463,P014,5,5
OD10420,O3464,P005,5,0
OD10421,O3465,P042,3,10
OD10422,O3466,P042,2,15
OD10423,O3466,P044,3,10
OD10424,O3466,P013,2,10
OD10425,O3467,P005,1,10
OD10426,O3467,P009,4,0
OD10427,O3467,P034,1,10
OD10428,O3467,P046,1,5
OD10429,O3468,P034,1,5
OD10430,O3468,P020,1,0
OD10431,O3468,P007,4,5
OD10432,O3468,P028,5,20
OD10433,O3468,P002,4,20
OD10434,O3469,P021,4,0
OD10435,O3469,P043,1,10
OD10436,O3469,P049,3,15
OD10437,O3469,P023,3,5
OD10438,O3469,P017,4,20
OD10439,O3470,P023,4,15
OD10440,O3470,P035,2,20
OD10441,O3471,P017,3,10
OD10442,O3471,P007,2,5
OD10443,O3471,P035,4,10
OD10444,O3471,P050,4,20
OD10445,O3472,P010,3,15
OD10446,O3472,P024,5,0
OD10447,O3472,P015,4,10
OD10448,O3472,P039,2,5
OD10449,O3472,P041,5,20
OD10450,O3473,P008,1,10
OD10451,O3474,P036,5,5
OD10452,O3474,P031,3,20
OD10453,O3475,P031,5,10
OD10454,O3475,P049,1,0
OD10455,O3475,P002,3,10
OD10456,O3475,P033,2,10
OD10457,O3476,P032,5,15
OD10458,O3476,P035,4,15
OD10459,O3476,P041,5,15
OD10460,O3476,P019,2,20
OD10461,O3476,P011,2,0
OD10462,O3477,P037,4,15
OD10463,O3477,P012,2,0
OD10464,O3477,P009,3,0
OD10465,O3478,P008,2,10
OD10466,O3478,P029,3,10
OD10467,O3478,P003,3,15
OD10468,O3479,P012,1,15
OD10469,O3479,P015,4,0
OD10470,O3479,P030,4,20
OD10471,O3479,P033,1,0
OD10472,O3480,P040,2,0
OD10473,O3480,P027,5,10
OD10474,O3480,P008,3,20
OD10475,O3480,P031,4,15
OD10476,O3481,P026,2,15
OD10477,O3481,P033,4,5
OD10478,O3481,P043,1,20
OD10479,O3481,P034,5,20
OD10480,O3482,P010,1,20
OD10481,O3482,P030,5,5
OD10482,O3482,P004,2,10
OD10483,O3482,P008,2,10
OD10484,O3482,P042,4,0
OD10485,O3483,P021,5,5
OD10486,O3483,P019,1,10
OD10487,O3484,P015,1,0
OD10488,O3484,P004,1,10
OD10489,O3484,P039,2,10
OD10490,O3484,P042,1,10
OD10491,O3484,P029,3,15
OD10492,O3485,P013,2,15
OD10493,O3485,P003,4,5
OD10494,O3485,P012,1,5
OD10495,O3485,P001,2,5
OD10496,O3485,P043,2,15
OD10497,O3486,P031,5,10
OD10498,O3486,P050,2,10
OD10499,O3487,P013,5,5
OD10500,O3487,P001,5,15
OD10501,O3487,P025,4,0
OD10502,O3488,P037,1,15
OD10503,O3488,P043,4,0
OD10504,O3488,P029,3,0
OD10505,O3489,P012,5,15
OD10506,O3489,P021,2,20
OD10507,O3489,P015,3,5
OD10508,O3490,P016,3,20
OD10509,O3490,P029,5,0
OD10510,O3490,P040,3,20
OD10511,O3491,P009,5,20
OD10512,O3491,P041,2,5
OD10513,O3492,P032,2,20
OD10514,O3492,P008,2,0
OD10515,O3492,P034,1,20
OD10516,O3493,P032,2,0
OD10517,O3493,P012,3,15
OD10518,O3493,P026,5,15
OD10519,O3493,P007,1,10
OD10520,O3493,P035,1,10
OD10521,O3494,P041,2,15
OD10522,O3494,P011,5,20
OD10523,O3494,P028,5,10
OD10524,O3494,P010,1,15
OD10525,O3495,P005,3,5
OD10526,O3495,P001,1,20
OD10527,O3496,P032,4,10
OD10528,O3496,P011,1,5
OD10529,O3496,P037,2,0
OD10530,O3496,P041,3,20
OD10531,O3497,P047,1,0
OD10532,O3497,P038,1,15
OD10533,O3497,P048,1,15
OD10534,O3497,P013,1,5
OD10535,O3498,P015,2,10
OD10536,O3498,P036,1,15
OD10537,O3498,P016,3,15
OD10538,O3498,P018,3,5
OD10539,O3498,P027,1,15
OD10540,O3499,P031,2,5
OD10541,O3499,P033,2,5
OD10542,O3499,P015,4,15
OD10543,O3499,P016,5,15
OD10544,O3500,P027,2,5
OD10545,O3500,P003,2,15
OD10546,O3501,P023,5,5
OD10547,O3501,P003,4,10
OD10548,O3501,P002,5,5
OD10549,O3502,P014,3,20
OD10550,O3503,P003,1,10
OD10551,O3503,P015,3,0
OD10552,O3503,P046,1,20
OD10553,O3503,P037,5,15
OD10554,O3503,P006,4,15
OD10555,O3504,P016,2,15
OD10556,O3504,P042,4,20
OD10557,O3504,P023,5,0
OD10558,O3505,P011,5,20
OD10559,O3506,P040,2,20
OD10560,O3506,P042,4,0
OD10561,O3506,P005,2,20
OD10562,O3506,P049,4,0
OD10563,O3506,P022,5,20
OD10564,O3507,P010,5,0
OD10565,O3507,P002,5,5
OD10566,O3507,P012,5,0
OD10567,O3507,P016,2,10
OD10568,O3508,P021,5,20
OD10569,O3509,P014,1,0
OD10570,O3509,P003,2,0
OD10571,O3509,P025,2,10
OD10572,O3509,P026,2,10
OD10573,O3510,P008,5,20
OD10574,O3510,P007,4,15
OD10575,O3510,P032,5,0
OD10576,O3511,P016,1,10
OD10577,O3511,P035,5,5
OD10578,O3511,P006,5,0
OD10579,O3512,P017,2,20
OD10580,O3513,P024,3,10
OD10581,O3513,P020,5,20
OD10582,O3514,P013,1,0
OD10583,O3514,P040,4,0
OD10584,O3514,P026,2,20
OD10585,O3515,P001,5,10
OD10586,O3515,P005,1,10
OD10587,O3515,P042,5,10
OD10588,O3516,P050,3,10
OD10589,O3516,P031,1,15
OD10590,O3516,P008,2,20
OD10591,O3516,P042,2,0
OD10592,O3517,P049,2,15
OD10593,O3517,P027,5,20
OD10594,O3517,P008,4,10
OD10595,O3518,P046,5,15
OD10596,O3519,P013,2,20
OD10597,O3519,P037,5,15
OD10598,O3519,P001,4,0
OD10599,O3520,P043,5,20
OD10600,O3520,P016,2,20
OD10601,O3520,P022,3,5
OD10602,O3521,P031,2,0
OD10603,O3521,P040,4,15
OD10604,O3521,P022,4,0
OD10605,O3522,P019,1,5
OD10606,O3523,P010,1,0
OD10607,O3523,P020,2,20
OD10608,O3523,P014,3,15
OD10609,O3524,P039,5,5
OD10610,O3524,P013,5,15
OD10611,O3525,P010,1,15
OD10612,O3525,P030,2,20
OD10613,O3525,P039,4,15
OD10614,O3525,P024,3,20
OD10615,O3526,P034,3,20
OD10616,O3526,P006,5,20
OD10617,O3526,P018,5,15
OD10618,O3526,P024,2,20
OD10619,O3527,P031,5,10
OD10620,O3528,P008,3,5
OD10621,O3528,P010,2,15
OD10622,O3528,P014,3,10
OD10623,O3528,P013,2,20
OD10624,O3529,P038,5,10
OD10625,O3529,P033,1,0
OD10626,O3530,P019,4,15
OD10627,O3530,P044,1,10
OD10628,O3531,P034,5,0
OD10629,O3531,P036,1,20
OD10630,O3532,P035,5,15
OD10631,O3533,P039,3,15
OD10632,O3533,P046,5,5
OD10633,O3533,P017,4,10
OD10634,O3534,P014,2,20
OD10635,O3534,P030,3,15
OD10636,O3534,P044,4,15
OD10637,O3534,P018,4,0
OD10638,O3535,P022,2,20
OD10639,O3535,P014,5,5
OD10640,O3536,P033,2,20
OD10641,O3536,P006,3,0
OD10642,O3536,P014,4,10
OD10643,O3536,P037,5,10
OD10644,O3536,P009,4,5
OD10645,O3537,P008,5,20
OD10646,O3537,P006,3,20
OD10647,O3538,P041,2,5
OD10648,O3538,P009,3,10
OD10649,O3538,P029,4,10
OD10650,O3538,P008,3,5
OD10651,O3539,P034,5,10
OD10652,O3539,P044,1,20
OD10653,O3540,P028,2,5
OD10654,O3540,P002,2,20
OD10655,O3540,P044,3,0
OD10656,O3540,P023,1,15
OD10657,O3541,P018,5,10
OD10658,O3542,P014,1,20
OD10659,O3542,P002,3,10
OD10660,O3542,P012,5,20
OD10661,O3542,P016,3,20
OD10662,O3542,P037,5,5
OD10663,O3543,P007,1,5
OD10664,O3544,P037,5,0
OD10665,O3544,P027,1,0
OD10666,O3545,P005,4,0
OD10667,O3546,P012,1,0
OD10668,O3546,P034,5,15
OD10669,O3546,P003,4,5
OD10670,O3547,P014,5,0
OD10671,O3547,P032,5,0
OD10672,O3548,P004,4,20
OD10673,O3548,P034,5,15
OD10674,O3549,P007,1,20
OD10675,O3550,P013,2,20
OD10676,O3550,P046,3,10
OD10677,O3550,P003,3,15
OD10678,O3550,P035,2,0
OD10679,O3550,P020,5,0
OD10680,O3551,P031,1,15
OD10681,O3552,P005,2,10
OD10682,O3552,P042,1,5
OD10683,O3552,P031,2,20
OD10684,O3552,P045,4,0
OD10685,O3552,P008,2,0
OD10686,O3553,P014,1,10
OD10687,O3554,P021,2,0
OD10688,O3554,P036,3,5
OD10689,O3555,P045,4,15
OD10690,O3555,P048,5,10
OD10691,O3555,P005,3,15
OD10692,O3555,P022,5,15
OD10693,O3556,P043,3,5
OD10694,O3556,P030,5,5
OD10695,O3556,P024,4,15
OD10696,O3557,P037,2,0
OD10697,O3558,P041,5,20
OD10698,O3558,P044,4,0
OD10699,O3559,P012,3,20
OD10700,O3559,P022,4,20
OD10701,O3559,P009,1,5
OD10702,O3559,P027,3,15
OD10703,O3560,P012,2,10
OD10704,O3560,P010,1,0
OD10705,O3560,P018,2,20
OD10706,O3561,P007,3,0
OD10707,O3561,P033,2,15
OD10708,O3562,P018,2,10
OD10709,O3562,P024,3,15
OD10710,O3562,P050,5,0
OD10711,O3562,P013,4,20
OD10712,O3562,P044,2,15
OD10713,O3563,P042,2,0
OD10714,O3564,P034,2,5
OD10715,O3564,P017,2,10
OD10716,O3564,P036,5,15
OD10717,O3564,P041,5,5
OD10718,O3564,P027,3,15
OD10719,O3565,P013,5,20
OD10720,O3566,P036,4,15
OD10721,O3567,P045,3,5
OD10722,O3567,P005,2,0
OD10723,O3567,P019,2,10
OD10724,O3567,P030,1,10
OD10725,O3568,P040,3,15
OD10726,O3568,P021,3,20
OD10727,O3568,P011,4,15
OD10728,O3568,P015,3,20
OD10729,O3568,P050,5,15
OD10730,O3569,P034,3,5
OD10731,O3569,P049,2,15
OD10732,O3569,P045,4,10
OD10733,O3570,P046,5,20
OD10734,O3570,P024,5,10
OD10735,O3570,P012,2,10
OD10736,O3570,P017,2,20
OD10737,O3571,P043,1,15
OD10738,O3571,P032,2,0
OD10739,O3571,P004,1,15
OD10740,O3572,P019,3,0
OD10741,O3572,P031,4,5
OD10742,O3572,P040,5,15
OD10743,O3573,P001,5,0
OD10744,O3573,P031,3,20
OD10745,O3574,P015,2,0
OD10746,O3575,P006,3,0
OD10747,O3575,P039,2,20
OD10748,O3575,P030,3,15
OD10749,O3575,P029,5,15
OD10750,O3576,P009,3,0
OD10751,O3576,P026,1,10
OD10752,O3576,P012,3,20
OD10753,O3576,P048,2,5
OD10754,O3576,P049,5,10
OD10755,O3577,P006,2,10
OD10756,O3577,P043,3,10
OD10757,O3577,P018,2,10
OD10758,O3578,P012,5,0
OD10759,O3578,P011,4,0
OD10760,O3578,P018,1,10
OD10761,O3579,P032,4,5
OD10762,O3579,P025,3,20
OD10763,O3579,P011,2,20
OD10764,O3580,P038,1,15
OD10765,O3580,P015,1,15
OD10766,O3581,P049,2,20
OD10767,O3581,P029,4,20
OD10768,O3581,P031,3,0
OD10769,O3581,P014,5,5
OD10770,O3581,P047,4,10
OD10771,O3582,P021,1,5
OD10772,O3582,P042,5,15
OD10773,O3582,P002,1,15
OD10774,O3583,P033,2,15
OD10775,O3583,P026,2,5
OD10776,O3583,P005,1,0
OD10777,O3583,P003,4,5
OD10778,O3583,P008,4,0
OD10779,O3584,P032,5,5
OD10780,O3584,P020,4,20
OD10781,O3584,P049,3,10
OD10782,O3585,P014,5,20
OD10783,O3586,P007,2,5
OD10784,O3587,P026,3,10
OD10785,O3587,P038,5,20
OD10786,O3587,P039,1,0
OD10787,O3588,P004,2,15
OD10788,O3588,P038,4,0
OD10789,O3588,P043,1,5
OD10790,O3588,P029,2,5
OD10791,O3588,P026,4,15
OD10792,O3589,P041,5,10
OD10793,O3589,P002,2,10
OD10794,O3589,P021,5,15
OD10795,O3589,P003,5,10
OD10796,O3590,P007,4,20
OD10797,O3590,P014,1,0
OD10798,O3590,P026,3,5
OD10799,O3591,P008,4,5
OD10800,O3592,P012,2,10
OD10801,O3592,P036,4,5
OD10802,O3592,P014,5,20
OD10803,O3592,P047,5,0
OD10804,O3592,P020,4,20
OD10805,O3593,P004,4,0
OD10806,O3593,P006,2,10
OD10807,O3594,P037,1,0
OD10808,O3595,P005,5,0
OD10809,O3595,P031,1,20
OD10810,O3595,P004,3,5
OD10811,O3595,P027,2,15
OD10812,O3596,P018,5,10
OD10813,O3596,P022,3,5
OD10814,O3596,P037,3,20
OD10815,O3597,P036,3,0
OD10816,O3597,P001,3,0
OD10817,O3597,P023,4,15
OD10818,O3598,P039,3,5
OD10819,O3598,P045,5,20
OD10820,O3599,P037,4,5
OD10821,O3599,P038,5,15
OD10822,O3599,P007,4,0
OD10823,O3599,P041,5,0
OD10824,O3600,P026,5,0
OD10825,O3600,P032,2,15
OD10826,O3601,P017,4,0
OD10827,O3601,P041,4,5
OD10828,O3601,P038,2,20
OD10829,O3602,P013,4,5
OD10830,O3602,P003,4,15
OD10831,O3602,P002,1,20
OD10832,O3602,P028,4,0
OD10833,O3602,P018,4,5
OD10834,O3603,P042,5,15
OD10835,O3604,P043,1,20
OD10836,O3605,P034,3,15
OD10837,O3605,P010,2,0
OD10838,O3606,P026,1,15
OD10839,O3607,P009,3,10
OD10840,O3608,P012,2,20
OD10841,O3608,P042,5,10
OD10842,O3609,P021,3,15
OD10843,O3609,P016,3,5
OD10844,O3610,P031,1,10
OD10845,O3610,P041,1,20
OD10846,O3610,P012,2,10
OD10847,O3611,P042,2,10
OD10848,O3612,P037,4,0
OD10849,O3612,P002,3,0
OD10850,O3612,P047,4,0
OD10851,O3612,P024,4,15
OD10852,O3613,P004,4,5
OD10853,O3613,P007,1,20
OD10854,O3613,P011,3,20
OD10855,O3613,P012,1,5
OD10856,O3614,P015,1,0
OD10857,O3614,P043,3,10
OD10858,O3614,P013,2,0
OD10859,O3615,P025,5,0
OD10860,O3616,P024,4,10
OD10861,O3616,P047,2,15
OD10862,O3616,P042,2,20
OD10863,O3616,P026,3,15
OD10864,O3617,P043,4,5
OD10865,O3617,P041,3,15
OD10866,O3617,P028,1,20
OD10867,O3617,P036,1,5
OD10868,O3617,P033,5,10
OD10869,O3618,P004,2,20
OD10870,O3618,P012,4,10
OD10871,O3618,P024,4,15
OD10872,O3618,P016,5,20
OD10873,O3618,P003,5,15
OD10874,O3619,P002,1,0
OD10875,O3619,P019,2,20
OD10876,O3619,P004,3,10
OD10877,O3619,P047,4,20
OD10878,O3620,P022,1,0
OD10879,O3620,P039,2,10
OD10880,O3621,P041,2,20
OD10881,O3621,P029,5,10
OD10882,O3621,P017,1,20
OD10883,O3622,P006,1,10
OD10884,O3623,P048,1,10
OD10885,O3623,P015,3,20
OD10886,O3623,P019,1,20
OD10887,O3623,P032,5,5
OD10888,O3623,P029,5,0
OD10889,O3624,P010,5,10
OD10890,O3624,P036,1,5
OD10891,O3624,P002,5,5
OD10892,O3625,P018,2,15
OD10893,O3625,P047,3,15
OD10894,O3626,P007,3,0
OD10895,O3626,P041,4,0
OD10896,O3627,P046,4,0
OD10897,O3627,P037,4,15
OD10898,O3627,P045,5,20
OD10899,O3627,P010,4,0
OD10900,O3628,P036,2,15
OD10901,O3628,P023,3,5
OD10902,O3628,P031,1,15
OD10903,O3628,P016,3,20
OD10904,O3628,P003,4,10
OD10905,O3629,P043,2,15
OD10906,O3629,P026,4,5
OD10907,O3630,P039,3,5
OD10908,O3630,P005,1,5
OD10909,O3630,P012,3,0
OD10910,O3630,P045,3,15
OD10911,O3631,P006,4,20
OD10912,O3631,P034,4,5
OD10913,O3631,P020,3,15
OD10914,O3632,P017,2,10
OD10915,O3632,P022,4,0
OD10916,O3632,P009,1,0
OD10917,O3632,P043,4,15
OD10918,O3633,P032,1,20
OD10919,O3633,P030,5,20
OD10920,O3633,P050,3,20
OD10921,O3633,P027,1,10
OD10922,O3634,P046,1,10
OD10923,O3634,P006,3,0
OD10924,O3634,P004,2,15
OD10925,O3635,P029,1,5
OD10926,O3635,P012,3,0
OD10927,O3635,P016,5,10
OD10928,O3636,P040,5,0
OD10929,O3636,P048,4,20
OD10930,O3636,P031,5,15
OD10931,O3637,P027,5,0
OD10932,O3637,P050,2,10
OD10933,O3638,P033,4,10
OD10934,O3638,P042,1,0
OD10935,O3639,P019,4,0
OD10936,O3640,P029,5,0
OD10937,O3640,P042,3,20
OD10938,O3641,P019,4,10
OD10939,O3641,P024,3,10
OD10940,O3641,P010,2,15
OD10941,O3641,P040,3,10
OD10942,O3641,P028,2,5
OD10943,O3642,P036,2,10
OD10944,O3643,P020,4,0
OD10945,O3644,P013,3,5
OD10946,O3645,P003,4,10
OD10947,O3645,P016,5,0
OD10948,O3646,P039,2,10
OD10949,O3646,P040,2,20
OD10950,O3647,P029,1,15
OD10951,O3647,P040,5,10
OD10952,O3648,P034,2,15
OD10953,O3648,P017,1,15
OD10954,O3648,P035,1,20
OD10955,O3648,P022,2,20
OD10956,O3649,P008,3,5
OD10957,O3649,P006,1,5
OD10958,O3649,P039,5,20
OD10959,O3649,P032,2,5
OD10960,O3650,P031,2,5
OD10961,O3651,P039,5,20
OD10962,O3651,P047,4,0
OD10963,O3651,P019,5,20
OD10964,O3651,P028,3,5
OD10965,O3651,P005,1,10
OD10966,O3652,P009,4,5
OD10967,O3652,P017,3,5
OD10968,O3652,P029,2,0
OD10969,O3653,P030,4,20
OD10970,O3653,P044,4,20
OD10971,O3653,P020,4,0
OD10972,O3653,P034,5,10
OD10973,O3653,P035,3,20
OD10974,O3654,P027,2,10
OD10975,O3655,P016,1,15
OD10976,O3655,P007,4,15
OD10977,O3655,P020,4,20
OD10978,O3656,P003,4,20
OD10979,O3656,P005,5,20
OD10980,O3656,P044,5,20
OD10981,O3657,P041,5,20
OD10982,O3657,P026,4,5
OD10983,O3658,P049,4,15
OD10984,O3658,P024,5,15
OD10985,O3658,P013,5,10
OD10986,O3658,P010,3,0
OD10987,O3658,P033,3,5
OD10988,O3659,P009,4,20
OD10989,O3660,P014,1,15
OD10990,O3660,P017,2,0
OD10991,O3661,P003,5,5
OD10992,O3661,P017,4,20
OD10993,O3662,P048,5,0
OD10994,O3662,P036,2,10
OD10995,O3662,P003,3,20
OD10996,O3663,P033,5,10
OD10997,O3663,P034,2,5
OD10998,O3663,P018,3,10
OD10999,O3663,P012,2,5
OD11000,O3664,P008,4,5
OD11001,O3664,P004,1,15
OD11002,O3664,P028,4,0
OD11003,O3664,P043,2,15
OD11004,O3665,P030,2,20
OD11005,O3665,P012,4,10
OD11006,O3666,P023,5,20
OD11007,O3666,P011,1,10
OD11008,O3666,P003,3,0
OD11009,O3666,P034,2,0
OD11010,O3667,P031,1,15
OD11011,O3667,P037,4,0
OD11012,O3668,P036,1,10
OD11013,O3668,P006,5,10
OD11014,O3668,P017,4,5
OD11015,O3668,P004,5,10
OD11016,O3669,P005,2,5
OD11017,O3669,P046,2,20
OD11018,O3669,P018,5,10
OD11019,O3669,P035,4,15
OD11020,O3670,P034,5,15
OD11021,O3670,P047,4,10
OD11022,O3670,P044,5,0
OD11023,O3671,P047,3,5
OD11024,O3671,P019,5,0
OD11025,O3672,P046,5,5
OD11026,O3672,P005,4,20
OD11027,O3672,P035,1,10
OD11028,O3672,P031,3,15
OD11029,O3673,P033,5,0
OD11030,O3673,P013,1,20
OD11031,O3674,P044,4,20
OD11032,O3674,P035,5,15
OD11033,O3674,P040,2,5
OD11034,O3674,P013,1,5
OD11035,O3674,P017,1,5
OD11036,O3675,P043,4,0
OD11037,O3675,P050,1,10
OD11038,O3675,P016,3,5
OD11039,O3676,P031,5,5
OD11040,O3676,P034,5,15
OD11041,O3676,P022,3,0
OD11042,O3676,P009,3,10
OD11043,O3677,P040,4,15
OD11044,O3677,P004,4,10
OD11045,O3677,P024,5,10
OD11046,O3678,P042,4,0
OD11047,O3678,P008,4,5
OD11048,O3679,P048,5,10
OD11049,O3680,P045,2,15
OD11050,O3680,P028,1,5
OD11051,O3680,P008,5,15
OD11052,O3680,P027,3,0
OD11053,O3680,P033,1,5
OD11054,O3681,P048,4,15
OD11055,O3682,P014,4,20
OD11056,O3682,P041,1,5
OD11057,O3682,P049,4,10
OD11058,O3682,P038,3,10
OD11059,O3682,P050,1,20
OD11060,O3683,P001,3,15
OD11061,O3683,P009,3,20
OD11062,O3684,P041,1,10
OD11063,O3684,P004,5,20
OD11064,O3685,P032,4,20
OD11065,O3685,P022,3,5
OD11066,O3686,P008,2,10
OD11067,O3686,P004,3,10
OD11068,O3687,P010,2,20
OD11069,O3688,P026,2,20
OD11070,O3688,P020,2,0
OD11071,O3688,P023,5,20
OD11072,O3688,P031,2,20
OD11073,O3688,P005,1,0
OD11074,O3689,P010,3,15
OD11075,O3689,P033,2,20
OD11076,O3689,P039,5,5
OD11077,O3690,P024,4,10
OD11078,O3691,P016,1,10
OD11079,O3691,P009,3,10
OD11080,O3691,P004,1,5
OD11081,O3691,P034,4,5
OD11082,O3691,P027,2,15
OD11083,O3692,P044,3,15
OD11084,O3693,P003,2,5
OD11085,O3693,P001,1,0
OD11086,O3693,P034,1,20
OD11087,O3694,P023,3,20
OD11088,O3695,P022,2,15
OD11089,O3695,P043,4,5
OD11090,O3696,P004,3,10
OD11091,O3696,P040,3,10
OD11092,O3696,P013,4,0
OD11093,O3697,P047,4,5
OD11094,O3697,P011,5,10
OD11095,O3698,P039,3,20
OD11096,O3698,P033,4,5
OD11097,O3698,P037,3,15
OD11098,O3699,P046,3,10
OD11099,O3699,P023,4,20
OD11100,O3700,P030,5,20
OD11101,O3700,P023,3,15
OD11102,O3701,P012,2,5
OD11103,O3701,P047,5,15
OD11104,O3701,P020,1,0
OD11105,O3701,P007,5,5
OD11106,O3701,P004,1,0
OD11107,O3702,P035,3,5
OD11108,O3702,P047,4,5
OD11109,O3703,P041,3,15
OD11110,O3703,P031,2,10
OD11111,O3703,P026,4,0
OD11112,O3703,P036,5,5
OD11113,O3703,P045,5,15
OD11114,O3704,P008,2,20
OD11115,O3705,P041,4,0
OD11116,O3705,P006,3,0
OD11117,O3705,P016,5,0
OD11118,O3705,P003,1,5
OD11119,O3705,P025,5,20
OD11120,O3706,P009,3,0
OD11121,O3706,P007,2,5
OD11122,O3706,P029,2,10
OD11123,O3706,P001,5,5
OD11124,O3706,P021,4,20
OD11125,O3707,P045,1,15
OD11126,O3707,P002,4,0
OD11127,O3707,P008,4,10
OD11128,O3708,P043,4,0
OD11129,O3708,P040,2,0
OD11130,O3708,P046,1,5
OD11131,O3708,P028,4,20
OD11132,O3709,P006,4,0
OD11133,O3709,P020,3,15
OD11134,O3709,P047,2,15
OD11135,O3709,P032,2,0
OD11136,O3710,P028,2,10
OD11137,O3710,P034,2,5
OD11138,O3710,P035,5,5
OD11139,O3710,P047,2,10
OD11140,O3710,P019,2,20
OD11141,O3711,P023,4,20
OD11142,O3711,P048,4,0
OD11143,O3711,P032,5,10
OD11144,O3711,P004,5,15
OD11145,O3712,P017,1,10
OD11146,O3712,P004,1,20
OD11147,O3713,P048,3,0
OD11148,O3713,P002,2,0
OD11149,O3713,P038,1,10
OD11150,O3713,P031,2,0
OD11151,O3714,P006,4,20
OD11152,O3714,P008,1,20
OD11153,O3715,P045,2,20
OD11154,O3715,P022,3,20
OD11155,O3715,P029,3,15
OD11156,O3715,P034,2,20
OD11157,O3716,P029,4,10
OD11158,O3717,P012,1,15
OD11159,O3717,P002,4,15
OD11160,O3718,P002,5,15
OD11161,O3718,P025,2,10
OD11162,O3718,P042,5,20
OD11163,O3718,P049,1,5
OD11164,O3718,P006,3,20
OD11165,O3719,P026,4,10
OD11166,O3719,P027,2,0
OD11167,O3719,P011,3,20
OD11168,O3720,P010,4,15
OD11169,O3720,P044,5,5
OD11170,O3720,P004,4,15
OD11171,O3720,P018,5,20
OD11172,O3720,P008,1,15
OD11173,O3721,P036,5,20
OD11174,O3721,P002,1,20
OD11175,O3721,P045,1,20
OD11176,O3722,P003,4,5
OD11177,O3722,P009,1,15
OD11178,O3722,P022,5,15
OD11179,O3723,P036,5,20
OD11180,O3723,P041,5,20
OD11181,O3723,P017,1,10
OD11182,O3723,P050,3,20
OD11183,O3724,P019,5,0
OD11184,O3724,P033,4,15
OD11185,O3724,P042,2,10
OD11186,O3725,P016,3,20
OD11187,O3725,P003,3,20
OD11188,O3725,P025,1,5
OD11189,O3725,P048,5,5
OD11190,O3726,P041,4,15
OD11191,O3726,P018,4,5
OD11192,O3726,P002,3,20
OD11193,O3726,P005,4,15
OD11194,O3727,P014,1,20
OD11195,O3727,P045,5,10
OD11196,O3727,P041,4,10
OD11197,O3728,P005,5,10
OD11198,O3728,P020,4,0
OD11199,O3729,P024,2,0
OD11200,O3729,P037,2,0
OD11201,O3729,P041,4,15
OD11202,O3729,P040,3,5
OD11203,O3730,P035,2,15
OD11204,O3730,P043,3,5
OD11205,O3730,P010,4,10
OD11206,O3730,P008,4,5
OD11207,O3730,P030,5,15
OD11208,O3731,P005,3,15
OD11209,O3732,P012,3,15
OD11210,O3732,P008,5,0
OD11211,O3732,P016,4,20
OD11212,O3732,P015,2,0
OD11213,O3732,P031,3,0
OD11214,O3733,P046,5,20
OD11215,O3733,P033,5,15
OD11216,O3733,P028,2,15
OD11217,O3733,P042,3,5
OD11218,O3733,P023,4,20
OD11219,O3734,P008,5,15
OD11220,O3734,P031,3,15
OD11221,O3734,P035,3,10
OD11222,O3735,P019,1,10
OD11223,O3735,P007,3,20
OD11224,O3735,P025,5,5
OD11225,O3735,P016,5,20
OD11226,O3736,P004,5,5
OD11227,O3736,P045,5,20
OD11228,O3736,P017,1,0
OD11229,O3736,P048,2,20
OD11230,O3737,P043,1,0
OD11231,O3737,P022,5,10
OD11232,O3737,P037,2,10
OD11233,O3737,P032,5,20
OD11234,O3738,P045,4,0
OD11235,O3738,P015,3,20
OD11236,O3738,P025,4,15
OD11237,O3739,P021,1,5
OD11238,O3739,P017,5,10
OD11239,O3739,P016,5,5
OD11240,O3739,P022,1,5
OD11241,O3739,P044,2,10
OD11242,O3740,P031,4,15
OD11243,O3740,P012,5,15
OD11244,O3740,P009,4,0
OD11245,O3741,P012,5,20
OD11246,O3741,P018,1,20
OD11247,O3741,P024,3,5
OD11248,O3741,P041,4,15
OD11249,O3742,P046,2,15
OD11250,O3742,P026,5,0
OD11251,O3742,P024,5,10
OD11252,O3742,P020,3,10
OD11253,O3742,P044,5,20
OD11254,O3743,P039,2,5
OD11255,O3744,P024,5,5
OD11256,O3745,P026,1,0
OD11257,O3745,P050,3,10
OD11258,O3745,P013,3,20
OD11259,O3746,P050,2,5
OD11260,O3747,P008,3,5
OD11261,O3747,P014,5,0
OD11262,O3747,P041,2,0
OD11263,O3748,P002,2,20
OD11264,O3748,P019,4,5
OD11265,O3749,P031,5,5
OD11266,O3749,P026,4,10
OD11267,O3750,P019,2,0
OD11268,O3750,P032,2,10
OD11269,O3751,P017,1,15
OD11270,O3751,P046,2,15
OD11271,O3751,P006,3,15
OD11272,O3751,P029,4,0
OD11273,O3751,P048,5,5
OD11274,O3752,P023,2,10
OD11275,O3752,P030,5,10
OD11276,O3753,P046,5,15
OD11277,O3753,P027,5,15
OD11278,O3753,P026,4,10
OD11279,O3753,P047,1,10
OD11280,O3753,P017,2,10
OD11281,O3754,P001,2,0
OD11282,O3754,P048,4,15
OD11283,O3754,P019,5,20
OD11284,O3754,P034,2,15
OD11285,O3754,P020,3,10
OD11286,O3755,P003,4,15
OD11287,O3755,P036,4,20
OD11288,O3755,P016,1,15
OD11289,O3755,P048,1,10
OD11290,O3755,P038,1,0
OD11291,O3756,P034,4,5
OD11292,O3756,P028,1,0
OD11293,O3757,P047,1,0
OD11294,O3757,P042,3,0
OD11295,O3757,P018,5,15
OD11296,O3757,P040,4,15
OD11297,O3758,P043,5,0
OD11298,O3758,P048,5,15
OD11299,O3758,P050,1,5
OD11300,O3759,P044,1,10
OD11301,O3760,P041,4,0
OD11302,O3760,P019,4,5
OD11303,O3761,P003,1,5
OD11304,O3761,P019,2,0
OD11305,O3761,P025,1,5
OD11306,O3761,P033,3,10
OD11307,O3761,P043,2,15
OD11308,O3762,P048,4,20
OD11309,O3762,P044,2,20
OD11310,O3763,P008,2,20
OD11311,O3763,P006,5,5
OD11312,O3763,P040,1,5
OD11313,O3764,P021,4,20
OD11314,O3764,P024,2,20
OD11315,O3764,P032,2,0
OD11316,O3765,P019,1,20
OD11317,O3766,P014,3,15
OD11318,O3766,P006,3,0
OD11319,O3766,P031,3,10
OD11320,O3766,P020,2,5
OD11321,O3766,P016,1,15
OD11322,O3767,P022,1,15
OD11323,O3768,P016,4,10
OD11324,O3768,P028,4,20
OD11325,O3768,P005,3,5
OD11326,O3769,P048,3,5
OD11327,O3770,P029,2,10
OD11328,O3771,P009,5,20
OD11329,O3771,P019,4,5
OD11330,O3771,P013,4,10
OD11331,O3771,P033,2,15
OD11332,O3772,P047,3,10
OD11333,O3772,P038,2,0
OD11334,O3772,P026,2,20
OD11335,O3773,P043,5,20
OD11336,O3774,P033,5,10
OD11337,O3774,P050,3,15
OD11338,O3774,P016,2,0
OD11339,O3775,P020,4,15
OD11340,O3775,P003,3,10
OD11341,O3775,P006,4,10
OD11342,O3776,P039,5,10
OD11343,O3776,P047,4,20
OD11344,O3776,P012,3,0
OD11345,O3776,P013,5,0
OD11346,O3776,P019,2,15
OD11347,O3777,P008,5,20
OD11348,O3777,P001,5,20
OD11349,O3777,P006,5,0
OD11350,O3778,P031,1,20
OD11351,O3778,P021,1,5
OD11352,O3778,P007,3,5
OD11353,O3778,P041,5,10
OD11354,O3779,P021,1,15
OD11355,O3780,P029,1,10
OD11356,O3780,P018,2,15
OD11357,O3780,P006,3,10
OD11358,O3780,P040,4,20
OD11359,O3781,P042,4,0
OD11360,O3781,P023,2,5
OD11361,O3782,P025,4,5
OD11362,O3782,P010,2,5
OD11363,O3782,P001,2,5
OD11364,O3783,P025,2,15
OD11365,O3783,P040,4,0
OD11366,O3783,P039,3,20
OD11367,O3784,P046,4,0
OD11368,O3784,P032,4,15
OD11369,O3784,P021,4,15
OD11370,O3784,P005,4,20
OD11371,O3785,P046,2,15
OD11372,O3785,P018,1,15
OD11373,O3786,P015,4,10
OD11374,O3786,P007,4,0
OD11375,O3786,P038,4,0
OD11376,O3786,P009,2,0
OD11377,O3787,P040,5,0
OD11378,O3787,P039,5,20
OD11379,O3787,P044,3,15
OD11380,O3787,P027,1,5
OD11381,O3788,P043,2,5
OD11382,O3789,P014,1,10
OD11383,O3789,P011,4,20
OD11384,O3789,P008,1,15
OD11385,O3789,P006,1,10
OD11386,O3789,P035,3,5
OD11387,O3790,P045,4,0
OD11388,O3790,P029,1,0
OD11389,O3791,P012,1,10
OD11390,O3791,P006,2,15
OD11391,O3791,P022,3,5
OD11392,O3792,P040,4,20
OD11393,O3793,P044,4,10
OD11394,O3794,P018,5,0
OD11395,O3794,P020,4,15
OD11396,O3795,P027,4,0
OD11397,O3795,P024,5,5
OD11398,O3796,P044,2,10
OD11399,O3796,P019,4,20
OD11400,O3796,P043,2,0
OD11401,O3796,P022,3,5
OD11402,O3797,P046,4,15
OD11403,O3797,P028,1,15
OD11404,O3797,P034,5,5
OD11405,O3797,P040,3,15
OD11406,O3798,P016,3,5
OD11407,O3799,P045,1,0
OD11408,O3799,P038,1,15
OD11409,O3799,P048,2,10
OD11410,O3799,P041,1,0
OD11411,O3799,P046,5,5
OD11412,O3800,P045,2,20
OD11413,O3800,P042,1,0
OD11414,O3800,P037,4,0
OD11415,O3800,P046,3,5
OD11416,O3801,P041,3,20
OD11417,O3801,P008,2,20
OD11418,O3802,P004,2,0
OD11419,O3802,P039,1,5
OD11420,O3802,P043,2,20
OD11421,O3803,P015,5,0
OD11422,O3803,P020,1,0
OD11423,O3804,P030,2,10
OD11424,O3804,P004,5,20
OD11425,O3804,P005,5,5
OD11426,O3804,P032,2,0
OD11427,O3805,P036,5,10
OD11428,O3805,P004,4,20
OD11429,O3805,P007,1,5
OD11430,O3805,P011,1,0
OD11431,O3806,P019,5,20
OD11432,O3806,P031,2,20
OD11433,O3806,P027,3,5
OD11434,O3806,P028,5,5
OD11435,O3806,P036,1,5
OD11436,O3807,P038,3,0
OD11437,O3807,P041,3,5
OD11438,O3807,P029,3,20
OD11439,O3808,P044,5,20
OD11440,O3808,P004,4,10
OD11441,O3809,P044,1,20
OD11442,O3809,P035,3,0
OD11443,O3810,P043,4,15
OD11444,O3810,P025,3,5
OD11445,O3810,P005,5,15
OD11446,O3811,P010,2,20
OD11447,O3811,P021,1,15
OD11448,O3811,P011,5,20
OD11449,O3811,P019,4,10
OD11450,O3811,P024,2,10
OD11451,O3812,P016,5,20
OD11452,O3813,P022,1,15
OD11453,O3813,P035,5,10
OD11454,O3813,P005,1,15
OD11455,O3813,P046,5,10
OD11456,O3813,P015,4,10
OD11457,O3814,P042,2,15
OD11458,O3814,P008,2,10
OD11459,O3814,P021,2,0
OD11460,O3815,P011,4,0
OD11461,O3816,P022,2,15
OD11462,O3816,P013,5,0
OD11463,O3816,P046,2,20
OD11464,O3817,P025,2,20
OD11465,O3818,P022,3,15
OD11466,O3818,P050,4,15
OD11467,O3818,P006,2,0
OD11468,O3818,P046,4,20
OD11469,O3819,P041,2,15
OD11470,O3820,P010,3,15
OD11471,O3820,P043,5,20
OD11472,O3820,P023,5,5
OD11473,O3820,P040,5,10
OD11474,O3820,P030,4,5
OD11475,O3821,P050,2,0
OD11476,O3822,P018,3,15
OD11477,O3822,P011,4,5
OD11478,O3822,P009,5,10
OD11479,O3822,P015,2,10
OD11480,O3822,P049,5,10
OD11481,O3823,P002,3,15
OD11482,O3823,P045,3,0
OD11483,O3823,P022,2,15
OD11484,O3823,P038,2,5
OD11485,O3824,P042,5,15
OD11486,O3824,P002,1,20
OD11487,O3825,P028,5,5
OD11488,O3826,P032,3,15
OD11489,O3826,P043,4,20
OD11490,O3826,P017,3,0
OD11491,O3827,P011,3,20
OD11492,O3827,P023,2,20
OD11493,O3827,P028,2,0
OD11494,O3827,P005,1,20
OD11495,O3828,P038,5,10
OD11496,O3829,P036,3,5
OD11497,O3829,P037,1,5
OD11498,O3829,P025,4,0
OD11499,O3829,P002,3,15
OD11500,O3830,P048,5,0
OD11501,O3830,P024,5,20
OD11502,O3830,P037,4,5
OD11503,O3830,P002,1,0
OD11504,O3831,P050,3,20
OD11505,O3831,P017,2,10
OD11506,O3831,P034,3,10
OD11507,O3831,P022,3,0
OD11508,O3832,P028,2,0
OD11509,O3832,P025,5,0
OD11510,O3832,P011,3,5
OD11511,O3832,P005,2,20
OD11512,O3833,P024,5,0
OD11513,O3833,P013,2,15
OD11514,O3834,P019,4,0
OD11515,O3834,P042,1,5
OD11516,O3834,P038,4,20
OD11517,O3835,P045,1,20
OD11518,O3835,P040,2,0
OD11519,O3835,P003,3,10
OD11520,O3835,P047,3,10
OD11521,O3835,P026,4,10
OD11522,O3836,P020,5,20
OD11523,O3836,P017,2,20
OD11524,O3836,P040,1,0
OD11525,O3836,P026,2,5
OD11526,O3837,P038,2,10
OD11527,O3837,P047,5,20
OD11528,O3838,P034,4,20
OD11529,O3838,P035,1,0
OD11530,O3838,P017,1,0
OD11531,O3839,P036,5,15
OD11532,O3839,P037,1,15
OD11533,O3840,P031,4,15
OD11534,O3840,P038,1,20
OD11535,O3841,P033,4,15
OD11536,O3841,P036,1,10
OD11537,O3841,P002,4,10
OD11538,O3841,P044,4,10
OD11539,O3842,P010,3,10
OD11540,O3842,P048,1,10
OD11541,O3842,P042,1,5
OD11542,O3843,P013,1,0
OD11543,O3843,P006,1,0
OD11544,O3844,P022,1,20
OD11545,O3844,P046,4,5
OD11546,O3845,P030,5,5
OD11547,O3845,P016,2,20
OD11548,O3845,P011,3,5
OD11549,O3845,P003,1,5
OD11550,O3846,P009,3,15
OD11551,O3846,P003,3,0
OD11552,O3846,P001,4,10
OD11553,O3847,P044,5,0
OD11554,O3847,P045,4,20
OD11555,O3847,P049,3,0
OD11556,O3847,P021,1,0
OD11557,O3848,P030,5,5
OD11558,O3848,P039,2,10
OD11559,O3848,P050,1,5
OD11560,O3848,P044,3,5
OD11561,O3849,P025,3,5
OD11562,O3849,P008,5,0
OD11563,O3849,P047,5,0
OD11564,O3849,P009,2,20
OD11565,O3849,P015,4,20
OD11566,O3850,P031,4,15
OD11567,O3850,P024,3,20
OD11568,O3850,P001,5,20
OD11569,O3851,P024,4,15
OD11570,O3851,P033,3,20
OD11571,O3851,P039,5,15
OD11572,O3851,P017,1,10
OD11573,O3852,P050,4,5
OD11574,O3852,P035,2,0
OD11575,O3853,P038,4,15
OD11576,O3853,P025,3,15
OD11577,O3853,P041,3,20
OD11578,O3854,P010,2,0
OD11579,O3854,P012,2,5
OD11580,O3854,P018,2,20
OD11581,O3855,P007,5,10
OD11582,O3855,P036,4,10
OD11583,O3855,P003,4,0
OD11584,O3856,P027,1,15
OD11585,O3856,P006,2,5
OD11586,O3856,P010,1,10
OD11587,O3856,P001,5,5
OD11588,O3856,P044,2,0
OD11589,O3857,P012,2,10
OD11590,O3857,P019,4,5
OD11591,O3857,P030,3,15
OD11592,O3857,P047,3,0
OD11593,O3857,P029,3,0
OD11594,O3858,P006,1,5
OD11595,O3859,P028,4,10
OD11596,O3859,P025,5,15
OD11597,O3859,P039,3,15
OD11598,O3860,P030,5,0
OD11599,O3860,P032,2,0
OD11600,O3860,P008,2,5
OD11601,O3860,P003,4,15
OD11602,O3860,P016,4,15
OD11603,O3861,P013,5,0
OD11604,O3861,P042,5,5
OD11605,O3861,P029,1,5
OD11606,O3861,P019,3,0
OD11607,O3861,P033,2,5
OD11608,O3862,P046,1,20
OD11609,O3862,P011,3,20
OD11610,O3862,P001,1,15
OD11611,O3863,P002,4,10
OD11612,O3863,P023,3,10
OD11613,O3863,P024,4,20
OD11614,O3863,P001,3,5
OD11615,O3864,P022,5,5
OD11616,O3864,P015,3,20
OD11617,O3864,P021,1,0
OD11618,O3865,P020,3,0
OD11619,O3865,P041,5,15
OD11620,O3865,P038,2,10
OD11621,O3866,P042,5,10
OD11622,O3867,P017,5,0
OD11623,O3868,P021,5,20
OD11624,O3868,P004,5,5
OD11625,O3868,P009,5,10
OD11626,O3868,P008,5,10
OD11627,O3869,P049,5,15
OD11628,O3869,P005,3,5
OD11629,O3869,P012,5,0
OD11630,O3869,P002,5,15
OD11631,O3869,P035,4,5
OD11632,O3870,P014,4,0
OD11633,O3870,P020,2,10
OD11634,O3871,P046,1,20
OD11635,O3872,P025,2,20
OD11636,O3873,P036,2,5
OD11637,O3873,P028,3,15
OD11638,O3873,P006,1,5
OD11639,O3873,P011,2,15
OD11640,O3874,P021,4,15
OD11641,O3874,P027,1,0
OD11642,O3874,P022,4,5
OD11643,O3874,P034,2,10
OD11644,O3875,P014,3,20
OD11645,O3876,P048,3,15
OD11646,O3876,P013,4,5
OD11647,O3876,P008,5,0
OD11648,O3876,P030,3,5
OD11649,O3876,P032,1,0
OD11650,O3877,P027,5,20
OD11651,O3877,P024,5,10
OD11652,O3877,P021,4,0
OD11653,O3878,P041,5,0
OD11654,O3878,P033,3,10
OD11655,O3878,P050,1,5
OD11656,O3878,P039,1,10
OD11657,O3878,P047,5,10
OD11658,O3879,P025,1,10
OD11659,O3880,P034,4,15
OD11660,O3880,P014,1,20
OD11661,O3880,P046,3,20
OD11662,O3880,P022,4,20
OD11663,O3881,P048,4,0
OD11664,O3881,P033,1,20
OD11665,O3881,P035,2,5
OD11666,O3881,P008,4,10
OD11667,O3881,P029,2,10
OD11668,O3882,P028,4,5
OD11669,O3882,P029,1,0
OD11670,O3882,P043,1,15
OD11671,O3882,P016,3,20
OD11672,O3883,P015,1,5
OD11673,O3884,P010,1,15
OD11674,O3885,P046,3,15
OD11675,O3885,P004,1,10
OD11676,O3885,P028,3,20
OD11677,O3885,P044,1,15
OD11678,O3886,P034,2,10
OD11679,O3886,P030,5,10
OD11680,O3886,P004,3,10
OD11681,O3886,P038,4,15
OD11682,O3886,P050,1,20
OD11683,O3887,P035,2,10
OD11684,O3887,P013,2,10
OD11685,O3888,P033,4,15
OD11686,O3889,P028,2,5
OD11687,O3889,P025,3,5
OD11688,O3889,P013,5,20
OD11689,O3890,P049,1,20
OD11690,O3890,P006,4,10
OD11691,O3890,P039,3,20
OD11692,O3890,P015,3,15
OD11693,O3891,P031,1,15
OD11694,O3891,P023,3,15
OD11695,O3891,P049,4,5
OD11696,O3891,P014,3,20
OD11697,O3892,P046,4,0
OD11698,O3892,P023,3,0
OD11699,O3893,P003,2,15
OD11700,O3894,P025,5,15
OD11701,O3894,P040,2,5
OD11702,O3894,P028,3,0
OD11703,O3894,P001,2,5
OD11704,O3895,P016,3,10
OD11705,O3895,P005,3,10
OD11706,O3895,P008,4,10
OD11707,O3895,P039,1,0
OD11708,O3896,P012,3,10
OD11709,O3896,P050,3,0
OD11710,O3896,P045,4,20
OD11711,O3896,P018,3,15
OD11712,O3897,P004,1,10
OD11713,O3897,P033,2,5
OD11714,O3897,P049,5,20
OD11715,O3897,P042,2,10
OD11716,O3897,P048,1,20
OD11717,O3898,P045,1,15
OD11718,O3898,P009,1,0
OD11719,O3899,P009,3,0
OD11720,O3899,P031,3,10
OD11721,O3900,P003,3,5
OD11722,O3900,P037,5,15
OD11723,O3900,P040,1,20
OD11724,O3901,P035,4,15
OD11725,O3902,P018,1,20
OD11726,O3902,P004,3,15
OD11727,O3902,P025,4,10
OD11728,O3902,P035,4,0
OD11729,O3902,P003,1,15
OD11730,O3903,P001,4,20
OD11731,O3903,P006,3,5
OD11732,O3903,P035,1,10
OD11733,O3903,P011,4,0
OD11734,O3903,P046,1,10
OD11735,O3904,P034,4,20
OD11736,O3904,P002,2,10
OD11737,O3904,P017,2,5
OD11738,O3904,P026,2,15
OD11739,O3905,P046,1,10
OD11740,O3906,P007,2,15
OD11741,O3907,P034,2,15
OD11742,O3907,P002,4,15
OD11743,O3907,P037,5,20
OD11744,O3907,P039,2,20
OD11745,O3908,P010,2,20
OD11746,O3908,P004,5,20
OD11747,O3908,P045,4,0
OD11748,O3909,P043,2,0
OD11749,O3909,P019,4,15
OD11750,O3909,P032,1,5
OD11751,O3910,P022,1,15
OD11752,O3910,P024,5,0
OD11753,O3910,P021,2,15
OD11754,O3911,P047,3,10
OD11755,O3912,P044,5,10
OD11756,O3912,P031,5,10
OD11757,O3912,P018,3,0
OD11758,O3912,P007,1,0
OD11759,O3912,P001,4,15
OD11760,O3913,P013,5,0
OD11761,O3913,P049,2,5
OD11762,O3913,P032,1,0
OD11763,O3913,P031,3,15
OD11764,O3914,P033,3,0
OD11765,O3914,P020,3,20
OD11766,O3914,P012,2,15
OD11767,O3915,P031,2,0
OD11768,O3915,P015,1,0
OD11769,O3916,P048,1,5
OD11770,O3916,P044,2,10
OD11771,O3917,P040,3,10
OD11772,O3917,P017,2,5
OD11773,O3917,P026,4,15
OD11774,O3917,P001,2,5
OD11775,O3917,P041,3,0
OD11776,O3918,P049,1,15
OD11777,O3919,P017,2,15
OD11778,O3919,P032,2,15
OD11779,O3919,P028,4,20
OD11780,O3919,P044,4,20
OD11781,O3920,P037,3,20
OD11782,O3920,P025,2,20
OD11783,O3920,P042,3,15
OD11784,O3920,P035,2,5
OD11785,O3921,P042,5,0
OD11786,O3921,P037,5,0
OD11787,O3922,P033,1,15
OD11788,O3922,P005,3,5
OD11789,O3923,P011,3,20
OD11790,O3923,P045,4,20
OD11791,O3923,P029,3,5
OD11792,O3924,P040,5,0
OD11793,O3924,P037,2,0
OD11794,O3925,P031,5,15
OD11795,O3925,P041,3,0
OD11796,O3925,P045,2,20
OD11797,O3926,P012,2,5
OD11798,O3927,P022,4,15
OD11799,O3928,P029,1,15
OD11800,O3928,P008,4,5
OD11801,O3928,P011,3,10
OD11802,O3929,P033,5,0
OD11803,O3930,P034,1,20
OD11804,O3930,P029,3,0
OD11805,O3930,P003,1,20
OD11806,O3930,P044,3,15
OD11807,O3931,P012,4,20
OD11808,O3931,P033,5,5
OD11809,O3931,P047,2,0
OD11810,O3931,P038,5,20
OD11811,O3931,P001,5,5
OD11812,O3932,P050,1,15
OD11813,O3933,P022,5,10
OD11814,O3933,P043,1,20
OD11815,O3933,P042,1,10
OD11816,O3933,P049,5,0
OD11817,O3933,P047,4,0
OD11818,O3934,P017,4,5
OD11819,O3934,P041,5,5
OD11820,O3934,P006,3,0
OD11821,O3934,P039,4,5
OD11822,O3935,P013,3,10
OD11823,O3935,P023,3,5
OD11824,O3936,P011,4,10
OD11825,O3936,P027,3,10
OD11826,O3936,P020,5,5
OD11827,O3936,P002,1,10
OD11828,O3937,P048,3,5
OD11829,O3938,P041,1,5
OD11830,O3938,P016,4,15
OD11831,O3938,P026,2,10
OD11832,O3938,P013,5,0
OD11833,O3938,P001,4,15
OD11834,O3939,P010,5,10
OD11835,O3940,P046,2,20
OD11836,O3940,P017,2,15
OD11837,O3941,P028,4,0
OD11838,O3941,P037,1,20
OD11839,O3941,P027,1,15
OD11840,O3942,P035,3,15
OD11841,O3942,P022,2,20
OD11842,O3942,P012,4,10
OD11843,O3943,P048,4,10
OD11844,O3943,P031,1,0
OD11845,O3943,P034,1,0
OD11846,O3943,P005,1,20
OD11847,O3944,P031,2,20
OD11848,O3944,P009,4,10
OD11849,O3944,P007,1,10
OD11850,O3944,P045,5,0
OD11851,O3944,P043,2,0
OD11852,O3945,P032,5,10
OD11853,O3946,P019,5,5
OD11854,O3946,P037,4,20
OD11855,O3946,P040,2,15
OD11856,O3946,P042,5,0
OD11857,O3947,P015,1,15
OD11858,O3947,P016,5,15
OD11859,O3948,P013,3,10
OD11860,O3948,P048,5,10
OD11861,O3948,P024,3,5
OD11862,O3949,P014,1,0
OD11863,O3949,P013,2,20
OD11864,O3949,P001,4,0
OD11865,O3950,P009,2,0
OD11866,O3950,P031,4,20
OD11867,O3951,P022,3,15
OD11868,O3952,P043,4,20
OD11869,O3952,P003,1,15
OD11870,O3953,P045,1,0
OD11871,O3953,P007,2,0
OD11872,O3953,P034,2,5
OD11873,O3953,P023,5,5
OD11874,O3953,P026,4,0
OD11875,O3954,P036,3,20
OD11876,O3954,P033,4,10
OD11877,O3954,P043,1,10
OD11878,O3955,P034,2,10
OD11879,O3955,P004,5,0
OD11880,O3956,P041,3,5
OD11881,O3956,P015,4,20
OD11882,O3956,P021,1,0
OD11883,O3957,P045,1,0
OD11884,O3957,P034,5,0
OD11885,O3957,P032,5,15
OD11886,O3957,P002,3,20
OD11887,O3958,P008,1,10
OD11888,O3959,P041,5,10
OD11889,O3959,P026,5,5
OD11890,O3959,P014,5,20
OD11891,O3959,P016,5,20
OD11892,O3960,P003,5,15
OD11893,O3960,P014,1,10
OD11894,O3960,P024,5,10
OD11895,O3960,P041,4,20
OD11896,O3961,P034,2,10
OD11897,O3961,P029,1,20
OD11898,O3961,P041,4,10
OD11899,O3962,P039,5,10
OD11900,O3962,P030,3,10
OD11901,O3963,P015,4,5
OD11902,O3963,P038,2,10
OD11903,O3963,P045,3,5
OD11904,O3963,P024,1,15
OD11905,O3964,P020,5,0
OD11906,O3964,P010,3,20
OD11907,O3964,P040,1,10
OD11908,O3965,P046,4,5
OD11909,O3965,P041,2,10
OD11910,O3965,P009,2,15
OD11911,O3966,P011,5,20
OD11912,O3966,P045,5,10
OD11913,O3966,P036,3,20
OD11914,O3966,P021,1,15
OD11915,O3967,P005,4,0
OD11916,O3967,P004,3,10
OD11917,O3968,P009,4,20
OD11918,O3968,P031,5,5
OD11919,O3968,P030,4,5
OD11920,O3968,P013,3,15
OD11921,O3968,P019,3,20
OD11922,O3969,P041,5,10
OD11923,O3969,P007,1,10
OD11924,O3969,P029,5,15
OD11925,O3969,P014,1,15
OD11926,O3969,P036,1,20
OD11927,O3970,P016,3,20
OD11928,O3970,P048,4,15
OD11929,O3970,P004,2,0
OD11930,O3970,P007,4,5
OD11931,O3970,P032,1,0
OD11932,O3971,P029,1,10
OD11933,O3971,P035,3,5
OD11934,O3972,P014,1,0
OD11935,O3972,P034,4,10
OD11936,O3972,P030,1,15
OD11937,O3972,P003,4,10
OD11938,O3972,P028,5,5
OD11939,O3973,P022,5,0
OD11940,O3973,P003,1,5
OD11941,O3973,P032,5,20
OD11942,O3974,P024,5,0
OD11943,O3974,P009,3,20
OD11944,O3974,P032,5,5
OD11945,O3974,P044,4,0
OD11946,O3974,P006,3,5
OD11947,O3975,P014,5,0
OD11948,O3975,P046,2,20
OD11949,O3975,P020,2,5
OD11950,O3975,P030,4,5
OD11951,O3976,P034,4,10
OD11952,O3976,P039,2,15
OD11953,O3976,P009,3,20
OD11954,O3977,P032,5,10
OD11955,O3978,P047,4,20
OD11956,O3978,P021,4,5
OD11957,O3978,P037,5,0
OD11958,O3978,P011,1,15
OD11959,O3979,P045,4,20
OD11960,O3979,P035,1,5
OD11961,O3980,P019,5,5
OD11962,O3980,P011,2,20
OD11963,O3980,P006,3,0
OD11964,O3981,P002,3,10
OD11965,O3981,P042,5,5
OD11966,O3981,P021,3,10
OD11967,O3982,P012,1,0
OD11968,O3982,P015,5,5
OD11969,O3982,P042,5,10
OD11970,O3982,P040,1,15
OD11971,O3983,P025,4,15
OD11972,O3983,P002,4,5
OD11973,O3984,P030,5,5
OD11974,O3985,P026,4,10
OD11975,O3986,P027,4,15
OD11976,O3986,P001,2,0
OD11977,O3986,P011,2,10
OD11978,O3986,P022,5,5
OD11979,O3987,P036,5,15
OD11980,O3987,P001,2,10
OD11981,O3988,P037,2,10
OD11982,O3988,P023,1,0
OD11983,O3988,P039,5,15
OD11984,O3988,P042,1,10
OD11985,O3988,P016,1,20
OD11986,O3989,P002,4,15
OD11987,O3990,P017,3,10
OD11988,O3990,P009,2,10
OD11989,O3990,P024,2,15
OD11990,O3991,P013,5,20
OD11991,O3992,P011,4,20
OD11992,O3992,P003,1,20
OD11993,O3992,P029,4,20
OD11994,O3992,P033,5,15
OD11995,O3992,P001,4,5
OD11996,O3993,P037,3,0
OD11997,O3993,P043,1,0
OD11998,O3994,P036,4,0
OD11999,O3994,P044,4,20
OD12000,O3994,P039,2,20
OD12001,O3995,P020,2,10
OD12002,O3995,P049,2,20
OD12003,O3996,P029,2,15
OD12004,O3997,P045,5,15
OD12005,O3997,P049,3,0
OD12006,O3997,P025,4,10
OD12007,O3997,P042,2,0
OD12008,O3998,P032,1,0
OD12009,O3998,P009,1,10
OD12010,O3998,P036,4,10
OD12011,O3998,P026,4,10
OD12012,O3999,P003,3,0
OD12013,O3999,P023,2,0
OD12014,O4000,P035,2,15
OD12015,O4000,P004,3,20
OD12016,O4000,P019,1,15
OD12017,O4000,P050,3,5
OD12018,O4000,P038,2,10
OD12019,O4001,P029,5,10
OD12020,O4002,P027,2,10
OD12021,O4002,P034,1,0
OD12022,O4002,P050,2,0
OD12023,O4003,P025,4,20
OD12024,O4003,P022,3,20
OD12025,O4003,P037,1,20
OD12026,O4003,P014,2,10
OD12027,O4004,P047,2,5
OD12028,O4004,P006,2,10
OD12029,O4004,P007,5,10
OD12030,O4005,P017,3,20
OD12031,O4006,P044,3,10
OD12032,O4006,P042,4,10
OD12033,O4006,P012,1,5
OD12034,O4007,P035,3,20
OD12035,O4007,P048,4,10
OD12036,O4007,P008,1,5
OD12037,O4007,P047,3,20
OD12038,O4007,P033,1,10
OD12039,O4008,P048,3,15
OD12040,O4008,P029,4,15
OD12041,O4008,P022,3,10
OD12042,O4008,P016,2,20
OD12043,O4008,P032,5,5
OD12044,O4009,P014,2,20
OD12045,O4009,P019,2,0
OD12046,O4009,P041,1,0
OD12047,O4009,P043,5,5
OD12048,O4010,P006,3,20
OD12049,O4010,P022,4,10
OD12050,O4010,P035,3,0
OD12051,O4010,P023,5,5
OD12052,O4010,P009,2,10
OD12053,O4011,P036,4,15
OD12054,O4012,P036,1,10
OD12055,O4012,P033,1,15
OD12056,O4012,P026,3,0
OD12057,O4012,P047,5,20
OD12058,O4012,P028,5,15
OD12059,O4013,P002,3,0
OD12060,O4014,P025,1,5
OD12061,O4014,P028,5,0
OD12062,O4015,P046,1,10
OD12063,O4015,P019,3,20
OD12064,O4016,P024,3,5
OD12065,O4017,P011,5,20
OD12066,O4018,P015,4,5
OD12067,O4018,P024,4,5
OD12068,O4018,P027,1,10
OD12069,O4018,P031,3,20
OD12070,O4018,P043,2,0
OD12071,O4019,P043,4,10
OD12072,O4019,P040,5,5
OD12073,O4019,P005,5,0
OD12074,O4019,P022,3,20
OD12075,O4020,P005,2,0
OD12076,O4020,P018,4,15
OD12077,O4020,P041,5,5
OD12078,O4020,P011,3,0
OD12079,O4020,P040,2,15
OD12080,O4021,P011,3,5
OD12081,O4021,P043,1,20
OD12082,O4021,P007,3,5
OD12083,O4021,P030,3,5
OD12084,O4022,P014,3,20
OD12085,O4022,P015,3,10
OD12086,O4022,P011,1,5
OD12087,O4023,P050,4,10
OD12088,O4023,P031,3,0
OD12089,O4023,P035,1,15
OD12090,O4023,P003,4,5
OD12091,O4024,P049,5,0
OD12092,O4025,P022,3,0
OD12093,O4025,P001,2,0
OD12094,O4025,P027,3,0
OD12095,O4025,P020,2,15
OD12096,O4026,P047,3,20
OD12097,O4027,P021,3,10
OD12098,O4027,P012,1,0
OD12099,O4027,P027,1,15
OD12100,O4028,P048,5,15
OD12101,O4028,P014,4,0
OD12102,O4028,P043,1,0
OD12103,O4028,P036,1,15
OD12104,O4029,P020,3,10
OD12105,O4029,P049,2,15
OD12106,O4029,P010,1,20
OD12107,O4030,P024,4,5
OD12108,O4030,P048,3,10
OD12109,O4030,P031,4,5
OD12110,O4030,P047,4,5
OD12111,O4031,P040,3,0
OD12112,O4031,P025,4,5
OD12113,O4031,P024,4,15
OD12114,O4032,P036,5,10
OD12115,O4033,P001,1,10
OD12116,O4033,P013,2,0
OD12117,O4033,P010,2,15
OD12118,O4033,P033,5,15
OD12119,O4033,P027,3,20
OD12120,O4034,P050,4,10
OD12121,O4034,P001,2,10
OD12122,O4034,P010,5,5
OD12123,O4035,P042,5,20
OD12124,O4035,P035,1,10
OD12125,O4035,P011,4,5
OD12126,O4035,P005,2,15
OD12127,O4035,P012,4,15
OD12128,O4036,P048,4,5
OD12129,O4036,P002,1,10
OD12130,O4036,P026,1,20
OD12131,O4037,P004,2,20
OD12132,O4037,P038,1,20
OD12133,O4038,P033,1,10
OD12134,O4038,P026,2,0
OD12135,O4039,P039,5,15
OD12136,O4039,P010,4,20
OD12137,O4039,P007,3,0
OD12138,O4039,P028,5,20
OD12139,O4039,P002,2,15
OD12140,O4040,P003,1,15
OD12141,O4040,P015,2,10
OD12142,O4040,P008,1,15
OD12143,O4040,P035,4,5
OD12144,O4041,P022,2,10
OD12145,O4041,P014,1,5
OD12146,O4041,P046,4,20
OD12147,O4041,P025,4,5
OD12148,O4042,P014,1,20
OD12149,O4042,P007,2,5
OD12150,O4042,P002,3,20
OD12151,O4043,P040,5,5
OD12152,O4044,P019,2,20
OD12153,O4044,P015,3,5
OD12154,O4045,P042,1,20
OD12155,O4045,P046,4,5
OD12156,O4046,P027,5,15
OD12157,O4046,P042,3,5
OD12158,O4046,P037,3,5
OD12159,O4046,P031,3,15
OD12160,O4046,P014,1,5
OD12161,O4047,P043,5,15
OD12162,O4047,P026,5,20
OD12163,O4047,P049,1,10
OD12164,O4047,P002,2,15
OD12165,O4047,P006,2,0
OD12166,O4048,P010,2,5
OD12167,O4049,P035,2,5
OD12168,O4049,P030,4,5
OD12169,O4049,P015,2,20
OD12170,O4049,P045,5,20
OD12171,O4050,P029,4,0
OD12172,O4050,P043,3,20
OD12173,O4050,P021,2,0
OD12174,O4050,P037,3,5
OD12175,O4050,P009,4,15
OD12176,O4051,P008,1,5
OD12177,O4052,P035,4,10
OD12178,O4053,P003,3,10
OD12179,O4053,P004,3,15
OD12180,O4053,P043,3,20
OD12181,O4053,P011,2,15
OD12182,O4053,P024,3,20
OD12183,O4054,P002,2,15
OD12184,O4054,P023,5,15
OD12185,O4054,P005,3,20
OD12186,O4054,P025,1,10
OD12187,O4055,P005,3,10
OD12188,O4055,P019,1,0
OD12189,O4055,P050,1,5
OD12190,O4055,P008,1,15
OD12191,O4056,P024,1,15
OD12192,O4056,P017,3,10
OD12193,O4056,P049,3,20
OD12194,O4056,P021,4,5
OD12195,O4057,P021,2,10
OD12196,O4057,P005,1,0
OD12197,O4057,P019,4,10
OD12198,O4057,P001,3,20
OD12199,O4058,P045,5,15
OD12200,O4058,P028,2,20
OD12201,O4058,P009,5,10
OD12202,O4059,P048,4,0
OD12203,O4059,P007,2,20
OD12204,O4059,P009,1,20
OD12205,O4059,P004,1,20
OD12206,O4060,P023,5,10
OD12207,O4060,P040,1,20
OD12208,O4060,P017,3,5
OD12209,O4060,P009,5,20
OD12210,O4061,P020,5,10
OD12211,O4061,P029,5,5
OD12212,O4061,P041,4,20
OD12213,O4061,P012,3,0
OD12214,O4061,P013,3,10
OD12215,O4062,P020,3,5
OD12216,O4062,P018,3,5
OD12217,O4063,P032,4,5
OD12218,O4064,P031,3,5
OD12219,O4064,P023,2,10
OD12220,O4064,P025,3,15
OD12221,O4065,P034,5,0
OD12222,O4065,P028,3,10
OD12223,O4065,P042,3,5
OD12224,O4065,P018,3,5
OD12225,O4066,P001,2,20
OD12226,O4066,P050,2,10
OD12227,O4066,P040,5,10
OD12228,O4066,P029,1,10
OD12229,O4067,P034,3,20
OD12230,O4067,P050,5,20
OD12231,O4067,P024,1,15
OD12232,O4068,P009,1,20
OD12233,O4068,P037,4,20
OD12234,O4068,P016,4,5
OD12235,O4068,P044,3,15
OD12236,O4069,P040,3,20
OD12237,O4069,P009,1,5
OD12238,O4070,P048,3,10
OD12239,O4071,P028,3,5
OD12240,O4071,P026,3,15
OD12241,O4071,P020,5,20
OD12242,O4072,P001,5,5
OD12243,O4072,P039,3,5
OD12244,O4072,P043,1,0
OD12245,O4072,P003,2,0
OD12246,O4072,P027,2,20
OD12247,O4073,P001,3,0
OD12248,O4073,P014,4,20
OD12249,O4073,P018,2,10
OD12250,O4073,P031,2,0
OD12251,O4073,P028,1,15
OD12252,O4074,P009,1,5
OD12253,O4074,P024,1,20
OD12254,O4074,P017,3,10
OD12255,O4074,P038,1,5
OD12256,O4074,P019,1,10
OD12257,O4075,P050,4,15
OD12258,O4076,P047,3,10
OD12259,O4076,P041,2,0
OD12260,O4076,P036,5,0
OD12261,O4077,P041,4,0
OD12262,O4077,P050,3,15
OD12263,O4077,P026,2,10
OD12264,O4077,P025,2,5
OD12265,O4077,P040,5,0
OD12266,O4078,P042,1,20
OD12267,O4079,P025,5,10
OD12268,O4079,P027,1,20
OD12269,O4079,P048,1,20
OD12270,O4080,P005,5,20
OD12271,O4080,P049,1,20
OD12272,O4080,P001,5,15
OD12273,O4081,P011,5,10
OD12274,O4082,P007,5,20
OD12275,O4082,P002,3,0
OD12276,O4082,P035,4,20
OD12277,O4082,P009,4,15
OD12278,O4082,P012,3,20
OD12279,O4083,P050,3,0
OD12280,O4083,P032,3,5
OD12281,O4084,P006,1,0
OD12282,O4085,P043,1,20
OD12283,O4085,P038,3,20
OD12284,O4085,P028,5,5
OD12285,O4085,P022,1,10
OD12286,O4086,P036,1,10
OD12287,O4086,P010,1,15
OD12288,O4086,P044,1,15
OD12289,O4086,P013,4,15
OD12290,O4087,P001,4,15
OD12291,O4088,P025,5,0
OD12292,O4088,P030,2,5
OD12293,O4089,P015,2,0
OD12294,O4089,P037,1,20
OD12295,O4089,P036,1,15
OD12296,O4090,P013,2,0
OD12297,O4090,P006,2,15
OD12298,O4090,P031,5,5
OD12299,O4090,P029,3,15
OD12300,O4090,P012,1,15
OD12301,O4091,P012,4,10
OD12302,O4091,P038,2,5
OD12303,O4091,P025,5,15
OD12304,O4092,P025,4,20
OD12305,O4093,P042,5,5
OD12306,O4093,P020,5,20
OD12307,O4093,P029,1,20
OD12308,O4094,P041,4,10
OD12309,O4094,P043,1,15
OD12310,O4094,P013,4,0
OD12311,O4094,P005,1,20
OD12312,O4094,P024,4,20
OD12313,O4095,P030,3,15
OD12314,O4095,P037,3,10
OD12315,O4095,P025,1,15
OD12316,O4096,P004,3,5
OD12317,O4096,P023,5,5
OD12318,O4097,P032,2,20
OD12319,O4097,P046,2,5
OD12320,O4097,P019,3,5
OD12321,O4097,P006,4,5
OD12322,O4098,P009,5,0
OD12323,O4098,P045,2,15
OD12324,O4098,P046,1,15
OD12325,O4098,P038,5,20
OD12326,O4098,P048,2,15
OD12327,O4099,P009,3,0
OD12328,O4099,P050,2,5
OD12329,O4099,P006,4,0
OD12330,O4099,P044,1,15
OD12331,O4100,P050,5,0
OD12332,O4101,P030,4,20
OD12333,O4101,P003,2,20
OD12334,O4101,P039,2,5
OD12335,O4102,P024,5,15
OD12336,O4102,P031,5,0
OD12337,O4102,P008,1,20
OD12338,O4102,P010,1,20
OD12339,O4102,P009,3,20
OD12340,O4103,P004,3,0
OD12341,O4103,P028,3,15
OD12342,O4103,P034,2,10
OD12343,O4103,P049,3,10
OD12344,O4103,P036,4,20
OD12345,O4104,P021,4,20
OD12346,O4105,P035,4,10
OD12347,O4105,P019,4,15
OD12348,O4105,P012,2,20
OD12349,O4106,P035,5,20
OD12350,O4106,P003,2,20
OD12351,O4106,P027,3,5
OD12352,O4106,P016,2,20
OD12353,O4106,P010,5,5
OD12354,O4107,P025,3,0
OD12355,O4107,P017,2,15
OD12356,O4108,P007,5,20
OD12357,O4108,P047,5,10
OD12358,O4108,P048,2,15
OD12359,O4108,P050,4,5
OD12360,O4108,P009,4,10
OD12361,O4109,P019,5,15
OD12362,O4109,P020,4,0
OD12363,O4109,P018,2,15
OD12364,O4109,P028,5,20
OD12365,O4109,P014,3,5
OD12366,O4110,P043,5,0
OD12367,O4111,P040,1,0
OD12368,O4111,P017,2,15
OD12369,O4111,P013,5,5
OD12370,O4111,P036,1,0
OD12371,O4111,P005,5,0
OD12372,O4112,P049,1,0
OD12373,O4112,P018,2,10
OD12374,O4112,P009,4,0
OD12375,O4112,P016,3,10
OD12376,O4112,P048,1,5
OD12377,O4113,P039,4,20
OD12378,O4113,P042,5,0
OD12379,O4114,P028,3,15
OD12380,O4115,P020,3,15
OD12381,O4115,P032,5,10
OD12382,O4115,P046,2,20
OD12383,O4115,P024,2,15
OD12384,O4115,P007,4,5
OD12385,O4116,P041,2,10
OD12386,O4116,P019,5,10
OD12387,O4116,P035,2,20
OD12388,O4116,P036,1,0
OD12389,O4117,P027,3,20
OD12390,O4117,P036,5,10
OD12391,O4117,P023,1,15
OD12392,O4117,P031,2,15
OD12393,O4118,P029,1,15
OD12394,O4118,P026,3,5
OD12395,O4118,P034,5,0
OD12396,O4118,P008,2,15
OD12397,O4119,P001,1,15
OD12398,O4119,P031,2,10
OD12399,O4119,P022,4,15
OD12400,O4120,P005,3,20
OD12401,O4120,P050,1,15
OD12402,O4120,P043,4,5
OD12403,O4121,P047,4,15
OD12404,O4121,P024,1,15
OD12405,O4121,P050,4,20
OD12406,O4121,P046,4,10
OD12407,O4122,P047,4,0
OD12408,O4123,P026,5,10
OD12409,O4123,P003,4,5
OD12410,O4124,P013,5,0
OD12411,O4125,P013,2,5
OD12412,O4125,P005,1,15
OD12413,O4125,P020,4,15
OD12414,O4126,P034,1,20
OD12415,O4126,P012,5,15
OD12416,O4127,P020,2,10
OD12417,O4127,P034,4,10
OD12418,O4127,P012,2,15
OD12419,O4127,P006,2,20
OD12420,O4127,P014,3,20
OD12421,O4128,P036,3,20
OD12422,O4128,P047,3,20
OD12423,O4128,P040,1,20
OD12424,O4128,P009,4,20
OD12425,O4128,P001,1,20
OD12426,O4129,P023,1,5
OD12427,O4129,P048,5,15
OD12428,O4130,P007,4,10
OD12429,O4130,P049,4,0
OD12430,O4130,P010,1,0
OD12431,O4131,P048,3,10
OD12432,O4132,P007,4,0
OD12433,O4132,P013,3,15
OD12434,O4132,P023,3,10
OD12435,O4132,P022,4,5
OD12436,O4132,P028,1,15
OD12437,O4133,P019,2,10
OD12438,O4133,P017,5,10
OD12439,O4134,P005,1,15
OD12440,O4134,P049,2,0
OD12441,O4135,P012,3,15
OD12442,O4136,P032,4,15
OD12443,O4137,P016,4,15
OD12444,O4138,P004,2,20
OD12445,O4138,P029,2,10
OD12446,O4139,P032,5,20
OD12447,O4139,P019,1,15
OD12448,O4139,P039,2,15
OD12449,O4139,P049,4,15
OD12450,O4140,P015,4,15
OD12451,O4140,P004,5,5
OD12452,O4141,P041,3,5
OD12453,O4141,P005,2,5
OD12454,O4141,P046,5,10
OD12455,O4142,P008,5,10
OD12456,O4142,P020,5,15
OD12457,O4142,P005,3,15
OD12458,O4142,P039,4,10
OD12459,O4143,P001,5,0
OD12460,O4143,P029,5,0
OD12461,O4144,P021,2,0
OD12462,O4144,P020,2,20
OD12463,O4144,P011,2,10
OD12464,O4144,P008,1,5
OD12465,O4145,P032,3,0
OD12466,O4146,P037,2,10
OD12467,O4146,P046,2,20
OD12468,O4146,P019,1,5
OD12469,O4147,P023,5,20
OD12470,O4147,P001,1,10
OD12471,O4148,P004,3,15
OD12472,O4148,P037,3,20
OD12473,O4148,P039,5,10
OD12474,O4149,P034,5,5
OD12475,O4149,P005,3,20
OD12476,O4149,P021,1,15
OD12477,O4150,P040,3,10
OD12478,O4150,P002,2,5
OD12479,O4151,P042,4,20
OD12480,O4152,P008,2,5
OD12481,O4152,P034,5,10
OD12482,O4152,P001,3,15
OD12483,O4152,P015,5,5
OD12484,O4152,P020,5,0
OD12485,O4153,P044,4,20
OD12486,O4153,P047,3,15
OD12487,O4153,P048,3,0
OD12488,O4154,P038,5,15
OD12489,O4154,P018,2,0
OD12490,O4154,P039,5,15
OD12491,O4154,P003,4,20
OD12492,O4154,P008,1,0
OD12493,O4155,P028,2,10
OD12494,O4155,P050,5,15
OD12495,O4156,P014,4,5
OD12496,O4156,P022,5,15
OD12497,O4156,P049,3,5
OD12498,O4156,P020,1,5
OD12499,O4156,P001,3,15
OD12500,O4157,P025,5,5
OD12501,O4157,P024,4,5
OD12502,O4158,P036,2,20
OD12503,O4158,P044,4,10
OD12504,O4158,P011,2,0
OD12505,O4158,P045,4,20
OD12506,O4159,P049,5,15
OD12507,O4159,P017,1,10
OD12508,O4159,P016,5,10
OD12509,O4159,P041,2,15
OD12510,O4159,P024,1,10
OD12511,O4160,P026,5,0
OD12512,O4160,P047,4,10
OD12513,O4160,P036,5,0
OD12514,O4160,P023,3,5
OD12515,O4160,P012,2,0
OD12516,O4161,P009,3,15
OD12517,O4161,P047,2,10
OD12518,O4162,P031,1,5
OD12519,O4162,P036,1,20
OD12520,O4163,P025,2,15
OD12521,O4163,P020,3,10
OD12522,O4163,P042,5,5
OD12523,O4164,P022,1,20
OD12524,O4164,P005,5,10
OD12525,O4164,P004,5,5
OD12526,O4164,P046,2,10
OD12527,O4165,P024,4,0
OD12528,O4165,P044,4,10
OD12529,O4165,P033,1,10
OD12530,O4165,P049,1,10
OD12531,O4166,P045,3,20
OD12532,O4167,P033,4,0
OD12533,O4167,P034,4,0
OD12534,O4167,P017,1,5
OD12535,O4168,P040,5,10
OD12536,O4168,P016,1,0
OD12537,O4168,P032,5,0
OD12538,O4169,P008,3,10
OD12539,O4169,P045,3,20
OD12540,O4169,P050,3,10
OD12541,O4170,P031,1,10
OD12542,O4170,P024,4,0
OD12543,O4170,P049,5,20
OD12544,O4170,P045,2,5
OD12545,O4170,P038,5,0
OD12546,O4171,P013,5,10
OD12547,O4171,P037,5,10
OD12548,O4171,P016,4,10
OD12549,O4172,P024,4,5
OD12550,O4172,P026,2,15
OD12551,O4172,P023,2,20
OD12552,O4173,P013,3,15
OD12553,O4174,P026,5,15
OD12554,O4174,P046,2,10
OD12555,O4174,P038,5,10
OD12556,O4175,P030,1,20
OD12557,O4175,P036,2,20
OD12558,O4175,P035,1,20
OD12559,O4175,P040,4,15
OD12560,O4176,P002,5,15
OD12561,O4176,P016,2,10
OD12562,O4177,P025,4,20
OD12563,O4177,P008,4,5
OD12564,O4178,P007,1,20
OD12565,O4178,P019,4,5
OD12566,O4178,P039,5,15
OD12567,O4179,P002,4,15
OD12568,O4179,P043,5,15
OD12569,O4179,P038,2,15
OD12570,O4180,P004,2,10
OD12571,O4181,P030,1,0
OD12572,O4181,P020,2,10
OD12573,O4182,P007,1,15
OD12574,O4183,P048,2,20
OD12575,O4183,P015,3,20
OD12576,O4183,P012,5,15
OD12577,O4183,P010,5,15
OD12578,O4183,P024,1,15
OD12579,O4184,P009,4,0
OD12580,O4185,P026,5,15
OD12581,O4185,P016,3,0
OD12582,O4185,P041,4,10
OD12583,O4185,P031,1,20
OD12584,O4185,P025,1,5
OD12585,O4186,P025,5,15
OD12586,O4186,P030,4,0
OD12587,O4186,P005,2,10
OD12588,O4186,P033,2,0
OD12589,O4186,P045,3,0
OD12590,O4187,P029,5,0
OD12591,O4188,P008,1,15
OD12592,O4188,P011,1,5
OD12593,O4188,P024,5,5
OD12594,O4188,P029,1,5
OD12595,O4189,P002,2,15
OD12596,O4189,P018,4,0
OD12597,O4189,P046,5,0
OD12598,O4190,P019,1,0
OD12599,O4190,P032,4,10
OD12600,O4190,P031,5,0
OD12601,O4190,P012,3,15
OD12602,O4190,P047,5,0
OD12603,O4191,P034,4,15
OD12604,O4192,P027,1,5
OD12605,O4192,P003,5,10
OD12606,O4193,P046,2,10
OD12607,O4194,P022,4,10
OD12608,O4194,P002,4,10
OD12609,O4194,P046,3,10
OD12610,O4195,P027,3,20
OD12611,O4195,P034,5,10
OD12612,O4196,P002,1,20
OD12613,O4196,P015,4,0
OD12614,O4196,P038,2,10
OD12615,O4197,P008,3,5
OD12616,O4197,P043,2,5
OD12617,O4197,P017,2,20
OD12618,O4198,P044,2,0
OD12619,O4198,P049,3,0
OD12620,O4198,P040,5,10
OD12621,O4199,P034,1,15
OD12622,O4199,P047,5,0
OD12623,O4199,P006,5,15
OD12624,O4199,P048,5,0
OD12625,O4199,P032,3,10
OD12626,O4200,P004,4,10
OD12627,O4200,P033,4,20
OD12628,O4200,P022,2,10
OD12629,O4200,P017,1,5
OD12630,O4201,P003,5,10
OD12631,O4201,P038,5,15
OD12632,O4202,P008,5,20
OD12633,O4202,P037,5,15
OD12634,O4203,P041,5,15
OD12635,O4203,P008,2,5
OD12636,O4203,P044,1,20
OD12637,O4203,P040,5,5
OD12638,O4203,P031,5,15
OD12639,O4204,P036,3,20
OD12640,O4205,P010,4,5
OD12641,O4205,P023,1,15
OD12642,O4205,P036,2,20
OD12643,O4205,P017,1,15
OD12644,O4205,P013,4,20
OD12645,O4206,P021,3,20
OD12646,O4206,P045,5,20
OD12647,O4206,P028,4,15
OD12648,O4206,P044,2,20
OD12649,O4207,P016,5,10
OD12650,O4207,P044,2,10
OD12651,O4208,P024,3,5
OD12652,O4208,P045,2,15
OD12653,O4208,P050,2,0
OD12654,O4208,P018,3,20
OD12655,O4208,P004,5,15
OD12656,O4209,P032,3,15
OD12657,O4209,P045,3,10
OD12658,O4210,P016,4,5
OD12659,O4211,P039,1,20
OD12660,O4211,P049,1,15
OD12661,O4211,P008,2,15
OD12662,O4211,P046,2,20
OD12663,O4212,P019,5,10
OD12664,O4212,P006,2,0
OD12665,O4212,P023,3,0
OD12666,O4212,P005,3,5
OD12667,O4212,P032,5,10
OD12668,O4213,P021,2,20
OD12669,O4213,P050,3,0
OD12670,O4213,P030,1,20
OD12671,O4213,P018,2,15
OD12672,O4214,P030,3,5
OD12673,O4214,P021,1,0
OD12674,O4214,P006,3,0
OD12675,O4214,P019,1,0
OD12676,O4215,P015,1,20
OD12677,O4215,P043,4,20
OD12678,O4215,P009,1,10
OD12679,O4215,P004,4,15
OD12680,O4215,P003,1,0
OD12681,O4216,P028,2,5
OD12682,O4216,P005,3,15
OD12683,O4216,P022,5,5
OD12684,O4217,P009,2,15
OD12685,O4217,P042,4,10
OD12686,O4217,P028,4,15
OD12687,O4217,P021,1,15
OD12688,O4218,P012,1,20
OD12689,O4218,P037,5,15
OD12690,O4218,P043,2,0
OD12691,O4219,P031,2,10
OD12692,O4219,P038,3,10
OD12693,O4219,P007,1,5
OD12694,O4219,P049,1,0
OD12695,O4219,P017,5,20
OD12696,O4220,P044,3,15
OD12697,O4220,P022,3,0
OD12698,O4220,P021,1,15
OD12699,O4221,P030,4,15
OD12700,O4221,P024,4,15
OD12701,O4222,P049,4,15
OD12702,O4222,P003,2,0
OD12703,O4222,P005,4,20
OD12704,O4222,P026,1,5
OD12705,O4222,P035,3,15
OD12706,O4223,P016,2,5
OD12707,O4224,P042,4,10
OD12708,O4225,P031,4,10
OD12709,O4226,P024,4,20
OD12710,O4226,P040,1,0
OD12711,O4226,P039,4,5
OD12712,O4226,P016,1,20
OD12713,O4227,P012,4,20
OD12714,O4227,P019,4,0
OD12715,O4228,P005,4,15
OD12716,O4228,P030,2,0
OD12717,O4229,P022,1,20
OD12718,O4229,P001,3,0
OD12719,O4229,P023,4,5
OD12720,O4229,P044,5,5
OD12721,O4230,P007,1,20
OD12722,O4230,P044,4,0
OD12723,O4230,P028,5,5
OD12724,O4230,P045,1,15
OD12725,O4231,P016,2,0
OD12726,O4231,P044,1,10
OD12727,O4231,P004,4,0
OD12728,O4231,P049,1,15
OD12729,O4231,P024,4,20
OD12730,O4232,P031,2,20
OD12731,O4233,P042,5,10
OD12732,O4233,P026,1,15
OD12733,O4233,P014,1,0
OD12734,O4234,P007,1,10
OD12735,O4235,P015,2,0
OD12736,O4235,P024,1,0
OD12737,O4236,P050,5,0
OD12738,O4236,P006,4,10
OD12739,O4236,P001,3,15
OD12740,O4236,P036,5,10
OD12741,O4237,P042,1,10
OD12742,O4237,P026,1,0
OD12743,O4237,P043,3,10
OD12744,O4237,P028,1,15
OD12745,O4237,P024,3,20
OD12746,O4238,P031,1,5
OD12747,O4238,P015,4,10
OD12748,O4238,P042,5,0
OD12749,O4238,P047,4,10
OD12750,O4239,P015,2,15
OD12751,O4239,P046,2,10
OD12752,O4239,P016,2,10
OD12753,O4240,P046,1,15
OD12754,O4240,P015,3,5
OD12755,O4241,P020,2,15
OD12756,O4241,P021,2,0
OD12757,O4242,P041,3,15
OD12758,O4242,P013,5,0
OD12759,O4242,P042,4,20
OD12760,O4243,P004,1,5
OD12761,O4243,P034,4,5
OD12762,O4243,P002,5,10
OD12763,O4244,P024,4,10
OD12764,O4245,P026,5,10
OD12765,O4245,P035,1,5
OD12766,O4245,P013,2,20
OD12767,O4245,P028,1,10
OD12768,O4246,P045,1,15
OD12769,O4247,P033,1,20
OD12770,O4247,P024,5,20
OD12771,O4247,P005,4,5
OD12772,O4247,P047,4,15
OD12773,O4247,P035,2,15
OD12774,O4248,P047,2,10
OD12775,O4248,P025,1,0
OD12776,O4249,P029,2,10
OD12777,O4249,P030,1,20
OD12778,O4249,P047,1,10
OD12779,O4249,P038,1,0
OD12780,O4250,P026,1,0
OD12781,O4250,P007,4,15
OD12782,O4250,P030,5,20
OD12783,O4250,P042,2,10
OD12784,O4251,P005,1,0
OD12785,O4251,P049,2,20
OD12786,O4251,P026,1,5
OD12787,O4252,P041,1,0
OD12788,O4252,P016,3,10
OD12789,O4252,P013,2,5
OD12790,O4253,P025,1,15
OD12791,O4254,P032,4,15
OD12792,O4255,P040,2,0
OD12793,O4255,P014,2,20
OD12794,O4256,P026,1,5
OD12795,O4256,P005,3,10
OD12796,O4256,P003,2,5
OD12797,O4256,P035,2,20
OD12798,O4256,P032,2,5
OD12799,O4257,P017,3,15
OD12800,O4257,P009,5,0
OD12801,O4257,P004,2,0
OD12802,O4258,P019,4,20
OD12803,O4258,P006,3,0
OD12804,O4258,P004,4,5
OD12805,O4259,P018,5,20
OD12806,O4259,P028,1,10
OD12807,O4260,P049,3,10
OD12808,O4260,P008,4,5
OD12809,O4260,P042,4,15
OD12810,O4260,P005,3,5
OD12811,O4261,P037,5,15
OD12812,O4261,P008,5,5
OD12813,O4262,P018,3,15
OD12814,O4262,P040,2,10
OD12815,O4262,P004,5,5
OD12816,O4262,P034,4,10
OD12817,O4262,P003,5,10
OD12818,O4263,P049,2,10
OD12819,O4264,P020,4,15
OD12820,O4264,P025,4,20
OD12821,O4264,P044,5,20
OD12822,O4264,P011,2,15
OD12823,O4265,P047,2,0
OD12824,O4265,P045,3,10
OD12825,O4265,P048,4,10
OD12826,O4266,P001,5,0
OD12827,O4266,P005,1,10
OD12828,O4266,P017,4,20
OD12829,O4266,P008,4,0
OD12830,O4266,P019,3,20
OD12831,O4267,P010,1,20
OD12832,O4268,P046,2,5
OD12833,O4268,P019,4,0
OD12834,O4269,P021,3,15
OD12835,O4269,P010,2,10
OD12836,O4269,P031,4,15
OD12837,O4270,P004,4,0
OD12838,O4270,P006,3,15
OD12839,O4270,P003,2,20
OD12840,O4270,P013,4,15
OD12841,O4270,P002,2,10
OD12842,O4271,P048,3,15
OD12843,O4271,P028,5,5
OD12844,O4271,P039,4,5
OD12845,O4272,P041,2,20
OD12846,O4272,P017,1,10
OD12847,O4273,P011,4,5
OD12848,O4273,P001,1,10
OD12849,O4273,P017,1,0
OD12850,O4274,P034,2,15
OD12851,O4274,P011,5,0
OD12852,O4274,P047,4,15
OD12853,O4274,P025,2,0
OD12854,O4274,P050,1,5
OD12855,O4275,P004,5,20
OD12856,O4275,P029,2,15
OD12857,O4275,P039,5,15
OD12858,O4276,P001,5,15
OD12859,O4277,P036,1,5
OD12860,O4277,P026,4,15
OD12861,O4277,P008,1,15
OD12862,O4277,P021,2,15
OD12863,O4277,P039,5,20
OD12864,O4278,P029,4,15
OD12865,O4278,P031,1,15
OD12866,O4279,P028,4,5
OD12867,O4279,P008,2,0
OD12868,O4279,P021,3,10
OD12869,O4279,P030,5,10
OD12870,O4279,P016,1,0
OD12871,O4280,P006,4,5
OD12872,O4280,P016,3,10
OD12873,O4280,P043,1,15
OD12874,O4281,P048,2,20
OD12875,O4281,P024,5,20
OD12876,O4281,P006,3,0
OD12877,O4282,P030,4,20
OD12878,O4282,P038,4,10
OD12879,O4282,P028,1,0
OD12880,O4282,P031,1,20
OD12881,O4283,P036,3,15
OD12882,O4283,P050,5,0
OD12883,O4283,P026,2,20
OD12884,O4283,P010,3,0
OD12885,O4284,P043,2,10
OD12886,O4284,P029,3,10
OD12887,O4285,P042,2,5
OD12888,O4286,P036,5,5
OD12889,O4286,P018,3,5
OD12890,O4287,P022,4,5
OD12891,O4287,P047,2,5
OD12892,O4287,P001,5,20
OD12893,O4288,P017,1,5
OD12894,O4289,P001,2,20
OD12895,O4290,P020,1,10
OD12896,O4290,P034,1,20
OD12897,O4290,P015,5,0
OD12898,O4290,P006,3,15
OD12899,O4291,P049,4,0
OD12900,O4291,P026,5,10
OD12901,O4291,P048,2,15
OD12902,O4291,P027,1,20
OD12903,O4291,P037,4,20
OD12904,O4292,P025,4,15
OD12905,O4292,P029,2,5
OD12906,O4293,P026,2,20
OD12907,O4293,P012,1,5
OD12908,O4293,P024,2,5
OD12909,O4294,P001,1,15
OD12910,O4294,P039,4,5
OD12911,O4294,P023,2,0
OD12912,O4294,P022,1,10
OD12913,O4295,P026,2,15
OD12914,O4295,P038,4,10
OD12915,O4295,P011,4,5
OD12916,O4296,P013,5,10
OD12917,O4296,P025,3,0
OD12918,O4297,P039,5,15
OD12919,O4297,P017,4,0
OD12920,O4297,P034,3,20
OD12921,O4298,P001,1,15
OD12922,O4299,P021,5,5
OD12923,O4300,P033,2,10
OD12924,O4300,P044,3,5
OD12925,O4300,P046,4,0
OD12926,O4300,P018,2,15
OD12927,O4301,P004,3,0
OD12928,O4301,P044,1,5
OD12929,O4302,P044,5,0
OD12930,O4302,P042,4,10
OD12931,O4302,P027,5,15
OD12932,O4302,P003,5,0
OD12933,O4303,P033,1,20
OD12934,O4303,P028,1,0
OD12935,O4303,P031,1,0
OD12936,O4303,P011,2,10
OD12937,O4303,P034,2,15
OD12938,O4304,P019,1,20
OD12939,O4304,P020,4,0
OD12940,O4304,P004,2,15
OD12941,O4305,P017,2,5
OD12942,O4305,P029,5,0
OD12943,O4305,P006,5,15
OD12944,O4305,P035,3,5
OD12945,O4306,P003,2,5
OD12946,O4307,P038,3,0
OD12947,O4307,P009,4,0
OD12948,O4307,P030,5,20
OD12949,O4307,P022,2,15
OD12950,O4307,P034,4,10
OD12951,O4308,P023,1,0
OD12952,O4308,P005,3,20
OD12953,O4309,P027,1,20
OD12954,O4310,P041,2,5
OD12955,O4310,P038,1,15
OD12956,O4310,P034,3,20
OD12957,O4311,P044,2,20
OD12958,O4311,P016,5,0
OD12959,O4311,P028,5,0
OD12960,O4311,P002,5,10
OD12961,O4312,P034,5,10
OD12962,O4313,P019,3,10
OD12963,O4314,P020,3,0
OD12964,O4314,P029,3,0
OD12965,O4314,P026,5,0
OD12966,O4314,P005,2,0
OD12967,O4315,P003,3,20
OD12968,O4315,P039,5,0
OD12969,O4316,P017,1,10
OD12970,O4316,P050,4,0
OD12971,O4316,P005,2,20
OD12972,O4316,P023,3,0
OD12973,O4316,P015,3,0
OD12974,O4317,P043,1,10
OD12975,O4318,P013,5,20
OD12976,O4318,P001,3,5
OD12977,O4319,P038,4,15
OD12978,O4319,P050,2,10
OD12979,O4320,P033,2,20
OD12980,O4321,P018,4,15
OD12981,O4322,P036,1,5
OD12982,O4322,P014,1,15
OD12983,O4322,P010,2,10
OD12984,O4322,P045,5,20
OD12985,O4322,P004,5,20
OD12986,O4323,P026,1,20
OD12987,O4323,P019,3,0
OD12988,O4323,P031,3,20
OD12989,O4323,P030,3,20
OD12990,O4323,P020,2,5
OD12991,O4324,P042,4,5
OD12992,O4325,P036,4,20
OD12993,O4325,P020,4,20
OD12994,O4325,P033,1,0
OD12995,O4326,P026,3,10
OD12996,O4326,P016,2,20
OD12997,O4327,P027,5,10
OD12998,O4328,P037,2,15
OD12999,O4328,P019,5,20
OD13000,O4329,P026,1,10
OD13001,O4329,P020,1,15
OD13002,O4329,P039,3,15
OD13003,O4329,P003,5,5
OD13004,O4329,P041,1,15
OD13005,O4330,P018,4,20
OD13006,O4330,P003,2,5
OD13007,O4331,P036,2,20
OD13008,O4332,P030,1,0
OD13009,O4333,P006,4,20
OD13010,O4333,P040,4,5
OD13011,O4333,P004,3,0
OD13012,O4333,P015,1,0
OD13013,O4334,P004,5,15
OD13014,O4334,P042,3,15
OD13015,O4335,P015,5,20
OD13016,O4335,P001,3,15
OD13017,O4336,P012,4,15
OD13018,O4336,P046,4,15
OD13019,O4336,P004,5,0
OD13020,O4336,P047,4,15
OD13021,O4337,P005,4,15
OD13022,O4337,P044,5,10
OD13023,O4337,P024,2,10
OD13024,O4337,P010,2,20
OD13025,O4337,P007,5,10
OD13026,O4338,P041,5,20
OD13027,O4338,P048,4,10
OD13028,O4338,P038,3,10
OD13029,O4338,P035,5,20
OD13030,O4339,P036,2,5
OD13031,O4339,P045,3,20
OD13032,O4339,P018,1,0
OD13033,O4339,P043,4,5
OD13034,O4340,P030,5,15
OD13035,O4340,P024,2,15
OD13036,O4340,P047,4,0
OD13037,O4340,P041,1,0
OD13038,O4340,P036,5,5
OD13039,O4341,P036,4,10
OD13040,O4341,P038,1,15
OD13041,O4341,P018,1,15
OD13042,O4341,P031,3,20
OD13043,O4341,P005,4,5
OD13044,O4342,P021,3,15
OD13045,O4342,P025,4,5
OD13046,O4343,P049,2,5
OD13047,O4343,P010,4,0
OD13048,O4343,P017,4,5
OD13049,O4344,P002,3,5
OD13050,O4344,P018,4,20
OD13051,O4345,P008,5,10
OD13052,O4345,P012,3,20
OD13053,O4345,P028,4,10
OD13054,O4346,P003,2,15
OD13055,O4346,P005,5,20
OD13056,O4346,P014,5,20
OD13057,O4346,P022,5,15
OD13058,O4346,P023,2,0
OD13059,O4347,P027,5,5
OD13060,O4347,P019,5,15
OD13061,O4348,P034,3,0
OD13062,O4348,P016,4,20
OD13063,O4348,P030,4,5
OD13064,O4348,P039,5,0
OD13065,O4348,P014,5,15
OD13066,O4349,P014,4,20
OD13067,O4349,P001,2,0
OD13068,O4349,P002,2,10
OD13069,O4350,P015,2,10
OD13070,O4350,P034,2,0
OD13071,O4350,P016,3,5
OD13072,O4350,P009,3,5
OD13073,O4350,P036,2,0
OD13074,O4351,P002,5,0
OD13075,O4351,P031,3,0
OD13076,O4352,P032,5,10
OD13077,O4353,P040,5,5
OD13078,O4353,P032,5,10
OD13079,O4354,P035,3,10
OD13080,O4354,P031,4,10
OD13081,O4354,P015,1,5
OD13082,O4354,P021,1,20
OD13083,O4354,P046,5,0
OD13084,O4355,P049,5,0
OD13085,O4355,P029,2,0
OD13086,O4355,P027,3,20
OD13087,O4356,P024,5,0
OD13088,O4356,P012,4,15
OD13089,O4356,P020,1,10
OD13090,O4356,P047,4,0
OD13091,O4357,P029,5,15
OD13092,O4357,P045,2,0
OD13093,O4357,P037,4,15
OD13094,O4357,P013,3,0
OD13095,O4358,P024,3,5
OD13096,O4358,P022,2,0
OD13097,O4359,P039,2,15
OD13098,O4359,P018,2,20
OD13099,O4359,P014,4,15
OD13100,O4359,P015,2,0
OD13101,O4359,P019,5,0
OD13102,O4360,P022,2,20
OD13103,O4361,P012,3,20
OD13104,O4361,P046,3,0
OD13105,O4361,P037,3,5
OD13106,O4361,P024,3,5
OD13107,O4362,P032,5,20
OD13108,O4362,P017,2,0
OD13109,O4362,P041,3,0
OD13110,O4363,P039,3,20
OD13111,O4363,P036,4,15
OD13112,O4363,P008,4,5
OD13113,O4363,P038,2,20
OD13114,O4364,P002,5,20
OD13115,O4364,P013,3,0
OD13116,O4364,P049,1,20
OD13117,O4365,P031,4,20
OD13118,O4366,P045,2,0
OD13119,O4366,P012,3,20
OD13120,O4366,P032,4,0
OD13121,O4367,P043,5,0
OD13122,O4368,P048,5,20
OD13123,O4368,P004,2,15
OD13124,O4369,P021,4,0
OD13125,O4369,P016,2,20
OD13126,O4369,P037,1,0
OD13127,O4369,P036,3,15
OD13128,O4369,P045,2,0
OD13129,O4370,P023,5,5
OD13130,O4370,P027,2,0
OD13131,O4370,P025,1,5
OD13132,O4370,P013,2,15
OD13133,O4370,P038,4,20
OD13134,O4371,P015,5,0
OD13135,O4371,P030,4,0
OD13136,O4371,P006,1,15
OD13137,O4371,P018,1,15
OD13138,O4372,P017,4,0
OD13139,O4373,P040,1,20
OD13140,O4373,P026,3,10
OD13141,O4373,P031,3,10
OD13142,O4374,P018,5,5
OD13143,O4374,P020,2,20
OD13144,O4374,P008,3,15
OD13145,O4375,P020,1,20
OD13146,O4375,P044,3,0
OD13147,O4376,P004,1,0
OD13148,O4376,P039,3,15
OD13149,O4377,P017,1,0
OD13150,O4378,P020,2,0
OD13151,O4378,P010,3,20
OD13152,O4378,P036,4,0
OD13153,O4379,P016,2,20
OD13154,O4380,P011,3,10
OD13155,O4381,P038,5,20
OD13156,O4381,P013,2,15
OD13157,O4382,P019,5,5
OD13158,O4382,P028,3,20
OD13159,O4382,P018,2,15
OD13160,O4383,P002,5,10
OD13161,O4383,P024,2,0
OD13162,O4383,P009,4,15
OD13163,O4384,P048,4,5
OD13164,O4384,P040,5,20
OD13165,O4384,P020,2,5
OD13166,O4384,P039,2,10
OD13167,O4385,P039,4,5
OD13168,O4386,P005,4,15
OD13169,O4386,P039,1,15
OD13170,O4386,P025,4,5
OD13171,O4386,P047,1,0
OD13172,O4387,P014,1,20
OD13173,O4387,P043,1,10
OD13174,O4387,P050,5,5
OD13175,O4387,P006,4,0
OD13176,O4388,P026,3,0
OD13177,O4388,P022,4,15
OD13178,O4388,P019,1,10
OD13179,O4389,P034,5,0
OD13180,O4389,P050,2,10
OD13181,O4389,P019,3,10
OD13182,O4389,P021,3,10
OD13183,O4389,P008,5,10
OD13184,O4390,P014,4,20
OD13185,O4390,P021,1,5
OD13186,O4390,P033,1,10
OD13187,O4390,P042,2,20
OD13188,O4391,P027,4,0
OD13189,O4391,P035,3,0
OD13190,O4391,P046,5,10
OD13191,O4392,P047,2,5
OD13192,O4392,P045,3,5
OD13193,O4392,P034,5,5
OD13194,O4393,P008,5,20
OD13195,O4394,P030,5,5
OD13196,O4394,P038,1,15
OD13197,O4394,P020,3,15
OD13198,O4395,P006,5,15
OD13199,O4395,P002,4,0
OD13200,O4395,P038,5,5
OD13201,O4396,P014,4,10
OD13202,O4396,P012,4,10
OD13203,O4396,P028,5,20
OD13204,O4397,P018,3,15
OD13205,O4397,P046,1,15
OD13206,O4397,P008,1,15
OD13207,O4398,P003,4,15
OD13208,O4399,P017,3,5
OD13209,O4399,P044,1,0
OD13210,O4399,P021,5,5
OD13211,O4399,P012,2,0
OD13212,O4400,P029,3,20
OD13213,O4400,P003,2,10
OD13214,O4400,P039,4,20
OD13215,O4401,P048,5,15
OD13216,O4401,P042,3,0
OD13217,O4401,P023,3,15
OD13218,O4402,P010,5,10
OD13219,O4402,P001,4,15
OD13220,O4402,P020,3,20
OD13221,O4403,P007,1,20
OD13222,O4403,P024,5,15
OD13223,O4403,P038,4,0
OD13224,O4403,P003,5,10
OD13225,O4403,P046,1,20
OD13226,O4404,P028,1,20
OD13227,O4404,P046,1,15
OD13228,O4405,P008,4,10
OD13229,O4405,P043,4,20
OD13230,O4405,P046,1,0
OD13231,O4405,P034,4,20
OD13232,O4405,P031,5,20
OD13233,O4406,P003,3,5
OD13234,O4406,P048,3,10
OD13235,O4407,P015,4,10
OD13236,O4407,P037,1,20
OD13237,O4407,P008,5,10
OD13238,O4407,P040,4,0
OD13239,O4408,P049,3,15
OD13240,O4408,P042,5,15
OD13241,O4408,P029,2,5
OD13242,O4408,P001,4,5
OD13243,O4408,P004,1,0
OD13244,O4409,P047,2,0
OD13245,O4410,P016,4,20
OD13246,O4410,P018,1,10
OD13247,O4410,P014,1,0
OD13248,O4410,P036,5,5
OD13249,O4410,P011,3,5
OD13250,O4411,P006,5,15
OD13251,O4411,P049,3,10
OD13252,O4412,P042,3,20
OD13253,O4412,P026,5,15
OD13254,O4412,P022,2,5
OD13255,O4412,P015,1,0
OD13256,O4412,P039,1,5
OD13257,O4413,P040,1,20
OD13258,O4414,P042,5,20
OD13259,O4414,P004,5,20
OD13260,O4414,P014,4,0
OD13261,O4414,P001,3,5
OD13262,O4414,P049,2,0
OD13263,O4415,P014,2,15
OD13264,O4415,P026,3,0
OD13265,O4415,P047,4,0
OD13266,O4415,P048,4,10
OD13267,O4415,P017,2,5
OD13268,O4416,P036,2,10
OD13269,O4417,P004,1,10
OD13270,O4417,P041,5,10
OD13271,O4418,P037,4,10
OD13272,O4418,P006,3,15
OD13273,O4418,P039,5,15
OD13274,O4418,P031,4,20
OD13275,O4419,P023,2,20
OD13276,O4420,P006,5,0
OD13277,O4420,P033,3,20
OD13278,O4420,P024,1,0
OD13279,O4420,P007,3,5
OD13280,O4421,P019,5,20
OD13281,O4421,P004,1,10
OD13282,O4422,P042,5,15
OD13283,O4422,P043,2,5
OD13284,O4423,P037,1,0
OD13285,O4423,P006,2,15
OD13286,O4423,P040,2,5
OD13287,O4423,P032,5,10
OD13288,O4424,P034,2,10
OD13289,O4424,P042,5,0
OD13290,O4424,P027,5,5
OD13291,O4425,P007,4,10
OD13292,O4425,P031,3,5
OD13293,O4425,P004,2,10
OD13294,O4425,P006,4,0
OD13295,O4426,P041,4,15
OD13296,O4426,P018,5,10
OD13297,O4427,P006,1,10
OD13298,O4428,P027,5,10
OD13299,O4428,P012,5,20
OD13300,O4428,P007,3,20
OD13301,O4428,P008,2,20
OD13302,O4428,P022,4,20
OD13303,O4429,P038,3,20
OD13304,O4429,P024,2,20
OD13305,O4430,P014,1,10
OD13306,O4430,P030,1,20
OD13307,O4431,P033,3,10
OD13308,O4431,P019,3,15
OD13309,O4431,P006,4,15
OD13310,O4432,P024,3,15
OD13311,O4432,P050,2,20
OD13312,O4432,P044,5,0
OD13313,O4432,P046,2,20
OD13314,O4433,P036,2,20
OD13315,O4434,P010,4,15
OD13316,O4434,P039,1,0
OD13317,O4434,P008,1,0
OD13318,O4434,P001,1,0
OD13319,O4434,P007,3,15
OD13320,O4435,P027,4,5
OD13321,O4435,P043,5,5
OD13322,O4435,P047,3,0
OD13323,O4435,P030,3,15
OD13324,O4436,P014,3,5
OD13325,O4437,P027,5,0
OD13326,O4437,P047,5,5
OD13327,O4437,P048,2,10
OD13328,O4437,P028,4,5
OD13329,O4438,P020,3,20
OD13330,O4439,P048,2,10
OD13331,O4439,P036,1,10
OD13332,O4439,P017,3,10
OD13333,O4439,P034,5,10
OD13334,O4439,P042,1,15
OD13335,O4440,P020,5,5
OD13336,O4440,P006,5,20
OD13337,O4440,P026,1,10
OD13338,O4441,P014,4,5
OD13339,O4441,P018,1,20
OD13340,O4441,P017,1,5
OD13341,O4441,P029,1,15
OD13342,O4442,P041,3,15
OD13343,O4442,P040,5,20
OD13344,O4442,P042,3,10
OD13345,O4443,P029,2,5
OD13346,O4443,P016,3,20
OD13347,O4443,P034,5,0
OD13348,O4443,P035,2,5
OD13349,O4443,P025,5,10
OD13350,O4444,P029,3,10
OD13351,O4444,P033,5,15
OD13352,O4444,P025,5,0
OD13353,O4444,P021,3,5
OD13354,O4445,P028,3,5
OD13355,O4445,P048,2,20
OD13356,O4446,P023,3,5
OD13357,O4446,P049,4,0
OD13358,O4446,P041,4,0
OD13359,O4447,P015,3,20
OD13360,O4447,P032,3,20
OD13361,O4447,P003,3,15
OD13362,O4447,P029,5,5
OD13363,O4448,P002,2,0
OD13364,O4448,P018,3,20
OD13365,O4449,P046,2,15
OD13366,O4450,P038,4,5
OD13367,O4450,P023,3,15
OD13368,O4450,P006,3,15
OD13369,O4450,P022,1,15
OD13370,O4450,P039,3,10
OD13371,O4451,P046,2,15
OD13372,O4451,P019,5,15
OD13373,O4452,P035,1,20
OD13374,O4452,P039,3,20
OD13375,O4453,P041,1,15
OD13376,O4453,P029,1,20
OD13377,O4454,P041,3,5
OD13378,O4454,P045,3,5
OD13379,O4454,P002,5,0
OD13380,O4454,P016,1,10
OD13381,O4454,P044,3,20
OD13382,O4455,P049,2,5
OD13383,O4455,P037,2,10
OD13384,O4455,P031,4,5
OD13385,O4455,P047,5,10
OD13386,O4455,P005,1,20
OD13387,O4456,P004,1,10
OD13388,O4456,P034,3,10
OD13389,O4456,P023,4,15
OD13390,O4456,P014,2,20
OD13391,O4457,P050,4,0
OD13392,O4457,P048,4,5
OD13393,O4457,P037,5,20
OD13394,O4457,P038,2,15
OD13395,O4458,P010,1,20
OD13396,O4458,P003,4,10
OD13397,O4458,P027,1,0
OD13398,O4458,P008,3,10
OD13399,O4458,P009,1,10
OD13400,O4459,P029,1,10
OD13401,O4459,P019,4,20
OD13402,O4459,P008,2,10
OD13403,O4459,P028,1,5
OD13404,O4459,P027,1,5
OD13405,O4460,P040,4,5
OD13406,O4460,P004,2,5
OD13407,O4460,P028,4,20
OD13408,O4460,P038,1,5
OD13409,O4460,P026,4,20
OD13410,O4461,P027,1,20
OD13411,O4461,P046,5,0
OD13412,O4461,P002,1,15
OD13413,O4461,P010,2,20
OD13414,O4462,P012,2,15
OD13415,O4463,P034,3,5
OD13416,O4463,P014,2,10
OD13417,O4463,P039,4,20
OD13418,O4463,P019,2,15
OD13419,O4463,P015,4,15
OD13420,O4464,P039,1,0
OD13421,O4464,P004,1,20
OD13422,O4464,P027,1,0
OD13423,O4464,P016,4,15
OD13424,O4465,P016,1,20
OD13425,O4465,P027,5,15
OD13426,O4465,P048,1,0
OD13427,O4465,P014,5,10
OD13428,O4466,P036,5,5
OD13429,O4466,P007,1,15
OD13430,O4466,P026,3,15
OD13431,O4466,P042,1,0
OD13432,O4466,P030,4,5
OD13433,O4467,P042,3,0
OD13434,O4467,P049,4,20
OD13435,O4467,P048,5,0
OD13436,O4467,P018,5,0
OD13437,O4467,P040,5,10
OD13438,O4468,P026,2,0
OD13439,O4469,P021,3,10
OD13440,O4469,P003,2,5
OD13441,O4469,P018,2,10
OD13442,O4470,P035,4,5
OD13443,O4470,P036,4,15
OD13444,O4470,P047,5,20
OD13445,O4470,P025,2,5
OD13446,O4470,P049,3,10
OD13447,O4471,P008,2,5
OD13448,O4472,P017,1,10
OD13449,O4472,P021,3,20
OD13450,O4472,P009,5,20
OD13451,O4473,P027,4,20
OD13452,O4473,P039,1,20
OD13453,O4474,P035,4,0
OD13454,O4474,P028,2,10
OD13455,O4474,P036,5,0
OD13456,O4474,P046,3,10
OD13457,O4474,P013,2,15
OD13458,O4475,P017,4,5
OD13459,O4475,P005,3,20
OD13460,O4475,P029,1,10
OD13461,O4476,P037,2,0
OD13462,O4476,P023,3,5
OD13463,O4476,P045,4,10
OD13464,O4477,P021,5,0
OD13465,O4477,P013,3,10
OD13466,O4477,P006,1,15
OD13467,O4477,P041,3,0
OD13468,O4477,P034,4,5
OD13469,O4478,P002,5,15
OD13470,O4478,P046,1,15
OD13471,O4479,P014,5,10
OD13472,O4479,P008,4,5
OD13473,O4479,P019,3,10
OD13474,O4479,P042,3,10
OD13475,O4480,P013,5,20
OD13476,O4480,P020,4,10
OD13477,O4480,P046,1,15
OD13478,O4480,P047,4,15
OD13479,O4480,P023,2,20
OD13480,O4481,P043,5,20
OD13481,O4481,P045,5,10
OD13482,O4482,P032,2,15
OD13483,O4482,P028,3,0
OD13484,O4483,P040,5,5
OD13485,O4483,P033,4,10
OD13486,O4483,P031,4,20
OD13487,O4484,P042,4,20
OD13488,O4484,P015,3,10
OD13489,O4485,P036,1,0
OD13490,O4485,P027,2,5
OD13491,O4486,P034,3,20
OD13492,O4486,P040,3,20
OD13493,O4486,P010,4,0
OD13494,O4486,P002,2,10
OD13495,O4486,P031,2,0
OD13496,O4487,P014,2,5
OD13497,O4487,P029,5,5
OD13498,O4487,P025,1,20
OD13499,O4487,P030,5,10
OD13500,O4487,P043,2,10
OD13501,O4488,P008,2,20
OD13502,O4488,P033,3,20
OD13503,O4488,P039,3,0
OD13504,O4489,P043,1,5
OD13505,O4489,P036,4,0
OD13506,O4490,P039,1,5
OD13507,O4490,P034,4,5
OD13508,O4490,P041,5,10
OD13509,O4490,P032,4,20
OD13510,O4491,P044,1,5
OD13511,O4491,P042,1,0
OD13512,O4491,P019,4,15
OD13513,O4491,P032,4,5
OD13514,O4491,P049,2,5
OD13515,O4492,P030,5,10
OD13516,O4492,P011,2,20
OD13517,O4492,P044,4,20
OD13518,O4493,P039,3,15
OD13519,O4493,P044,4,15
OD13520,O4493,P029,5,0
OD13521,O4494,P012,2,15
OD13522,O4494,P024,1,0
OD13523,O4494,P028,5,15
OD13524,O4494,P023,5,5
OD13525,O4495,P045,1,20
OD13526,O4496,P026,3,20
OD13527,O4497,P035,2,5
OD13528,O4497,P003,5,10
OD13529,O4497,P023,3,15
OD13530,O4497,P028,2,0
OD13531,O4498,P046,2,0
OD13532,O4498,P007,4,0
OD13533,O4498,P018,4,5
OD13534,O4499,P026,1,0
OD13535,O4499,P035,2,20
OD13536,O4499,P015,4,10
OD13537,O4499,P042,3,20
OD13538,O4499,P050,2,10
OD13539,O4500,P041,1,0
OD13540,O4500,P032,3,15
OD13541,O4500,P048,2,0
OD13542,O4501,P014,1,0
OD13543,O4501,P009,4,15
OD13544,O4502,P017,3,15
OD13545,O4502,P014,3,15
OD13546,O4503,P050,4,0
OD13547,O4503,P034,4,20
OD13548,O4503,P004,1,0
OD13549,O4504,P041,1,10
OD13550,O4504,P028,3,10
OD13551,O4504,P036,2,5
OD13552,O4505,P036,4,0
OD13553,O4505,P010,5,0
OD13554,O4505,P022,1,5
OD13555,O4506,P041,4,5
OD13556,O4506,P010,3,15
OD13557,O4506,P035,2,0
OD13558,O4506,P020,5,20
OD13559,O4507,P025,1,20
OD13560,O4507,P031,3,20
OD13561,O4508,P043,2,0
OD13562,O4508,P007,2,20
OD13563,O4508,P048,3,20
OD13564,O4508,P003,1,0
OD13565,O4508,P027,4,10
OD13566,O4509,P018,2,0
OD13567,O4509,P030,5,20
OD13568,O4509,P028,4,10
OD13569,O4509,P003,3,20
OD13570,O4509,P036,4,0
OD13571,O4510,P017,3,5
OD13572,O4510,P009,2,10
OD13573,O4510,P026,5,0
OD13574,O4510,P041,3,5
OD13575,O4510,P007,4,15
OD13576,O4511,P004,2,20
OD13577,O4511,P042,2,0
OD13578,O4511,P013,1,20
OD13579,O4511,P032,4,20
OD13580,O4511,P007,2,0
OD13581,O4512,P007,5,15
OD13582,O4512,P001,4,0
OD13583,O4512,P021,1,10
OD13584,O4513,P002,4,20
OD13585,O4513,P001,3,10
OD13586,O4513,P046,4,15
OD13587,O4514,P015,2,10
OD13588,O4515,P043,2,0
OD13589,O4515,P007,1,0
OD13590,O4515,P014,2,5
OD13591,O4516,P017,4,20
OD13592,O4516,P004,1,20
OD13593,O4516,P014,5,5
OD13594,O4517,P028,1,5
OD13595,O4518,P041,4,15
OD13596,O4518,P037,2,5
OD13597,O4518,P030,5,0
OD13598,O4518,P039,4,10
OD13599,O4519,P027,2,5
OD13600,O4519,P007,4,10
OD13601,O4519,P012,1,5
OD13602,O4519,P017,2,20
OD13603,O4519,P037,5,10
OD13604,O4520,P008,4,0
OD13605,O4520,P028,2,20
OD13606,O4520,P037,1,10
OD13607,O4521,P024,1,10
OD13608,O4521,P003,5,10
OD13609,O4521,P050,5,20
OD13610,O4521,P029,4,10
OD13611,O4522,P010,1,5
OD13612,O4522,P031,2,5
OD13613,O4522,P009,2,5
OD13614,O4522,P016,4,10
OD13615,O4522,P018,3,0
OD13616,O4523,P030,3,10
OD13617,O4524,P035,3,10
OD13618,O4524,P042,2,5
OD13619,O4524,P024,5,0
OD13620,O4524,P045,3,10
OD13621,O4524,P046,3,10
OD13622,O4525,P022,2,20
OD13623,O4525,P021,5,0
OD13624,O4525,P017,3,15
OD13625,O4525,P040,1,5
OD13626,O4525,P036,2,15
OD13627,O4526,P025,3,10
OD13628,O4526,P037,2,20
OD13629,O4526,P012,5,15
OD13630,O4526,P002,4,15
OD13631,O4526,P026,4,15
OD13632,O4527,P047,5,5
OD13633,O4527,P017,3,15
OD13634,O4527,P032,5,20
OD13635,O4528,P024,1,20
OD13636,O4528,P002,2,20
OD13637,O4528,P028,4,10
OD13638,O4529,P030,2,0
OD13639,O4529,P019,1,10
OD13640,O4529,P048,4,15
OD13641,O4529,P038,2,0
OD13642,O4529,P011,5,20
OD13643,O4530,P033,3,10
OD13644,O4530,P028,3,10
OD13645,O4530,P025,5,0
OD13646,O4530,P021,2,0
OD13647,O4530,P029,3,5
OD13648,O4531,P036,1,10
OD13649,O4531,P048,2,20
OD13650,O4531,P022,5,15
OD13651,O4532,P007,4,5
OD13652,O4533,P039,5,15
OD13653,O4534,P022,1,5
OD13654,O4534,P005,1,10
OD13655,O4534,P002,3,15
OD13656,O4535,P012,4,20
OD13657,O4536,P022,5,5
OD13658,O4537,P046,5,15
OD13659,O4537,P011,3,15
OD13660,O4538,P020,4,15
OD13661,O4538,P032,4,15
OD13662,O4538,P027,1,15
OD13663,O4539,P022,5,5
OD13664,O4539,P026,1,5
OD13665,O4539,P045,5,0
OD13666,O4539,P012,4,20
OD13667,O4540,P050,3,15
OD13668,O4541,P007,2,0
OD13669,O4541,P002,4,20
OD13670,O4542,P001,3,10
OD13671,O4542,P026,1,5
OD13672,O4542,P050,3,15
OD13673,O4543,P037,1,0
OD13674,O4543,P041,1,0
OD13675,O4544,P037,3,10
OD13676,O4544,P027,5,0
OD13677,O4544,P033,5,0
OD13678,O4545,P036,1,10
OD13679,O4546,P016,1,5
OD13680,O4546,P035,2,15
OD13681,O4546,P030,3,20
OD13682,O4546,P049,1,10
OD13683,O4546,P041,2,15
OD13684,O4547,P048,2,15
OD13685,O4547,P050,1,10
OD13686,O4547,P021,5,5
OD13687,O4548,P030,3,10
OD13688,O4548,P033,3,0
OD13689,O4548,P006,2,5
OD13690,O4548,P021,5,20
OD13691,O4549,P044,1,20
OD13692,O4549,P008,1,20
OD13693,O4550,P019,5,5
OD13694,O4550,P015,3,15
OD13695,O4550,P030,1,20
OD13696,O4550,P031,4,20
OD13697,O4550,P036,2,20
OD13698,O4551,P031,4,20
OD13699,O4552,P014,1,10
OD13700,O4552,P008,4,20
OD13701,O4552,P007,3,0
OD13702,O4553,P011,1,0
OD13703,O4553,P027,2,10
OD13704,O4554,P036,3,15
OD13705,O4554,P049,5,15
OD13706,O4554,P020,3,15
OD13707,O4554,P042,2,0
OD13708,O4554,P008,1,15
OD13709,O4555,P030,3,15
OD13710,O4556,P048,5,15
OD13711,O4557,P010,2,0
OD13712,O4558,P001,4,20
OD13713,O4558,P047,4,20
OD13714,O4559,P003,5,0
OD13715,O4559,P017,5,5
OD13716,O4559,P001,5,20
OD13717,O4559,P050,3,5
OD13718,O4560,P003,5,15
OD13719,O4560,P029,2,10
OD13720,O4560,P043,5,15
OD13721,O4561,P049,4,0
OD13722,O4561,P027,2,5
OD13723,O4561,P030,1,5
OD13724,O4561,P040,2,0
OD13725,O4561,P017,4,15
OD13726,O4562,P024,1,10
OD13727,O4562,P022,3,5
OD13728,O4562,P041,2,0
OD13729,O4563,P018,4,15
OD13730,O4563,P020,2,10
OD13731,O4563,P034,1,10
OD13732,O4563,P015,2,15
OD13733,O4563,P049,5,20
OD13734,O4564,P016,5,0
OD13735,O4564,P019,1,5
OD13736,O4564,P024,1,0
OD13737,O4564,P045,4,5
OD13738,O4564,P003,1,0
OD13739,O4565,P027,2,5
OD13740,O4565,P033,5,20
OD13741,O4565,P026,4,5
OD13742,O4566,P007,4,20
OD13743,O4566,P049,1,5
OD13744,O4566,P005,2,10
OD13745,O4566,P034,3,20
OD13746,O4566,P023,1,5
OD13747,O4567,P003,2,20
OD13748,O4567,P034,2,20
OD13749,O4567,P046,4,15
OD13750,O4568,P033,5,5
OD13751,O4568,P016,4,5
OD13752,O4569,P012,4,20
OD13753,O4569,P010,1,0
OD13754,O4569,P032,1,20
OD13755,O4569,P008,2,20
OD13756,O4569,P039,4,10
OD13757,O4570,P014,3,0
OD13758,O4570,P027,2,15
OD13759,O4570,P004,1,15
OD13760,O4570,P026,1,15
OD13761,O4571,P036,1,5
OD13762,O4571,P044,4,10
OD13763,O4571,P006,2,20
OD13764,O4571,P026,5,20
OD13765,O4572,P039,3,15
OD13766,O4572,P035,3,20
OD13767,O4572,P030,2,0
OD13768,O4572,P050,3,20
OD13769,O4573,P018,4,15
OD13770,O4573,P003,2,0
OD13771,O4573,P010,4,0
OD13772,O4573,P037,1,5
OD13773,O4574,P042,1,0
OD13774,O4575,P027,2,10
OD13775,O4575,P045,3,20
OD13776,O4575,P033,2,5
OD13777,O4575,P035,1,0
OD13778,O4576,P007,3,5
OD13779,O4576,P044,5,20
OD13780,O4576,P018,5,0
OD13781,O4576,P049,2,5
OD13782,O4577,P027,3,15
OD13783,O4577,P015,1,20
OD13784,O4578,P044,5,15
OD13785,O4579,P027,4,20
OD13786,O4580,P012,4,20
OD13787,O4580,P024,3,0
OD13788,O4581,P050,1,15
OD13789,O4581,P026,4,5
OD13790,O4581,P038,4,0
OD13791,O4581,P040,4,0
OD13792,O4582,P024,5,20
OD13793,O4582,P033,3,0
OD13794,O4583,P008,3,20
OD13795,O4583,P044,3,20
OD13796,O4583,P039,2,0
OD13797,O4584,P003,4,20
OD13798,O4584,P008,2,15
OD13799,O4584,P027,4,0
OD13800,O4584,P009,3,5
OD13801,O4585,P026,4,20
OD13802,O4585,P008,4,20
OD13803,O4586,P028,1,15
OD13804,O4586,P029,2,0
OD13805,O4586,P048,2,10
OD13806,O4586,P006,3,0
OD13807,O4586,P043,1,10
OD13808,O4587,P034,1,20
OD13809,O4587,P041,5,5
OD13810,O4587,P001,4,10
OD13811,O4587,P039,4,10
OD13812,O4588,P011,3,0
OD13813,O4588,P005,3,5
OD13814,O4588,P032,2,15
OD13815,O4589,P033,4,0
OD13816,O4589,P011,3,20
OD13817,O4589,P025,4,10
OD13818,O4589,P023,5,15
OD13819,O4589,P002,1,10
OD13820,O4590,P021,3,15
OD13821,O4590,P044,2,10
OD13822,O4590,P027,1,15
OD13823,O4590,P031,3,0
OD13824,O4591,P029,4,5
OD13825,O4591,P023,5,20
OD13826,O4591,P007,1,15
OD13827,O4591,P004,3,0
OD13828,O4592,P016,4,15
OD13829,O4592,P028,1,15
OD13830,O4592,P033,1,10
OD13831,O4593,P045,2,0
OD13832,O4593,P006,3,20
OD13833,O4593,P046,3,15
OD13834,O4593,P016,2,15
OD13835,O4594,P018,2,5
OD13836,O4595,P002,4,20
OD13837,O4595,P019,4,20
OD13838,O4595,P011,5,10
OD13839,O4595,P035,5,15
OD13840,O4596,P023,3,5
OD13841,O4596,P038,1,5
OD13842,O4596,P008,5,10
OD13843,O4597,P027,1,0
OD13844,O4597,P045,1,0
OD13845,O4597,P041,2,5
OD13846,O4597,P047,3,20
OD13847,O4598,P034,3,5
OD13848,O4598,P042,4,15
OD13849,O4599,P039,3,10
OD13850,O4599,P007,2,5
OD13851,O4600,P033,3,20
OD13852,O4600,P050,2,0
OD13853,O4601,P047,1,10
OD13854,O4601,P037,5,15
OD13855,O4602,P021,1,5
OD13856,O4602,P005,5,5
OD13857,O4602,P001,3,0
OD13858,O4602,P030,5,10
OD13859,O4603,P008,4,5
OD13860,O4603,P033,5,10
OD13861,O4604,P039,3,15
OD13862,O4604,P004,2,0
OD13863,O4605,P021,1,5
OD13864,O4606,P010,5,0
OD13865,O4606,P047,2,15
OD13866,O4607,P016,2,10
OD13867,O4607,P045,3,20
OD13868,O4608,P022,3,5
OD13869,O4608,P002,2,10
OD13870,O4608,P015,1,5
OD13871,O4608,P001,3,0
OD13872,O4609,P008,2,10
OD13873,O4610,P033,5,15
OD13874,O4611,P009,5,10
OD13875,O4612,P034,2,20
OD13876,O4612,P022,3,15
OD13877,O4613,P027,4,10
OD13878,O4614,P002,3,20
OD13879,O4614,P005,4,10
OD13880,O4614,P018,3,5
OD13881,O4614,P038,1,0
OD13882,O4614,P015,4,15
OD13883,O4615,P049,2,10
OD13884,O4615,P047,4,5
OD13885,O4616,P046,5,5
OD13886,O4616,P024,3,10
OD13887,O4616,P012,1,10
OD13888,O4617,P018,5,0
OD13889,O4617,P012,4,5
OD13890,O4617,P017,4,15
OD13891,O4617,P005,3,10
OD13892,O4618,P012,3,10
OD13893,O4619,P035,5,10
OD13894,O4620,P019,3,5
OD13895,O4621,P027,2,10
OD13896,O4621,P045,3,15
OD13897,O4621,P011,1,10
OD13898,O4622,P043,1,10
OD13899,O4622,P029,5,15
OD13900,O4622,P046,5,0
OD13901,O4623,P034,5,5
OD13902,O4623,P021,3,0
OD13903,O4623,P002,3,10
OD13904,O4623,P013,5,10
OD13905,O4623,P023,5,10
OD13906,O4624,P043,1,5
OD13907,O4624,P010,1,15
OD13908,O4624,P044,4,5
OD13909,O4625,P007,1,15
OD13910,O4625,P017,4,0
OD13911,O4625,P023,3,0
OD13912,O4625,P031,3,20
OD13913,O4626,P018,3,20
OD13914,O4626,P023,1,10
OD13915,O4626,P009,2,20
OD13916,O4626,P039,1,5
OD13917,O4626,P036,2,20
OD13918,O4627,P015,4,15
OD13919,O4627,P042,4,15
OD13920,O4628,P038,3,0
OD13921,O4628,P021,5,15
OD13922,O4628,P028,3,20
OD13923,O4628,P011,1,20
OD13924,O4628,P047,3,10
OD13925,O4629,P018,3,0
OD13926,O4629,P043,4,0
OD13927,O4629,P036,5,0
OD13928,O4630,P001,5,15
OD13929,O4630,P041,4,20
OD13930,O4630,P034,2,20
OD13931,O4630,P014,1,10
OD13932,O4631,P001,4,0
OD13933,O4631,P041,4,10
OD13934,O4631,P011,4,20
OD13935,O4631,P039,1,15
OD13936,O4632,P033,3,0
OD13937,O4632,P029,2,20
OD13938,O4632,P001,2,5
OD13939,O4632,P028,4,20
OD13940,O4633,P006,4,20
OD13941,O4633,P016,4,0
OD13942,O4633,P028,4,10
OD13943,O4633,P041,2,10
OD13944,O4633,P014,1,20
OD13945,O4634,P026,1,5
OD13946,O4634,P043,5,15
OD13947,O4634,P048,1,5
OD13948,O4634,P039,2,0
OD13949,O4635,P034,4,20
OD13950,O4635,P007,3,15
OD13951,O4635,P044,5,15
OD13952,O4635,P039,5,0
OD13953,O4635,P006,4,5
OD13954,O4636,P017,1,15
OD13955,O4636,P021,3,15
OD13956,O4637,P019,3,10
OD13957,O4638,P006,1,10
OD13958,O4639,P021,4,15
OD13959,O4639,P028,5,10
OD13960,O4639,P034,1,20
OD13961,O4639,P049,5,10
OD13962,O4640,P033,5,20
OD13963,O4640,P030,5,15
OD13964,O4640,P047,3,10
OD13965,O4641,P039,5,5
OD13966,O4641,P033,3,10
OD13967,O4641,P012,2,5
OD13968,O4641,P007,3,0
OD13969,O4641,P014,5,10
OD13970,O4642,P016,1,10
OD13971,O4642,P006,1,0
OD13972,O4643,P033,2,20
OD13973,O4643,P040,3,15
OD13974,O4643,P027,3,15
OD13975,O4643,P046,4,20
OD13976,O4644,P037,3,5
OD13977,O4644,P036,5,5
OD13978,O4645,P050,5,20
OD13979,O4645,P032,2,5
OD13980,O4645,P006,4,15
OD13981,O4645,P038,1,10
OD13982,O4645,P005,1,10
OD13983,O4646,P030,1,10
OD13984,O4646,P044,1,20
OD13985,O4646,P032,5,15
OD13986,O4646,P017,4,15
OD13987,O4646,P028,4,5
OD13988,O4647,P045,2,5
OD13989,O4648,P034,4,20
OD13990,O4648,P048,5,20
OD13991,O4648,P019,2,5
OD13992,O4648,P033,4,15
OD13993,O4648,P017,4,20
OD13994,O4649,P021,4,20
OD13995,O4650,P011,1,15
OD13996,O4650,P045,4,5
OD13997,O4650,P026,1,0
OD13998,O4650,P019,5,15
OD13999,O4651,P001,1,10
OD14000,O4652,P044,4,15
OD14001,O4652,P025,2,15
OD14002,O4652,P030,4,20
OD14003,O4652,P004,5,10
OD14004,O4653,P048,4,15
OD14005,O4654,P007,4,5
OD14006,O4655,P043,1,15
OD14007,O4656,P020,5,0
OD14008,O4656,P032,2,0
OD14009,O4657,P006,2,10
OD14010,O4657,P001,4,15
OD14011,O4657,P010,1,5
OD14012,O4657,P030,1,0
OD14013,O4658,P044,3,20
OD14014,O4658,P037,4,20
OD14015,O4658,P015,4,15
OD14016,O4658,P042,5,20
OD14017,O4658,P001,2,0
OD14018,O4659,P034,4,20
OD14019,O4659,P010,5,20
OD14020,O4659,P030,5,15
OD14021,O4660,P037,3,5
OD14022,O4660,P026,1,10
OD14023,O4660,P004,2,15
OD14024,O4661,P015,4,20
OD14025,O4662,P045,2,5
OD14026,O4662,P049,4,15
OD14027,O4662,P035,2,15
OD14028,O4663,P029,4,0
OD14029,O4663,P025,1,5
OD14030,O4663,P011,3,0
OD14031,O4663,P007,1,5
OD14032,O4664,P032,3,15
OD14033,O4665,P002,1,5
OD14034,O4665,P031,1,5
OD14035,O4665,P038,4,20
OD14036,O4666,P037,1,10
OD14037,O4666,P045,4,0
OD14038,O4666,P006,4,5
OD14039,O4666,P033,1,5
OD14040,O4666,P018,1,0
OD14041,O4667,P016,1,10
OD14042,O4667,P047,5,5
OD14043,O4668,P007,4,10
OD14044,O4668,P019,2,20
OD14045,O4668,P029,3,20
OD14046,O4668,P002,2,20
OD14047,O4668,P047,2,15
OD14048,O4669,P041,1,15
OD14049,O4669,P011,5,10
OD14050,O4669,P002,1,0
OD14051,O4670,P028,5,20
OD14052,O4670,P036,3,20
OD14053,O4670,P021,3,20
OD14054,O4670,P013,1,5
OD14055,O4671,P033,5,15
OD14056,O4671,P031,5,20
OD14057,O4671,P043,1,20
OD14058,O4671,P030,4,5
OD14059,O4671,P041,3,15
OD14060,O4672,P020,5,15
OD14061,O4672,P028,2,10
OD14062,O4672,P001,2,5
OD14063,O4673,P042,3,15
OD14064,O4673,P007,5,0
OD14065,O4673,P001,3,10
OD14066,O4674,P048,1,0
OD14067,O4674,P037,2,5
OD14068,O4675,P048,2,0
OD14069,O4675,P045,2,10
OD14070,O4676,P025,4,20
OD14071,O4676,P039,1,5
OD14072,O4676,P038,5,15
OD14073,O4676,P019,1,15
OD14074,O4676,P046,2,0
OD14075,O4677,P037,2,10
OD14076,O4678,P017,4,20
OD14077,O4678,P005,1,20
OD14078,O4678,P039,1,10
OD14079,O4679,P037,5,15
OD14080,O4679,P031,2,15
OD14081,O4680,P008,1,5
OD14082,O4680,P043,5,10
OD14083,O4680,P029,5,15
OD14084,O4680,P036,5,0
OD14085,O4681,P031,3,0
OD14086,O4681,P033,2,0
OD14087,O4682,P011,4,10
OD14088,O4682,P043,5,20
OD14089,O4682,P005,2,20
OD14090,O4683,P007,1,10
OD14091,O4683,P047,3,10
OD14092,O4683,P022,1,0
OD14093,O4683,P043,4,15
OD14094,O4684,P044,2,5
OD14095,O4684,P042,4,10
OD14096,O4684,P014,3,5
OD14097,O4685,P018,4,20
OD14098,O4685,P021,3,10
OD14099,O4685,P036,5,15
OD14100,O4686,P032,2,10
OD14101,O4686,P034,4,0
OD14102,O4686,P037,2,5
OD14103,O4686,P039,2,0
OD14104,O4686,P048,2,15
OD14105,O4687,P004,4,5
OD14106,O4687,P030,1,5
OD14107,O4687,P025,3,20
OD14108,O4687,P021,3,20
OD14109,O4687,P023,3,20
OD14110,O4688,P004,4,10
OD14111,O4688,P048,3,15
OD14112,O4688,P045,3,10
OD14113,O4688,P006,5,20
OD14114,O4689,P047,5,0
OD14115,O4689,P032,5,5
OD14116,O4689,P010,1,5
OD14117,O4689,P033,1,20
OD14118,O4690,P028,5,15
OD14119,O4690,P010,2,10
OD14120,O4690,P008,4,15
OD14121,O4691,P028,1,20
OD14122,O4691,P041,2,10
OD14123,O4692,P049,2,15
OD14124,O4693,P025,1,20
OD14125,O4694,P025,2,20
OD14126,O4694,P035,3,0
OD14127,O4694,P027,2,5
OD14128,O4694,P011,4,5
OD14129,O4694,P015,4,5
OD14130,O4695,P017,5,0
OD14131,O4695,P034,1,10
OD14132,O4695,P015,2,0
OD14133,O4695,P020,3,20
OD14134,O4695,P033,2,10
OD14135,O4696,P007,2,15
OD14136,O4696,P037,5,15
OD14137,O4696,P031,4,0
OD14138,O4697,P002,5,20
OD14139,O4697,P026,5,15
OD14140,O4698,P019,3,5
OD14141,O4698,P023,2,5
OD14142,O4699,P022,3,0
OD14143,O4699,P015,3,20
OD14144,O4699,P008,1,20
OD14145,O4699,P037,5,15
OD14146,O4700,P043,5,15
OD14147,O4700,P046,2,0
OD14148,O4701,P047,4,5
OD14149,O4701,P039,4,20
OD14150,O4701,P019,1,15
OD14151,O4702,P004,3,15
OD14152,O4703,P034,1,15
OD14153,O4703,P026,4,20
OD14154,O4703,P041,3,20
OD14155,O4704,P050,4,5
OD14156,O4704,P022,3,10
OD14157,O4704,P015,3,20
OD14158,O4705,P037,1,15
OD14159,O4705,P033,1,10
OD14160,O4705,P030,2,5
OD14161,O4706,P037,2,15
OD14162,O4706,P024,4,5
OD14163,O4707,P014,5,5
OD14164,O4707,P017,4,0
OD14165,O4707,P032,1,15
OD14166,O4708,P043,5,5
OD14167,O4708,P050,5,0
OD14168,O4709,P019,4,15
OD14169,O4709,P050,5,0
OD14170,O4710,P030,3,10
OD14171,O4710,P048,3,15
OD14172,O4711,P015,5,0
OD14173,O4711,P016,1,10
OD14174,O4711,P030,2,5
OD14175,O4712,P005,2,10
OD14176,O4712,P012,5,10
OD14177,O4713,P002,5,20
OD14178,O4713,P023,5,15
OD14179,O4713,P009,1,15
OD14180,O4713,P039,1,10
OD14181,O4713,P040,2,15
OD14182,O4714,P039,4,20
OD14183,O4715,P046,4,20
OD14184,O4715,P037,4,15
OD14185,O4715,P022,2,20
OD14186,O4715,P017,2,10
OD14187,O4716,P040,4,20
OD14188,O4717,P030,4,20
OD14189,O4717,P038,5,20
OD14190,O4717,P005,4,0
OD14191,O4717,P024,3,0
OD14192,O4717,P044,2,0
OD14193,O4718,P005,4,5
OD14194,O4718,P014,4,5
OD14195,O4718,P040,2,5
OD14196,O4719,P020,3,5
OD14197,O4720,P046,2,15
OD14198,O4721,P050,1,20
OD14199,O4721,P043,2,5
OD14200,O4721,P040,1,15
OD14201,O4721,P012,5,20
OD14202,O4721,P005,2,20
OD14203,O4722,P022,2,10
OD14204,O4722,P031,1,15
OD14205,O4722,P013,2,15
OD14206,O4722,P014,3,0
OD14207,O4722,P044,1,5
OD14208,O4723,P018,1,20
OD14209,O4723,P035,4,0
OD14210,O4723,P041,2,5
OD14211,O4723,P006,2,15
OD14212,O4724,P032,5,0
OD14213,O4725,P004,2,10
OD14214,O4726,P043,4,0
OD14215,O4726,P036,2,0
OD14216,O4726,P026,3,20
OD14217,O4726,P012,2,20
OD14218,O4726,P033,2,15
OD14219,O4727,P028,3,15
OD14220,O4728,P030,5,20
OD14221,O4728,P023,3,0
OD14222,O4729,P041,1,5
OD14223,O4729,P038,1,0
OD14224,O4729,P036,3,15
OD14225,O4729,P034,2,15
OD14226,O4729,P037,4,15
OD14227,O4730,P031,3,15
OD14228,O4731,P047,1,0
OD14229,O4731,P024,5,20
OD14230,O4731,P033,1,15
OD14231,O4731,P032,1,15
OD14232,O4732,P023,4,20
OD14233,O4732,P029,4,10
OD14234,O4732,P015,1,10
OD14235,O4732,P037,5,5
OD14236,O4732,P018,4,15
OD14237,O4733,P013,1,10
OD14238,O4733,P041,5,15
OD14239,O4733,P024,4,10
OD14240,O4734,P001,4,10
OD14241,O4734,P028,5,0
OD14242,O4734,P004,5,5
OD14243,O4734,P031,4,5
OD14244,O4734,P026,3,10
OD14245,O4735,P001,1,5
OD14246,O4735,P028,1,0
OD14247,O4735,P024,1,5
OD14248,O4735,P011,4,5
OD14249,O4736,P042,5,0
OD14250,O4736,P030,3,15
OD14251,O4737,P047,2,5
OD14252,O4737,P018,4,10
OD14253,O4738,P042,3,15
OD14254,O4738,P006,4,0
OD14255,O4738,P022,3,5
OD14256,O4738,P031,1,10
OD14257,O4738,P046,2,15
OD14258,O4739,P010,5,0
OD14259,O4740,P037,5,0
OD14260,O4740,P027,1,15
OD14261,O4740,P007,2,15
OD14262,O4740,P048,5,15
OD14263,O4741,P020,1,20
OD14264,O4741,P029,5,15
OD14265,O4742,P035,2,10
OD14266,O4743,P013,3,5
OD14267,O4743,P023,2,15
OD14268,O4743,P035,3,20
OD14269,O4743,P007,3,15
OD14270,O4743,P026,3,5
OD14271,O4744,P017,1,10
OD14272,O4745,P008,3,5
OD14273,O4746,P016,5,15
OD14274,O4747,P042,4,5
OD14275,O4747,P002,2,0
OD14276,O4747,P032,2,15
OD14277,O4748,P050,5,5
OD14278,O4748,P023,5,20
OD14279,O4748,P034,5,10
OD14280,O4749,P020,2,10
OD14281,O4749,P036,4,15
OD14282,O4749,P015,1,20
OD14283,O4749,P027,5,5
OD14284,O4749,P049,1,5
OD14285,O4750,P010,2,20
OD14286,O4750,P048,2,10
OD14287,O4751,P044,5,5
OD14288,O4752,P001,2,5
OD14289,O4753,P018,5,15
OD14290,O4754,P019,3,5
OD14291,O4754,P016,5,0
OD14292,O4755,P045,4,10
OD14293,O4755,P007,1,0
OD14294,O4756,P033,2,20
OD14295,O4757,P004,3,10
OD14296,O4757,P006,5,15
OD14297,O4758,P016,5,0
OD14298,O4758,P010,1,15
OD14299,O4758,P001,1,0
OD14300,O4759,P004,4,10
OD14301,O4759,P010,1,5
OD14302,O4760,P015,3,20
OD14303,O4760,P035,2,0
OD14304,O4760,P031,3,0
OD14305,O4760,P032,2,15
OD14306,O4761,P018,5,5
OD14307,O4761,P039,3,5
OD14308,O4761,P037,5,10
OD14309,O4762,P017,5,0
OD14310,O4762,P049,3,20
OD14311,O4762,P034,2,20
OD14312,O4762,P046,5,10
OD14313,O4762,P003,4,15
OD14314,O4763,P007,4,0
OD14315,O4763,P009,5,0
OD14316,O4763,P017,5,5
OD14317,O4763,P011,1,5
OD14318,O4764,P043,3,10
OD14319,O4765,P034,3,5
OD14320,O4765,P042,4,5
OD14321,O4766,P027,1,20
OD14322,O4766,P003,2,10
OD14323,O4766,P036,2,10
OD14324,O4767,P008,5,15
OD14325,O4767,P040,2,0
OD14326,O4768,P004,1,20
OD14327,O4768,P050,3,15
OD14328,O4769,P044,1,10
OD14329,O4769,P015,4,15
OD14330,O4770,P010,4,20
OD14331,O4770,P018,1,10
OD14332,O4770,P049,1,10
OD14333,O4770,P047,2,10
OD14334,O4770,P013,3,20
OD14335,O4771,P034,2,20
OD14336,O4771,P006,3,5
OD14337,O4771,P008,3,10
OD14338,O4772,P042,1,10
OD14339,O4772,P034,4,5
OD14340,O4772,P018,5,0
OD14341,O4772,P013,1,5
OD14342,O4772,P027,2,0
OD14343,O4773,P021,2,20
OD14344,O4774,P041,2,20
OD14345,O4774,P012,3,15
OD14346,O4774,P005,5,20
OD14347,O4774,P036,1,15
OD14348,O4775,P005,2,10
OD14349,O4776,P032,2,20
OD14350,O4777,P011,4,15
OD14351,O4777,P018,1,5
OD14352,O4777,P014,3,10
OD14353,O4777,P045,3,20
OD14354,O4778,P004,3,5
OD14355,O4779,P044,5,15
OD14356,O4779,P033,3,15
OD14357,O4779,P025,2,5
OD14358,O4779,P031,2,15
OD14359,O4779,P022,3,0
OD14360,O4780,P017,5,5
OD14361,O4780,P012,4,5
OD14362,O4780,P005,5,5
OD14363,O4781,P026,3,20
OD14364,O4781,P024,1,0
OD14365,O4781,P039,5,0
OD14366,O4782,P007,1,0
OD14367,O4782,P020,4,5
OD14368,O4782,P037,3,20
OD14369,O4783,P017,2,0
OD14370,O4784,P001,5,5
OD14371,O4784,P006,1,10
OD14372,O4784,P044,4,0
OD14373,O4785,P034,2,0
OD14374,O4785,P045,1,20
OD14375,O4785,P022,4,10
OD14376,O4785,P015,2,20
OD14377,O4786,P008,1,15
OD14378,O4787,P024,4,10
OD14379,O4788,P034,2,20
OD14380,O4788,P017,4,5
OD14381,O4788,P027,3,10
OD14382,O4789,P031,1,20
OD14383,O4789,P009,2,10
OD14384,O4789,P030,5,15
OD14385,O4789,P015,1,15
OD14386,O4789,P041,3,5
OD14387,O4790,P013,2,5
OD14388,O4790,P045,4,15
OD14389,O4790,P005,5,0
OD14390,O4790,P048,5,20
OD14391,O4791,P011,4,10
OD14392,O4791,P026,5,15
OD14393,O4791,P037,1,15
OD14394,O4791,P019,1,10
OD14395,O4792,P046,4,5
OD14396,O4792,P035,2,20
OD14397,O4792,P032,5,20
OD14398,O4792,P025,2,0
OD14399,O4792,P050,5,0
OD14400,O4793,P029,5,10
OD14401,O4793,P044,4,10
OD14402,O4793,P026,2,15
OD14403,O4793,P023,2,15
OD14404,O4793,P005,2,5
OD14405,O4794,P016,1,20
OD14406,O4794,P038,3,0
OD14407,O4794,P048,3,5
OD14408,O4794,P031,5,20
OD14409,O4794,P010,5,10
OD14410,O4795,P025,5,0
OD14411,O4796,P001,4,0
OD14412,O4796,P004,1,15
OD14413,O4797,P031,3,10
OD14414,O4797,P039,3,0
OD14415,O4798,P003,4,5
OD14416,O4798,P037,3,0
OD14417,O4798,P007,3,10
OD14418,O4799,P040,1,15
OD14419,O4799,P036,4,0
OD14420,O4800,P010,5,15
OD14421,O4800,P037,3,10
OD14422,O4800,P033,2,20
OD14423,O4800,P020,1,0
OD14424,O4800,P004,1,0
OD14425,O4801,P020,1,20
OD14426,O4802,P013,1,10
OD14427,O4802,P046,2,0
OD14428,O4802,P037,2,15
OD14429,O4802,P040,2,5
OD14430,O4802,P004,4,10
OD14431,O4803,P016,5,0
OD14432,O4803,P044,3,0
OD14433,O4803,P007,5,5
OD14434,O4803,P006,2,20
OD14435,O4804,P039,3,5
OD14436,O4805,P012,5,0
OD14437,O4806,P038,2,15
OD14438,O4806,P026,2,10
OD14439,O4806,P034,2,0
OD14440,O4806,P006,1,20
OD14441,O4807,P010,4,15
OD14442,O4807,P004,2,0
OD14443,O4807,P027,3,0
OD14444,O4807,P045,2,20
OD14445,O4807,P030,5,0
OD14446,O4808,P043,1,5
OD14447,O4808,P011,5,5
OD14448,O4809,P029,1,20
OD14449,O4809,P030,1,15
OD14450,O4809,P032,5,15
OD14451,O4809,P027,5,10
OD14452,O4809,P050,5,10
OD14453,O4810,P038,2,0
OD14454,O4810,P050,4,15
OD14455,O4811,P005,1,20
OD14456,O4811,P043,3,20
OD14457,O4811,P022,3,5
OD14458,O4811,P002,2,10
OD14459,O4812,P013,5,15
OD14460,O4813,P027,4,20
OD14461,O4813,P022,3,15
OD14462,O4813,P013,2,0
OD14463,O4814,P030,4,10
OD14464,O4814,P009,1,20
OD14465,O4815,P044,1,5
OD14466,O4815,P030,4,0
OD14467,O4815,P049,2,10
OD14468,O4815,P033,1,15
OD14469,O4815,P027,4,20
OD14470,O4816,P019,5,15
OD14471,O4817,P014,2,10
OD14472,O4817,P050,4,15
OD14473,O4817,P046,1,20
OD14474,O4818,P013,3,5
OD14475,O4818,P006,3,15
OD14476,O4818,P036,5,5
OD14477,O4818,P005,5,15
OD14478,O4819,P050,4,5
OD14479,O4819,P024,4,15
OD14480,O4819,P031,2,15
OD14481,O4820,P017,5,10
OD14482,O4820,P031,2,10
OD14483,O4820,P037,5,10
OD14484,O4821,P015,2,5
OD14485,O4821,P040,2,0
OD14486,O4821,P006,3,20
OD14487,O4821,P023,4,10
OD14488,O4821,P034,5,0
OD14489,O4822,P045,5,20
OD14490,O4822,P010,1,15
OD14491,O4823,P007,2,15
OD14492,O4823,P020,3,20
OD14493,O4823,P005,3,15
OD14494,O4823,P047,4,10
OD14495,O4824,P007,4,10
OD14496,O4824,P048,5,15
OD14497,O4824,P043,3,5
OD14498,O4824,P008,2,5
OD14499,O4825,P032,1,20
OD14500,O4826,P005,1,0
OD14501,O4826,P028,2,0
OD14502,O4827,P030,5,10
OD14503,O4827,P021,3,5
OD14504,O4828,P042,5,20
OD14505,O4828,P012,3,5
OD14506,O4828,P015,1,0
OD14507,O4828,P016,4,15
OD14508,O4828,P046,3,20
OD14509,O4829,P018,1,15
OD14510,O4829,P008,5,5
OD14511,O4829,P012,4,15
OD14512,O4830,P033,5,0
OD14513,O4831,P020,2,10
OD14514,O4831,P030,1,10
OD14515,O4831,P001,2,0
OD14516,O4831,P044,5,20
OD14517,O4831,P031,3,15
OD14518,O4832,P023,4,5
OD14519,O4832,P041,2,10
OD14520,O4832,P038,2,10
OD14521,O4832,P042,1,10
OD14522,O4832,P030,2,20
OD14523,O4833,P027,3,5
OD14524,O4834,P006,2,0
OD14525,O4834,P030,2,5
OD14526,O4834,P039,1,0
OD14527,O4835,P028,1,0
OD14528,O4836,P042,3,0
OD14529,O4837,P008,4,5
OD14530,O4837,P024,5,15
OD14531,O4837,P015,4,20
OD14532,O4837,P007,1,0
OD14533,O4838,P015,4,5
OD14534,O4838,P037,2,5
OD14535,O4838,P009,1,20
OD14536,O4839,P014,5,10
OD14537,O4839,P002,3,10
OD14538,O4840,P003,1,10
OD14539,O4841,P040,4,15
OD14540,O4841,P002,4,20
OD14541,O4841,P010,5,15
OD14542,O4841,P033,2,20
OD14543,O4841,P016,4,0
OD14544,O4842,P042,2,5
OD14545,O4843,P017,5,15
OD14546,O4843,P033,5,5
OD14547,O4844,P046,3,0
OD14548,O4844,P015,3,20
OD14549,O4844,P030,5,15
OD14550,O4844,P049,3,0
OD14551,O4844,P039,5,5
OD14552,O4845,P009,5,15
OD14553,O4845,P003,5,0
OD14554,O4845,P038,4,0
OD14555,O4845,P020,4,10
OD14556,O4846,P036,5,10
OD14557,O4846,P045,5,10
OD14558,O4847,P026,4,20
OD14559,O4848,P027,3,15
OD14560,O4848,P039,2,20
OD14561,O4848,P033,2,20
OD14562,O4848,P050,1,10
OD14563,O4849,P044,3,15
OD14564,O4849,P004,4,20
OD14565,O4849,P032,4,0
OD14566,O4850,P032,1,10
OD14567,O4851,P029,1,10
OD14568,O4852,P037,3,15
OD14569,O4853,P047,3,0
OD14570,O4853,P007,1,15
OD14571,O4853,P042,3,15
OD14572,O4853,P038,3,5
OD14573,O4853,P009,2,5
OD14574,O4854,P039,4,10
OD14575,O4854,P015,2,0
OD14576,O4854,P048,3,15
OD14577,O4854,P035,4,0
OD14578,O4854,P012,1,10
OD14579,O4855,P041,3,0
OD14580,O4855,P018,4,10
OD14581,O4855,P040,5,20
OD14582,O4855,P043,1,20
OD14583,O4855,P020,1,20
OD14584,O4856,P024,4,10
OD14585,O4856,P049,1,15
OD14586,O4856,P036,1,0
OD14587,O4857,P029,3,10
OD14588,O4858,P038,3,20
OD14589,O4858,P009,5,5
OD14590,O4859,P026,5,0
OD14591,O4859,P007,2,10
OD14592,O4859,P017,5,20
OD14593,O4860,P012,1,5
OD14594,O4861,P049,3,5
OD14595,O4861,P044,3,0
OD14596,O4861,P034,2,15
OD14597,O4861,P039,1,20
OD14598,O4861,P013,1,0
OD14599,O4862,P049,2,0
OD14600,O4862,P039,1,20
OD14601,O4862,P016,1,10
OD14602,O4862,P033,3,0
OD14603,O4862,P005,1,0
OD14604,O4863,P021,1,20
OD14605,O4863,P025,2,20
OD14606,O4863,P027,1,15
OD14607,O4863,P033,2,10
OD14608,O4864,P020,3,0
OD14609,O4864,P032,5,0
OD14610,O4864,P035,3,10
OD14611,O4864,P049,3,5
OD14612,O4864,P014,3,20
OD14613,O4865,P035,4,15
OD14614,O4865,P006,1,5
OD14615,O4865,P044,2,10
OD14616,O4865,P046,1,20
OD14617,O4865,P045,5,15
OD14618,O4866,P011,2,5
OD14619,O4866,P026,3,0
OD14620,O4866,P002,5,10
OD14621,O4867,P018,5,20
OD14622,O4867,P015,1,20
OD14623,O4867,P043,2,0
OD14624,O4867,P050,2,10
OD14625,O4868,P015,2,0
OD14626,O4868,P044,5,10
OD14627,O4868,P028,1,20
OD14628,O4869,P003,2,10
OD14629,O4869,P007,1,5
OD14630,O4870,P007,5,15
OD14631,O4870,P038,3,5
OD14632,O4871,P015,4,0
OD14633,O4872,P016,2,10
OD14634,O4872,P024,1,20
OD14635,O4872,P002,4,10
OD14636,O4873,P030,5,20
OD14637,O4874,P049,3,10
OD14638,O4874,P009,1,10
OD14639,O4874,P050,2,0
OD14640,O4875,P044,4,0
OD14641,O4875,P042,3,20
OD14642,O4876,P029,2,5
OD14643,O4876,P011,4,15
OD14644,O4876,P015,2,0
OD14645,O4876,P039,5,20
OD14646,O4876,P012,2,5
OD14647,O4877,P032,5,5
OD14648,O4878,P019,4,20
OD14649,O4879,P035,2,0
OD14650,O4879,P046,3,20
OD14651,O4880,P012,5,5
OD14652,O4880,P002,3,15
OD14653,O4880,P031,4,0
OD14654,O4880,P020,5,5
OD14655,O4881,P002,1,5
OD14656,O4881,P041,4,15
OD14657,O4881,P031,5,0
OD14658,O4881,P001,2,5
OD14659,O4881,P004,1,0
OD14660,O4882,P035,2,15
OD14661,O4882,P001,1,0
OD14662,O4882,P015,3,0
OD14663,O4882,P019,3,15
OD14664,O4882,P045,3,5
OD14665,O4883,P011,5,0
OD14666,O4883,P044,4,10
OD14667,O4884,P010,1,20
OD14668,O4884,P006,4,10
OD14669,O4884,P009,5,20
OD14670,O4884,P042,4,0
OD14671,O4884,P049,1,5
OD14672,O4885,P031,3,10
OD14673,O4885,P019,4,15
OD14674,O4886,P006,3,5
OD14675,O4886,P040,1,15
OD14676,O4886,P002,4,5
OD14677,O4887,P021,4,15
OD14678,O4888,P015,5,5
OD14679,O4888,P021,1,0
OD14680,O4888,P038,3,20
OD14681,O4888,P041,4,0
OD14682,O4888,P010,3,10
OD14683,O4889,P003,4,15
OD14684,O4889,P031,1,10
OD14685,O4889,P032,4,15
OD14686,O4889,P015,4,20
OD14687,O4890,P004,1,5
OD14688,O4891,P011,5,0
OD14689,O4891,P003,5,0
OD14690,O4892,P008,3,0
OD14691,O4892,P038,5,0
OD14692,O4892,P022,5,15
OD14693,O4893,P038,3,15
OD14694,O4893,P031,4,0
OD14695,O4893,P046,2,5
OD14696,O4893,P017,3,0
OD14697,O4893,P040,3,5
OD14698,O4894,P045,2,10
OD14699,O4894,P004,3,5
OD14700,O4895,P049,2,5
OD14701,O4895,P050,2,20
OD14702,O4895,P011,4,5
OD14703,O4895,P019,1,5
OD14704,O4896,P008,5,0
OD14705,O4897,P022,5,0
OD14706,O4897,P044,4,0
OD14707,O4897,P019,1,10
OD14708,O4897,P033,2,10
OD14709,O4897,P024,3,10
OD14710,O4898,P045,2,5
OD14711,O4898,P004,3,20
OD14712,O4899,P007,5,5
OD14713,O4899,P021,3,20
OD14714,O4899,P006,2,0
OD14715,O4900,P005,2,0
OD14716,O4900,P014,5,15
OD14717,O4900,P019,4,20
OD14718,O4900,P035,2,0
OD14719,O4901,P040,5,0
OD14720,O4901,P048,1,10
OD14721,O4902,P027,1,0
OD14722,O4903,P035,3,0
OD14723,O4904,P015,1,10
OD14724,O4904,P019,3,20
OD14725,O4904,P012,2,20
OD14726,O4904,P039,3,20
OD14727,O4905,P001,2,10
OD14728,O4906,P015,5,0
OD14729,O4907,P026,3,10
OD14730,O4908,P025,1,10
OD14731,O4908,P014,1,0
OD14732,O4908,P008,2,5
OD14733,O4909,P018,5,20
OD14734,O4909,P038,3,0
OD14735,O4909,P035,1,0
OD14736,O4909,P005,3,0
OD14737,O4910,P044,4,5
OD14738,O4910,P025,1,5
OD14739,O4910,P046,4,0
OD14740,O4910,P033,3,0
OD14741,O4910,P001,5,0
OD14742,O4911,P010,5,15
OD14743,O4911,P019,1,5
OD14744,O4912,P048,1,10
OD14745,O4912,P037,2,15
OD14746,O4912,P033,2,10
OD14747,O4912,P040,3,20
OD14748,O4913,P019,2,0
OD14749,O4913,P040,2,0
OD14750,O4914,P045,2,15
OD14751,O4914,P037,2,20
OD14752,O4914,P047,4,15
OD14753,O4914,P038,5,20
OD14754,O4915,P021,4,0
OD14755,O4916,P008,3,5
OD14756,O4916,P025,5,20
OD14757,O4916,P041,5,20
OD14758,O4916,P022,3,10
OD14759,O4916,P031,5,15
OD14760,O4917,P017,1,20
OD14761,O4917,P006,1,10
OD14762,O4917,P042,3,5
OD14763,O4917,P039,5,15
OD14764,O4917,P014,3,0
OD14765,O4918,P016,1,5
OD14766,O4918,P001,4,15
OD14767,O4918,P013,1,10
OD14768,O4918,P015,2,15
OD14769,O4918,P033,5,0
OD14770,O4919,P019,1,5
OD14771,O4919,P001,3,10
OD14772,O4919,P023,5,10
OD14773,O4919,P010,4,15
OD14774,O4919,P009,5,15
OD14775,O4920,P023,4,15
OD14776,O4920,P026,5,5
OD14777,O4920,P008,2,20
OD14778,O4921,P024,3,0
OD14779,O4921,P023,2,15
OD14780,O4921,P030,3,10
OD14781,O4921,P016,3,10
OD14782,O4921,P038,2,20
OD14783,O4922,P032,2,20
OD14784,O4922,P044,2,10
OD14785,O4922,P023,1,10
OD14786,O4923,P050,4,10
OD14787,O4923,P037,4,15
OD14788,O4923,P002,1,20
OD14789,O4924,P036,3,15
OD14790,O4924,P017,2,20
OD14791,O4924,P018,4,20
OD14792,O4924,P003,4,15
OD14793,O4925,P035,2,20
OD14794,O4925,P004,5,20
OD14795,O4925,P044,4,5
OD14796,O4926,P013,5,15
OD14797,O4927,P011,3,0
OD14798,O4927,P009,1,20
OD14799,O4928,P032,2,5
OD14800,O4928,P005,4,15
OD14801,O4928,P023,2,0
OD14802,O4928,P027,3,20
OD14803,O4928,P021,1,10
OD14804,O4929,P043,5,10
OD14805,O4929,P009,2,15
OD14806,O4929,P021,3,5
OD14807,O4929,P018,1,5
OD14808,O4930,P006,5,10
OD14809,O4930,P034,5,15
OD14810,O4930,P050,2,15
OD14811,O4930,P042,3,15
OD14812,O4931,P002,3,5
OD14813,O4931,P035,1,20
OD14814,O4932,P009,4,15
OD14815,O4932,P036,4,0
OD14816,O4933,P019,4,20
OD14817,O4933,P039,4,0
OD14818,O4933,P032,3,5
OD14819,O4933,P050,5,15
OD14820,O4933,P026,3,10
OD14821,O4934,P015,5,20
OD14822,O4934,P026,3,5
OD14823,O4935,P003,2,10
OD14824,O4935,P046,1,20
OD14825,O4935,P001,4,15
OD14826,O4936,P031,2,10
OD14827,O4936,P004,5,10
OD14828,O4936,P037,4,10
OD14829,O4937,P012,5,5
OD14830,O4937,P030,1,10
OD14831,O4937,P045,5,20
OD14832,O4938,P049,4,15
OD14833,O4938,P005,5,15
OD14834,O4938,P036,5,5
OD14835,O4938,P039,5,0
OD14836,O4938,P041,5,20
OD14837,O4939,P028,5,10
OD14838,O4939,P046,1,10
OD14839,O4940,P002,4,5
OD14840,O4940,P028,1,5
OD14841,O4940,P017,3,5
OD14842,O4940,P042,5,5
OD14843,O4940,P003,3,0
OD14844,O4941,P032,2,10
OD14845,O4941,P040,1,20
OD14846,O4941,P038,4,0
OD14847,O4941,P003,2,5
OD14848,O4942,P003,1,20
OD14849,O4943,P050,3,10
OD14850,O4943,P031,2,20
OD14851,O4943,P049,2,20
OD14852,O4943,P038,4,5
OD14853,O4944,P015,5,20
OD14854,O4944,P009,2,10
OD14855,O4944,P007,1,10
OD14856,O4945,P028,1,0
OD14857,O4945,P001,2,20
OD14858,O4945,P043,5,5
OD14859,O4946,P020,4,20
OD14860,O4946,P030,5,20
OD14861,O4946,P047,3,0
OD14862,O4946,P049,5,20
OD14863,O4946,P013,5,20
OD14864,O4947,P049,3,5
OD14865,O4947,P035,3,15
OD14866,O4947,P007,2,5
OD14867,O4948,P042,5,0
OD14868,O4949,P030,3,20
OD14869,O4949,P045,1,10
OD14870,O4950,P049,2,15
OD14871,O4950,P026,5,20
OD14872,O4950,P047,2,15
OD14873,O4950,P027,2,15
OD14874,O4951,P037,3,0
OD14875,O4951,P042,5,5
OD14876,O4951,P005,5,20
OD14877,O4952,P016,5,5
OD14878,O4952,P015,2,20
OD14879,O4953,P040,3,20
OD14880,O4953,P027,4,20
OD14881,O4953,P033,2,20
OD14882,O4954,P019,1,15
OD14883,O4954,P045,1,15
OD14884,O4954,P003,3,10
OD14885,O4954,P001,2,15
OD14886,O4955,P038,4,10
OD14887,O4956,P046,2,0
OD14888,O4956,P012,2,10
OD14889,O4956,P036,1,5
OD14890,O4957,P029,1,10
OD14891,O4957,P020,2,15
OD14892,O4957,P049,1,5
OD14893,O4957,P027,3,15
OD14894,O4957,P025,2,5
OD14895,O4958,P031,1,15
OD14896,O4958,P019,1,0
OD14897,O4959,P041,2,15
OD14898,O4959,P002,1,0
OD14899,O4959,P044,4,5
OD14900,O4959,P050,1,20
OD14901,O4960,P034,2,0
OD14902,O4960,P036,5,20
OD14903,O4960,P039,3,15
OD14904,O4961,P011,4,5
OD14905,O4961,P022,4,15
OD14906,O4961,P010,1,15
OD14907,O4961,P014,5,15
OD14908,O4962,P037,1,5
OD14909,O4963,P041,1,10
OD14910,O4963,P048,1,0
OD14911,O4963,P023,1,10
OD14912,O4964,P036,4,5
OD14913,O4964,P005,5,20
OD14914,O4964,P049,1,0
OD14915,O4964,P016,2,10
OD14916,O4965,P044,5,20
OD14917,O4966,P010,4,15
OD14918,O4966,P001,4,10
OD14919,O4966,P039,4,0
OD14920,O4967,P022,2,10
OD14921,O4967,P049,5,15
OD14922,O4967,P039,5,15
OD14923,O4967,P045,3,5
OD14924,O4967,P040,1,5
OD14925,O4968,P049,2,5
OD14926,O4969,P022,5,15
OD14927,O4969,P021,1,20
OD14928,O4969,P008,4,20
OD14929,O4969,P032,1,0
OD14930,O4969,P020,2,15
OD14931,O4970,P007,5,15
OD14932,O4970,P049,2,10
OD14933,O4970,P048,5,10
OD14934,O4971,P043,2,5
OD14935,O4971,P041,1,0
OD14936,O4971,P017,3,20
OD14937,O4971,P028,3,5
OD14938,O4971,P027,1,15
OD14939,O4972,P049,4,20
OD14940,O4972,P025,5,0
OD14941,O4972,P014,5,20
OD14942,O4973,P036,1,10
OD14943,O4973,P048,4,10
OD14944,O4973,P032,4,5
OD14945,O4974,P002,3,10
OD14946,O4975,P048,4,10
OD14947,O4975,P018,3,10
OD14948,O4975,P029,5,10
OD14949,O4976,P042,4,10
OD14950,O4976,P037,2,15
OD14951,O4976,P024,3,0
OD14952,O4976,P020,4,15
OD14953,O4976,P045,5,20
OD14954,O4977,P035,2,15
OD14955,O4977,P038,4,10
OD14956,O4977,P011,1,10
OD14957,O4977,P003,5,0
OD14958,O4977,P036,5,5
OD14959,O4978,P016,2,5
OD14960,O4978,P004,3,15
OD14961,O4978,P013,5,15
OD14962,O4978,P039,4,15
OD14963,O4978,P018,5,10
OD14964,O4979,P013,1,10
OD14965,O4979,P025,2,10
OD14966,O4980,P040,4,10
OD14967,O4980,P025,3,5
OD14968,O4980,P049,3,15
OD14969,O4980,P020,1,0
OD14970,O4980,P003,3,5
OD14971,O4981,P009,3,5
OD14972,O4981,P013,4,10
OD14973,O4981,P039,5,20
OD14974,O4981,P027,5,20
OD14975,O4982,P029,1,15
OD14976,O4982,P027,1,20
OD14977,O4983,P003,1,15
OD14978,O4983,P046,3,10
OD14979,O4983,P004,3,5
OD14980,O4983,P001,1,20
OD14981,O4983,P036,2,15
OD14982,O4984,P045,5,5
OD14983,O4984,P006,5,15
OD14984,O4984,P039,5,20
OD14985,O4984,P023,5,0
OD14986,O4984,P044,4,20
OD14987,O4985,P048,5,5
OD14988,O4986,P012,5,0
OD14989,O4986,P002,1,10
OD14990,O4987,P044,3,20
OD14991,O4988,P024,1,0
OD14992,O4988,P045,5,10
OD14993,O4988,P034,5,20
OD14994,O4988,P039,2,10
OD14995,O4989,P045,2,15
OD14996,O4990,P040,2,10
OD14997,O4990,P002,1,5
OD14998,O4991,P042,4,5
OD14999,O4991,P016,5,10
OD15000,O4991,P001,1,0
OD15001,O4991,P031,1,15
OD15002,O4992,P046,2,0
OD15003,O4992,P006,5,0
OD15004,O4992,P037,1,5
OD15005,O4993,P038,5,10
OD15006,O4993,P018,5,15
OD15007,O4993,P029,4,15
OD15008,O4993,P010,1,10
OD15009,O4993,P030,4,15
OD15010,O4994,P041,4,20
OD15011,O4994,P007,5,5
OD15012,O4994,P047,1,15
OD15013,O4995,P048,5,20
OD15014,O4995,P020,2,20
OD15015,O4995,P030,4,10
OD15016,O4995,P022,5,10
OD15017,O4995,P046,4,5
OD15018,O4996,P043,4,10
OD15019,O4996,P045,2,10
OD15020,O4996,P029,3,10
OD15021,O4996,P047,4,0
OD15022,O4997,P001,2,10
OD15023,O4997,P017,1,10
OD15024,O4998,P012,2,0
OD15025,O4998,P033,3,0
OD15026,O4999,P031,4,15
OD15027,O4999,P025,5,0
OD15028,O4999,P013,2,10
OD15029,O4999,P024,1,5
OD15030,O5000,P042,5,5
OD15031,O5000,P004,1,15
OD15032,O5000,P031,4,20
OD15033,O5000,P036,3,20
