OrderID,CustomerID,OrderDate,PaymentMode,Region
O0001,C475,2024-06-17,Cash,North
O0002,C321,2024-02-18,UPI,South
O0003,C467,2023-04-03,Debit Card,North
O0004,C152,2024-05-12,Cash,North
O0005,C339,2024-10-18,Net Banking,North
O0006,C144,2024-03-25,Cash,South
O0007,C200,2024-01-14,Net Banking,South
O0008,C296,2023-06-16,Net Banking,East
O0009,C111,2024-12-08,Cash,West
O0010,C036,2023-10-24,UPI,West
O0011,C108,2024-09-20,Debit Card,West
O0012,C332,2023-08-15,Cash,West
O0013,C020,2024-10-23,Cash,West
O0014,C134,2023-04-07,Debit Card,East
O0015,C294,2023-09-05,Cash,North
O0016,C139,2023-12-15,Debit Card,East
O0017,C292,2024-08-28,Credit Card,North
O0018,C488,2023-10-02,Credit Card,North
O0019,C200,2024-04-26,Credit Card,South
O0020,C483,2023-12-17,UPI,North
O0021,C500,2023-02-08,UPI,South
O0022,C121,2023-01-04,Net Banking,South
O0023,C487,2023-12-14,Debit Card,West
O0024,C256,2024-02-22,UPI,West
O0025,C154,2024-01-23,Debit Card,South
O0026,C125,2023-07-27,Credit Card,West
O0027,C358,2023-01-10,Net Banking,West
O0028,C407,2024-04-01,Cash,South
O0029,C323,2024-05-04,Net Banking,South
O0030,C337,2024-03-21,UPI,South
O0031,C381,2023-12-23,Debit Card,South
O0032,C420,2023-07-17,Credit Card,South
O0033,C380,2023-10-23,Net Banking,West
O0034,C158,2024-01-26,Debit Card,West
O0035,C474,2023-06-13,UPI,North
O0036,C111,2023-02-18,Net Banking,West
O0037,C017,2023-08-01,Cash,South
O0038,C041,2024-03-02,Debit Card,North
O0039,C063,2024-07-26,Credit Card,North
O0040,C076,2023-03-19,Cash,East
O0041,C416,2024-01-26,Net Banking,North
O0042,C290,2023-01-07,Net Banking,South
O0043,C295,2024-11-06,Cash,South
O0044,C345,2024-12-16,UPI,East
O0045,C299,2024-05-09,Debit Card,West
O0046,C225,2024-05-08,Credit Card,West
O0047,C017,2023-01-15,Net Banking,South
O0048,C347,2024-04-18,Net Banking,West
O0049,C265,2023-09-22,Cash,South
O0050,C380,2023-04-24,Debit Card,West
O0051,C410,2024-06-15,Credit Card,West
O0052,C337,2023-06-02,Credit Card,South
O0053,C260,2023-04-10,Net Banking,North
O0054,C367,2024-03-03,Credit Card,North
O0055,C350,2024-02-12,Debit Card,South
O0056,C471,2024-12-20,Net Banking,South
O0057,C500,2023-01-15,Net Banking,South
O0058,C084,2024-07-22,UPI,East
O0059,C347,2024-11-25,Cash,West
O0060,C327,2024-01-10,UPI,West
O0061,C078,2024-10-28,Net Banking,South
O0062,C045,2024-05-21,Credit Card,North
O0063,C092,2024-01-27,Credit Card,West
O0064,C292,2024-06-18,UPI,North
O0065,C228,2024-09-03,Net Banking,North
O0066,C400,2024-09-11,Cash,East
O0067,C317,2024-09-23,Credit Card,West
O0068,C211,2024-02-19,Debit Card,South
O0069,C305,2023-10-23,Cash,South
O0070,C102,2023-05-04,Debit Card,North
O0071,C331,2024-05-12,Credit Card,South
O0072,C189,2023-08-08,Cash,North
O0073,C375,2023-11-28,Net Banking,North
O0074,C186,2023-07-14,Debit Card,South
O0075,C243,2023-10-10,Debit Card,West
O0076,C206,2024-08-27,UPI,West
O0077,C355,2023-07-27,UPI,West
O0078,C185,2024-04-27,Cash,South
O0079,C095,2023-07-12,UPI,North
O0080,C466,2024-05-26,Debit Card,South
O0081,C094,2024-12-26,Debit Card,North
O0082,C156,2024-10-16,Debit Card,North
O0083,C030,2024-09-24,Cash,South
O0084,C131,2024-04-05,Cash,West
O0085,C123,2023-08-21,Cash,West
O0086,C421,2023-01-25,UPI,South
O0087,C187,2023-12-12,Credit Card,West
O0088,C254,2023-03-01,Net Banking,South
O0089,C203,2024-10-19,Cash,South
O0090,C065,2024-09-12,Debit Card,West
O0091,C025,2023-07-05,UPI,West
O0092,C212,2023-03-04,Net Banking,North
O0093,C447,2023-01-05,UPI,South
O0094,C188,2024-10-15,Net Banking,North
O0095,C309,2024-10-10,Debit Card,West
O0096,C271,2023-07-19,Net Banking,North
O0097,C199,2024-11-12,Cash,South
O0098,C382,2024-11-07,Credit Card,South
O0099,C199,2023-07-12,Cash,South
O0100,C220,2023-09-14,UPI,North
O0101,C368,2023-06-07,Net Banking,North
O0102,C037,2024-03-10,UPI,South
O0103,C094,2024-04-12,Debit Card,North
O0104,C111,2024-08-14,UPI,West
O0105,C307,2023-05-28,Credit Card,West
O0106,C467,2023-09-16,Credit Card,North
O0107,C366,2023-12-28,Credit Card,South
O0108,C166,2023-10-17,Debit Card,North
O0109,C121,2023-08-08,Net Banking,South
O0110,C409,2024-01-09,Net Banking,East
O0111,C421,2024-01-18,Cash,South
O0112,C389,2023-02-24,Net Banking,South
O0113,C346,2023-04-14,UPI,North
O0114,C105,2024-09-28,Cash,North
O0115,C279,2024-11-05,Credit Card,East
O0116,C336,2024-06-22,Credit Card,North
O0117,C435,2024-11-19,UPI,West
O0118,C168,2023-08-14,Credit Card,West
O0119,C194,2024-11-11,Cash,North
O0120,C277,2023-10-01,Credit Card,South
O0121,C330,2023-10-26,Credit Card,South
O0122,C003,2023-07-12,Cash,West
O0123,C327,2024-11-27,UPI,West
O0124,C468,2023-09-25,Cash,North
O0125,C379,2024-10-06,Debit Card,West
O0126,C029,2023-12-22,Net Banking,East
O0127,C050,2024-08-16,Cash,South
O0128,C200,2023-11-05,Cash,South
O0129,C301,2024-03-16,Debit Card,West
O0130,C007,2023-11-23,Cash,North
O0131,C232,2023-03-22,Cash,South
O0132,C343,2024-07-24,Net Banking,South
O0133,C499,2023-09-02,Debit Card,North
O0134,C475,2023-02-12,Cash,North
O0135,C030,2024-09-01,Cash,South
O0136,C353,2023-05-27,Debit Card,South
O0137,C238,2024-04-06,Debit Card,West
O0138,C134,2024-10-25,Cash,East
O0139,C195,2024-09-23,Debit Card,West
O0140,C159,2023-08-20,Credit Card,South
O0141,C100,2023-05-03,UPI,West
O0142,C453,2024-05-19,UPI,South
O0143,C106,2023-06-09,Debit Card,South
O0144,C032,2023-02-26,Credit Card,North
O0145,C145,2023-12-25,Cash,South
O0146,C245,2024-12-20,Cash,North
O0147,C433,2023-09-04,UPI,East
O0148,C452,2024-01-27,Cash,West
O0149,C373,2024-04-28,Credit Card,South
O0150,C321,2024-02-08,UPI,South
O0151,C337,2024-09-20,Net Banking,South
O0152,C030,2024-02-22,Net Banking,South
O0153,C347,2023-11-02,Cash,West
O0154,C218,2023-12-25,Cash,North
O0155,C483,2023-01-08,UPI,North
O0156,C289,2023-08-17,Credit Card,West
O0157,C079,2024-08-24,UPI,North
O0158,C100,2023-11-01,Debit Card,West
O0159,C239,2024-08-13,Debit Card,South
O0160,C426,2024-09-21,Net Banking,East
O0161,C349,2024-12-23,Net Banking,North
O0162,C071,2023-02-05,Cash,South
O0163,C143,2023-07-14,Debit Card,South
O0164,C292,2024-10-20,UPI,North
O0165,C330,2024-08-28,Debit Card,South
O0166,C163,2023-06-01,Debit Card,North
O0167,C289,2024-09-06,UPI,West
O0168,C449,2024-03-01,Debit Card,South
O0169,C260,2023-01-14,Cash,North
O0170,C422,2023-07-14,UPI,West
O0171,C115,2024-09-08,Credit Card,North
O0172,C176,2023-08-01,Cash,South
O0173,C192,2024-08-19,Net Banking,North
O0174,C447,2024-10-06,Credit Card,South
O0175,C169,2024-04-28,Credit Card,North
O0176,C181,2024-11-11,Credit Card,West
O0177,C039,2024-04-23,Debit Card,West
O0178,C261,2023-11-26,Net Banking,West
O0179,C401,2024-12-19,Cash,West
O0180,C444,2023-11-21,Debit Card,West
O0181,C299,2024-04-28,Net Banking,West
O0182,C406,2024-09-02,Debit Card,South
O0183,C344,2023-02-11,Net Banking,North
O0184,C330,2024-01-24,Net Banking,South
O0185,C432,2024-05-26,Credit Card,West
O0186,C272,2023-01-15,UPI,South
O0187,C344,2023-12-15,UPI,North
O0188,C166,2024-08-02,UPI,North
O0189,C305,2023-03-13,UPI,South
O0190,C500,2023-11-27,UPI,South
O0191,C119,2024-08-24,UPI,South
O0192,C457,2024-03-20,Net Banking,North
O0193,C108,2023-10-24,UPI,West
O0194,C090,2024-12-08,UPI,South
O0195,C252,2023-02-22,Net Banking,South
O0196,C254,2024-02-20,UPI,South
O0197,C380,2023-06-03,Credit Card,West
O0198,C229,2023-10-05,UPI,North
O0199,C197,2024-07-17,Net Banking,West
O0200,C067,2024-04-23,Net Banking,North
O0201,C009,2024-12-27,Debit Card,North
O0202,C275,2024-04-19,Credit Card,North
O0203,C316,2023-02-06,Cash,North
O0204,C197,2024-04-24,UPI,West
O0205,C450,2023-05-21,UPI,South
O0206,C365,2024-05-28,Debit Card,West
O0207,C484,2024-01-09,UPI,East
O0208,C062,2023-10-27,Net Banking,South
O0209,C397,2023-05-05,Debit Card,West
O0210,C131,2023-03-28,UPI,West
O0211,C427,2024-10-07,UPI,East
O0212,C288,2023-12-24,UPI,North
O0213,C193,2023-11-11,Credit Card,North
O0214,C110,2024-09-21,Cash,South
O0215,C345,2024-02-28,Cash,East
O0216,C116,2023-07-17,UPI,North
O0217,C415,2023-01-14,Net Banking,South
O0218,C034,2024-04-02,Debit Card,South
O0219,C169,2024-03-05,Credit Card,North
O0220,C011,2024-12-10,Cash,North
O0221,C296,2024-03-04,Debit Card,East
O0222,C227,2023-04-19,Credit Card,North
O0223,C498,2024-10-21,Cash,North
O0224,C030,2023-02-03,Credit Card,South
O0225,C296,2024-05-11,Net Banking,East
O0226,C095,2023-06-26,Net Banking,North
O0227,C240,2024-08-27,Net Banking,East
O0228,C017,2023-04-22,Debit Card,South
O0229,C172,2023-12-17,Credit Card,North
O0230,C159,2024-03-21,Net Banking,South
O0231,C061,2023-01-07,Debit Card,North
O0232,C264,2023-07-02,Net Banking,South
O0233,C105,2024-01-01,Debit Card,North
O0234,C131,2024-04-10,Credit Card,West
O0235,C112,2024-05-15,Net Banking,South
O0236,C383,2024-07-06,Debit Card,West
O0237,C097,2024-08-08,UPI,North
O0238,C438,2023-10-24,UPI,East
O0239,C192,2024-09-20,Credit Card,North
O0240,C356,2023-09-02,Cash,North
O0241,C321,2023-02-24,Debit Card,South
O0242,C377,2023-09-11,Credit Card,North
O0243,C461,2023-02-22,Debit Card,North
O0244,C449,2024-01-06,Debit Card,South
O0245,C259,2023-04-08,Credit Card,West
O0246,C284,2023-10-16,Credit Card,West
O0247,C302,2023-05-02,Cash,North
O0248,C498,2024-12-03,Net Banking,North
O0249,C241,2024-10-18,Cash,South
O0250,C139,2023-03-27,Net Banking,East
O0251,C321,2023-02-22,Cash,South
O0252,C312,2024-05-03,Debit Card,West
O0253,C345,2024-11-04,Net Banking,East
O0254,C048,2024-06-18,Debit Card,West
O0255,C300,2024-07-13,Cash,South
O0256,C389,2023-02-16,Credit Card,South
O0257,C046,2023-09-13,Credit Card,North
O0258,C113,2023-02-19,UPI,West
O0259,C438,2023-07-08,UPI,East
O0260,C111,2023-03-02,Net Banking,West
O0261,C081,2023-07-07,UPI,South
O0262,C363,2024-01-01,Debit Card,East
O0263,C481,2024-01-13,Credit Card,South
O0264,C238,2024-12-11,Debit Card,West
O0265,C143,2024-07-11,UPI,South
O0266,C376,2024-09-06,UPI,North
O0267,C325,2023-10-21,Credit Card,South
O0268,C036,2023-09-16,Cash,West
O0269,C458,2023-02-20,Net Banking,South
O0270,C173,2024-04-05,Debit Card,East
O0271,C228,2023-01-18,Credit Card,North
O0272,C494,2023-01-18,Cash,West
O0273,C013,2023-05-25,Cash,North
O0274,C395,2024-01-16,Credit Card,South
O0275,C191,2023-04-01,Debit Card,West
O0276,C212,2024-09-28,Credit Card,North
O0277,C132,2024-01-23,Net Banking,North
O0278,C335,2023-06-10,UPI,North
O0279,C296,2024-01-25,UPI,East
O0280,C292,2024-02-16,Credit Card,North
O0281,C243,2023-09-17,Cash,West
O0282,C447,2023-03-25,UPI,South
O0283,C305,2023-01-09,Net Banking,South
O0284,C455,2023-03-25,UPI,North
O0285,C231,2024-05-23,Debit Card,North
O0286,C343,2023-04-26,Cash,South
O0287,C099,2024-02-22,Debit Card,West
O0288,C209,2023-12-19,Debit Card,West
O0289,C419,2024-04-26,Debit Card,North
O0290,C279,2023-09-22,Credit Card,East
O0291,C491,2024-01-18,Net Banking,South
O0292,C122,2023-12-17,Net Banking,East
O0293,C190,2024-12-16,Credit Card,North
O0294,C420,2024-08-16,Net Banking,South
O0295,C375,2024-11-05,UPI,North
O0296,C208,2023-04-19,UPI,North
O0297,C198,2023-08-07,UPI,West
O0298,C387,2023-08-15,Cash,North
O0299,C298,2023-05-06,Credit Card,North
O0300,C312,2023-08-12,Debit Card,West
O0301,C204,2024-01-13,UPI,East
O0302,C237,2023-12-28,Net Banking,South
O0303,C156,2024-05-26,UPI,North
O0304,C463,2024-10-10,Debit Card,West
O0305,C131,2023-06-10,Debit Card,West
O0306,C183,2024-01-18,Net Banking,North
O0307,C030,2023-12-09,Net Banking,South
O0308,C088,2024-11-16,Credit Card,North
O0309,C260,2024-03-07,UPI,North
O0310,C010,2023-04-24,Cash,South
O0311,C322,2024-11-04,Cash,South
O0312,C111,2023-11-06,Debit Card,West
O0313,C298,2024-04-24,Net Banking,North
O0314,C264,2024-11-04,Debit Card,South
O0315,C190,2023-04-02,Net Banking,North
O0316,C049,2023-06-09,Debit Card,South
O0317,C016,2024-04-19,Net Banking,North
O0318,C026,2023-07-01,Net Banking,South
O0319,C170,2023-04-12,Net Banking,South
O0320,C281,2023-07-14,Credit Card,South
O0321,C288,2024-06-10,Credit Card,North
O0322,C001,2023-09-11,Cash,West
O0323,C005,2024-06-15,Net Banking,West
O0324,C082,2023-08-06,UPI,West
O0325,C280,2024-09-04,Credit Card,North
O0326,C168,2023-12-16,Cash,West
O0327,C153,2024-05-25,UPI,West
O0328,C036,2023-12-13,Credit Card,West
O0329,C258,2023-11-20,UPI,South
O0330,C349,2023-09-06,Debit Card,North
O0331,C446,2023-07-14,Net Banking,North
O0332,C255,2023-03-22,Cash,West
O0333,C090,2024-08-18,Cash,South
O0334,C229,2023-12-25,Cash,North
O0335,C456,2024-10-17,UPI,South
O0336,C202,2023-08-08,Debit Card,West
O0337,C327,2023-01-06,Cash,West
O0338,C446,2024-03-12,Credit Card,North
O0339,C138,2023-07-22,UPI,South
O0340,C048,2024-10-26,Net Banking,West
O0341,C308,2023-12-25,Debit Card,South
O0342,C249,2023-10-26,Credit Card,West
O0343,C208,2024-03-09,Debit Card,North
O0344,C397,2024-02-03,Net Banking,West
O0345,C348,2024-04-11,Credit Card,West
O0346,C088,2024-04-18,Cash,North
O0347,C251,2024-04-16,Net Banking,North
O0348,C344,2024-01-04,UPI,North
O0349,C260,2023-12-18,Net Banking,North
O0350,C295,2024-02-19,Credit Card,South
O0351,C432,2023-08-21,Net Banking,West
O0352,C094,2024-09-18,Debit Card,North
O0353,C445,2023-05-21,Cash,South
O0354,C227,2023-12-25,Net Banking,North
O0355,C410,2024-12-25,Debit Card,West
O0356,C158,2024-08-05,Cash,West
O0357,C362,2024-04-25,Credit Card,North
O0358,C259,2023-02-12,UPI,West
O0359,C470,2023-02-26,Credit Card,North
O0360,C360,2023-11-14,Credit Card,South
O0361,C409,2023-10-04,Cash,East
O0362,C497,2023-08-02,Net Banking,North
O0363,C348,2023-12-07,Debit Card,West
O0364,C198,2024-12-28,Credit Card,West
O0365,C477,2023-11-23,Net Banking,West
O0366,C020,2024-11-24,Cash,West
O0367,C144,2023-07-06,Credit Card,South
O0368,C285,2024-04-13,Credit Card,South
O0369,C288,2024-04-16,Net Banking,North
O0370,C420,2023-05-25,Credit Card,South
O0371,C280,2024-05-12,Net Banking,North
O0372,C420,2023-09-04,Cash,South
O0373,C213,2023-09-15,UPI,North
O0374,C338,2023-12-24,UPI,South
O0375,C200,2024-05-27,Net Banking,South
O0376,C298,2024-09-25,Net Banking,North
O0377,C198,2023-01-12,Net Banking,West
O0378,C373,2023-09-24,Debit Card,South
O0379,C008,2023-06-08,Cash,West
O0380,C167,2023-03-02,Cash,North
O0381,C405,2024-04-15,Cash,North
O0382,C274,2024-01-14,Credit Card,North
O0383,C244,2024-07-18,Net Banking,West
O0384,C213,2023-10-04,Credit Card,North
O0385,C062,2024-10-15,Cash,South
O0386,C481,2024-09-11,Cash,South
O0387,C378,2024-03-12,Debit Card,East
O0388,C314,2023-05-01,Credit Card,North
O0389,C444,2024-02-07,Credit Card,West
O0390,C420,2023-03-10,Cash,South
O0391,C012,2024-02-06,Credit Card,West
O0392,C437,2024-06-18,Debit Card,North
O0393,C306,2024-04-16,Credit Card,East
O0394,C404,2024-03-23,Cash,South
O0395,C394,2024-03-03,UPI,North
O0396,C216,2024-05-04,Cash,North
O0397,C244,2023-02-18,Credit Card,West
O0398,C366,2023-09-18,Cash,South
O0399,C023,2024-09-24,UPI,West
O0400,C261,2024-09-11,Debit Card,West
O0401,C171,2023-02-17,Net Banking,East
O0402,C470,2023-05-22,UPI,North
O0403,C008,2023-11-02,Credit Card,West
O0404,C355,2024-06-14,Debit Card,West
O0405,C234,2024-11-15,UPI,East
O0406,C076,2024-03-27,Net Banking,East
O0407,C414,2024-06-21,Credit Card,North
O0408,C335,2024-04-28,Credit Card,North
O0409,C088,2024-10-08,Cash,North
O0410,C039,2024-08-12,Cash,West
O0411,C081,2023-05-12,Net Banking,South
O0412,C383,2024-01-09,Net Banking,West
O0413,C301,2024-12-03,UPI,West
O0414,C206,2023-10-03,Debit Card,West
O0415,C457,2024-10-23,Debit Card,North
O0416,C277,2024-03-14,Cash,South
O0417,C096,2024-09-23,Cash,South
O0418,C226,2024-03-06,UPI,East
O0419,C068,2023-04-22,Credit Card,West
O0420,C419,2023-07-27,UPI,North
O0421,C259,2023-08-11,Cash,West
O0422,C326,2023-03-05,UPI,South
O0423,C233,2024-05-26,Debit Card,South
O0424,C290,2023-12-19,Credit Card,South
O0425,C276,2023-03-25,UPI,South
O0426,C036,2024-10-15,Cash,West
O0427,C391,2023-12-04,Net Banking,West
O0428,C027,2023-03-01,Cash,West
O0429,C276,2024-06-09,Cash,South
O0430,C302,2024-01-01,Credit Card,North
O0431,C443,2023-12-23,Debit Card,North
O0432,C051,2024-07-05,Credit Card,East
O0433,C387,2024-11-28,Debit Card,North
O0434,C262,2024-10-25,Net Banking,West
O0435,C439,2024-01-21,Credit Card,North
O0436,C413,2024-09-15,Net Banking,West
O0437,C148,2024-01-16,Debit Card,West
O0438,C489,2024-04-26,Net Banking,West
O0439,C175,2023-08-19,Cash,North
O0440,C387,2024-08-28,Cash,North
O0441,C059,2024-01-28,Cash,West
O0442,C353,2024-11-22,Debit Card,South
O0443,C047,2024-05-04,Credit Card,South
O0444,C050,2023-07-11,Debit Card,South
O0445,C410,2024-05-04,Net Banking,West
O0446,C209,2024-02-08,Net Banking,West
O0447,C371,2023-12-08,Credit Card,South
O0448,C071,2024-09-21,Net Banking,South
O0449,C223,2024-01-09,Net Banking,South
O0450,C456,2024-07-13,Credit Card,South
O0451,C261,2023-08-25,Net Banking,West
O0452,C494,2024-07-14,Credit Card,West
O0453,C485,2023-03-15,Credit Card,North
O0454,C473,2023-06-05,UPI,North
O0455,C330,2023-10-01,Cash,South
O0456,C065,2024-04-12,Credit Card,West
O0457,C119,2024-03-25,UPI,South
O0458,C472,2024-02-25,Credit Card,West
O0459,C484,2024-11-03,Credit Card,East
O0460,C035,2023-10-09,UPI,West
O0461,C400,2023-09-09,Credit Card,East
O0462,C338,2024-03-19,Debit Card,South
O0463,C405,2024-08-14,Net Banking,North
O0464,C081,2023-02-07,Net Banking,South
O0465,C174,2023-09-14,Credit Card,North
O0466,C217,2023-06-22,Debit Card,North
O0467,C313,2024-08-05,Cash,South
O0468,C124,2024-10-09,UPI,West
O0469,C410,2024-04-11,Credit Card,West
O0470,C222,2024-05-23,UPI,North
O0471,C050,2024-06-19,Credit Card,South
O0472,C013,2023-08-10,Net Banking,North
O0473,C314,2024-02-21,UPI,North
O0474,C302,2023-03-28,Debit Card,North
O0475,C047,2024-12-25,Credit Card,South
O0476,C013,2024-02-26,Debit Card,North
O0477,C203,2023-10-01,Cash,South
O0478,C129,2024-11-02,Credit Card,North
O0479,C316,2024-03-12,Cash,North
O0480,C470,2023-02-02,UPI,North
O0481,C486,2023-10-06,UPI,South
O0482,C331,2024-12-19,Net Banking,South
O0483,C226,2024-11-19,Cash,East
O0484,C259,2024-12-02,Net Banking,West
O0485,C368,2024-10-17,Credit Card,North
O0486,C432,2024-02-28,UPI,West
O0487,C465,2024-11-13,Credit Card,West
O0488,C083,2023-09-28,Net Banking,South
O0489,C332,2024-04-07,Cash,West
O0490,C407,2024-12-10,Credit Card,South
O0491,C287,2023-02-02,Debit Card,West
O0492,C392,2023-01-28,Debit Card,West
O0493,C172,2023-02-07,Credit Card,North
O0494,C451,2023-09-27,Debit Card,South
O0495,C271,2023-07-11,Credit Card,North
O0496,C481,2024-03-13,UPI,South
O0497,C051,2023-09-16,Debit Card,East
O0498,C342,2023-02-14,Net Banking,South
O0499,C128,2023-02-05,Credit Card,West
O0500,C463,2023-09-04,Debit Card,West
O0501,C363,2023-10-10,Debit Card,East
O0502,C087,2023-08-19,Credit Card,North
O0503,C239,2024-01-24,Credit Card,South
O0504,C338,2023-09-27,Cash,South
O0505,C386,2023-12-25,UPI,North
O0506,C215,2024-07-23,Debit Card,West
O0507,C106,2023-01-16,UPI,South
O0508,C426,2024-06-07,Debit Card,East
O0509,C084,2024-07-02,Net Banking,East
O0510,C081,2024-04-20,UPI,South
O0511,C275,2023-01-22,Cash,North
O0512,C218,2023-04-03,Cash,North
O0513,C006,2024-06-10,Cash,South
O0514,C003,2024-10-22,Cash,West
O0515,C040,2024-10-27,Net Banking,North
O0516,C368,2023-04-27,Net Banking,North
O0517,C201,2023-04-17,UPI,South
O0518,C201,2024-12-27,Net Banking,South
O0519,C491,2023-07-21,Net Banking,South
O0520,C216,2023-12-14,Debit Card,North
O0521,C144,2024-03-05,UPI,South
O0522,C493,2024-04-10,UPI,West
O0523,C029,2024-03-03,Cash,East
O0524,C108,2023-10-01,Net Banking,West
O0525,C105,2024-02-16,Debit Card,North
O0526,C074,2024-05-27,Net Banking,West
O0527,C244,2023-08-06,Debit Card,West
O0528,C427,2023-09-08,Net Banking,East
O0529,C361,2024-01-07,Credit Card,North
O0530,C101,2024-07-13,Credit Card,North
O0531,C474,2024-09-24,Cash,North
O0532,C389,2023-01-01,Debit Card,South
O0533,C203,2024-04-24,UPI,South
O0534,C139,2024-01-13,Net Banking,East
O0535,C415,2024-08-22,Credit Card,South
O0536,C118,2024-06-20,Net Banking,North
O0537,C035,2023-09-26,Debit Card,West
O0538,C396,2023-01-11,Credit Card,North
O0539,C316,2023-04-15,Credit Card,North
O0540,C095,2024-06-27,Cash,North
O0541,C460,2023-08-11,UPI,North
O0542,C445,2024-08-27,Net Banking,South
O0543,C204,2024-07-15,Credit Card,East
O0544,C346,2023-01-15,UPI,North
O0545,C385,2023-02-25,Net Banking,West
O0546,C368,2023-09-05,Debit Card,North
O0547,C231,2024-08-02,Debit Card,North
O0548,C338,2023-04-16,UPI,South
O0549,C264,2024-10-25,Cash,South
O0550,C124,2023-03-20,Net Banking,West
O0551,C494,2023-02-11,Debit Card,West
O0552,C035,2023-05-16,Credit Card,West
O0553,C197,2024-07-19,Credit Card,West
O0554,C485,2024-08-04,Cash,North
O0555,C276,2023-09-22,Credit Card,South
O0556,C247,2024-10-07,UPI,West
O0557,C091,2023-07-26,UPI,West
O0558,C243,2024-12-04,Cash,West
O0559,C458,2024-11-06,Cash,South
O0560,C144,2024-12-23,UPI,South
O0561,C007,2024-04-23,Debit Card,North
O0562,C233,2023-12-06,Cash,South
O0563,C382,2024-01-23,Debit Card,South
O0564,C084,2023-08-04,Credit Card,East
O0565,C054,2024-09-20,Net Banking,North
O0566,C015,2024-08-28,Net Banking,North
O0567,C185,2023-11-03,Credit Card,South
O0568,C175,2023-04-02,Net Banking,North
O0569,C017,2023-11-26,Cash,South
O0570,C400,2023-06-08,Debit Card,East
O0571,C430,2023-03-13,Debit Card,North
O0572,C023,2023-02-11,Credit Card,West
O0573,C375,2023-12-10,Cash,North
O0574,C345,2024-10-22,UPI,East
O0575,C146,2024-07-20,Net Banking,North
O0576,C128,2023-03-27,Credit Card,West
O0577,C459,2023-11-16,Cash,East
O0578,C151,2023-02-13,Net Banking,North
O0579,C395,2023-12-23,Cash,South
O0580,C223,2023-06-10,UPI,South
O0581,C107,2024-10-11,Credit Card,North
O0582,C088,2024-08-07,UPI,North
O0583,C063,2023-04-17,Credit Card,North
O0584,C414,2024-03-14,Debit Card,North
O0585,C120,2024-12-02,Cash,South
O0586,C073,2023-05-27,UPI,North
O0587,C463,2023-02-01,Cash,West
O0588,C491,2024-08-17,Debit Card,South
O0589,C265,2024-02-12,UPI,South
O0590,C295,2024-02-28,Cash,South
O0591,C206,2023-12-13,Debit Card,West
O0592,C007,2024-04-20,Credit Card,North
O0593,C154,2024-01-04,UPI,South
O0594,C180,2024-01-20,UPI,North
O0595,C251,2024-09-27,Cash,North
O0596,C424,2023-08-02,Cash,South
O0597,C446,2023-04-23,Cash,North
O0598,C162,2023-06-07,Credit Card,East
O0599,C167,2024-08-17,Cash,North
O0600,C465,2024-10-06,Credit Card,West
O0601,C335,2023-06-26,Credit Card,North
O0602,C187,2024-07-03,Credit Card,West
O0603,C231,2023-04-06,Net Banking,North
O0604,C421,2023-02-03,Cash,South
O0605,C458,2024-05-10,Cash,South
O0606,C149,2024-04-15,Cash,West
O0607,C111,2023-06-27,Credit Card,West
O0608,C054,2023-01-10,Debit Card,North
O0609,C365,2024-02-05,Net Banking,West
O0610,C177,2024-05-03,Debit Card,South
O0611,C144,2024-06-16,Credit Card,South
O0612,C093,2024-12-05,Net Banking,West
O0613,C459,2024-07-07,UPI,East
O0614,C164,2023-10-06,Debit Card,South
O0615,C223,2024-04-17,Credit Card,South
O0616,C495,2024-01-19,UPI,South
O0617,C256,2024-07-24,Cash,West
O0618,C301,2024-12-09,Cash,West
O0619,C228,2023-07-06,Net Banking,North
O0620,C280,2024-05-01,Debit Card,North
O0621,C104,2023-09-09,Net Banking,North
O0622,C110,2023-01-05,UPI,South
O0623,C128,2024-05-21,Debit Card,West
O0624,C485,2023-06-26,Debit Card,North
O0625,C171,2024-05-27,Cash,East
O0626,C329,2024-01-26,Net Banking,North
O0627,C388,2024-12-25,Net Banking,South
O0628,C377,2024-12-12,Debit Card,North
O0629,C498,2023-07-12,UPI,North
O0630,C123,2024-12-08,Debit Card,West
O0631,C025,2023-01-05,UPI,West
O0632,C333,2024-08-19,Credit Card,East
O0633,C461,2024-12-23,UPI,North
O0634,C250,2024-03-05,Net Banking,South
O0635,C117,2024-03-16,Debit Card,South
O0636,C032,2023-12-24,Debit Card,North
O0637,C249,2023-01-10,Credit Card,West
O0638,C284,2023-09-02,Net Banking,West
O0639,C365,2023-08-24,Credit Card,West
O0640,C079,2023-05-03,Net Banking,North
O0641,C473,2024-05-18,UPI,North
O0642,C195,2024-04-06,UPI,West
O0643,C418,2023-03-14,UPI,West
O0644,C322,2024-11-08,Debit Card,South
O0645,C108,2024-12-13,Credit Card,West
O0646,C155,2023-08-19,Net Banking,South
O0647,C087,2024-08-01,Net Banking,North
O0648,C244,2024-10-12,Cash,West
O0649,C176,2024-08-01,Cash,South
O0650,C317,2024-05-18,Credit Card,West
O0651,C061,2023-04-04,Debit Card,North
O0652,C142,2024-02-12,Debit Card,West
O0653,C094,2023-07-02,Debit Card,North
O0654,C109,2024-03-27,UPI,South
O0655,C080,2024-09-15,Net Banking,West
O0656,C472,2023-05-26,Debit Card,West
O0657,C243,2023-03-13,Cash,West
O0658,C131,2023-08-15,UPI,West
O0659,C159,2023-03-03,Credit Card,South
O0660,C119,2023-11-09,Debit Card,South
O0661,C457,2024-05-05,Cash,North
O0662,C181,2024-11-03,UPI,West
O0663,C013,2023-01-22,Cash,North
O0664,C368,2023-08-10,Net Banking,North
O0665,C390,2023-03-18,Cash,North
O0666,C480,2023-10-28,Net Banking,North
O0667,C458,2023-12-11,UPI,South
O0668,C142,2024-06-04,Net Banking,West
O0669,C358,2024-01-26,Credit Card,West
O0670,C103,2023-01-09,Debit Card,North
O0671,C046,2023-07-09,Credit Card,North
O0672,C120,2024-04-12,Cash,South
O0673,C227,2024-01-03,UPI,North
O0674,C433,2024-12-12,Credit Card,East
O0675,C458,2023-10-08,Credit Card,South
O0676,C131,2024-10-18,UPI,West
O0677,C037,2023-11-18,UPI,South
O0678,C458,2024-11-13,Cash,South
O0679,C237,2024-05-24,Credit Card,South
O0680,C265,2023-11-14,Net Banking,South
O0681,C133,2024-05-17,Credit Card,West
O0682,C081,2023-09-28,Cash,South
O0683,C151,2024-07-16,Cash,North
O0684,C345,2024-03-18,UPI,East
O0685,C267,2024-05-12,UPI,South
O0686,C131,2023-07-12,Credit Card,West
O0687,C011,2024-12-27,UPI,North
O0688,C278,2023-12-06,Cash,South
O0689,C243,2024-10-23,Credit Card,West
O0690,C110,2023-12-23,Net Banking,South
O0691,C105,2023-11-05,Cash,North
O0692,C170,2024-08-26,UPI,South
O0693,C372,2023-10-21,Credit Card,North
O0694,C487,2023-04-01,Cash,West
O0695,C269,2023-12-05,Net Banking,North
O0696,C160,2023-10-01,Net Banking,South
O0697,C419,2024-11-10,UPI,North
O0698,C253,2024-01-01,UPI,East
O0699,C111,2024-09-16,Credit Card,West
O0700,C233,2024-11-22,Debit Card,South
O0701,C378,2023-11-21,Net Banking,East
O0702,C392,2024-03-09,Credit Card,West
O0703,C325,2024-01-22,Debit Card,South
O0704,C484,2023-10-01,Cash,East
O0705,C404,2024-12-09,Debit Card,South
O0706,C241,2024-08-09,UPI,South
O0707,C251,2023-08-17,UPI,North
O0708,C261,2023-08-25,Cash,West
O0709,C423,2023-05-08,Credit Card,West
O0710,C321,2023-02-07,UPI,South
O0711,C057,2024-03-21,Credit Card,East
O0712,C264,2023-05-18,UPI,South
O0713,C125,2023-03-11,UPI,West
O0714,C446,2023-09-25,UPI,North
O0715,C099,2023-07-28,Cash,West
O0716,C059,2024-12-02,Credit Card,West
O0717,C066,2024-06-26,Cash,West
O0718,C059,2024-05-01,Debit Card,West
O0719,C382,2023-04-12,Credit Card,South
O0720,C310,2024-11-18,Credit Card,South
O0721,C428,2024-06-08,Net Banking,South
O0722,C096,2024-03-13,Debit Card,South
O0723,C012,2024-04-27,Cash,West
O0724,C416,2023-02-01,UPI,North
O0725,C003,2023-01-17,Net Banking,West
O0726,C442,2024-04-09,Cash,West
O0727,C059,2024-04-09,Debit Card,West
O0728,C239,2023-10-07,Credit Card,South
O0729,C479,2024-08-03,Net Banking,South
O0730,C068,2023-04-27,Cash,West
O0731,C043,2023-08-20,Net Banking,West
O0732,C500,2023-07-28,Credit Card,South
O0733,C078,2023-11-16,Credit Card,South
O0734,C135,2024-02-28,Credit Card,North
O0735,C128,2023-01-06,Cash,West
O0736,C135,2024-04-27,Credit Card,North
O0737,C325,2024-08-15,Credit Card,South
O0738,C296,2023-10-02,Debit Card,East
O0739,C057,2024-11-26,Net Banking,East
O0740,C295,2023-04-06,Cash,South
O0741,C180,2023-05-13,Credit Card,North
O0742,C281,2024-03-18,Debit Card,South
O0743,C337,2023-12-14,Credit Card,South
O0744,C032,2023-06-14,Cash,North
O0745,C046,2023-07-26,Net Banking,North
O0746,C173,2024-06-25,Credit Card,East
O0747,C254,2023-02-21,Cash,South
O0748,C178,2024-07-02,Credit Card,South
O0749,C214,2024-10-18,UPI,East
O0750,C237,2024-02-12,Cash,South
O0751,C450,2023-03-12,UPI,South
O0752,C246,2024-08-18,Cash,East
O0753,C305,2023-07-21,Debit Card,South
O0754,C135,2023-04-09,Cash,North
O0755,C283,2023-10-09,Credit Card,South
O0756,C139,2024-04-03,Credit Card,East
O0757,C315,2023-12-07,Credit Card,North
O0758,C100,2023-06-02,Net Banking,West
O0759,C283,2024-12-19,Debit Card,South
O0760,C251,2023-10-14,UPI,North
O0761,C293,2023-10-17,Debit Card,North
O0762,C245,2024-08-20,Cash,North
O0763,C320,2023-07-15,Net Banking,East
O0764,C181,2024-12-28,Cash,West
O0765,C330,2023-06-10,Debit Card,South
O0766,C077,2024-02-27,Credit Card,West
O0767,C223,2023-02-23,Cash,South
O0768,C402,2024-01-04,Credit Card,North
O0769,C324,2023-02-03,Net Banking,South
O0770,C124,2023-05-08,Net Banking,West
O0771,C492,2024-11-21,Cash,West
O0772,C017,2023-12-02,UPI,South
O0773,C306,2024-08-19,UPI,East
O0774,C438,2023-07-07,Net Banking,East
O0775,C429,2023-06-10,Debit Card,East
O0776,C494,2023-05-13,Debit Card,West
O0777,C294,2024-01-22,Net Banking,North
O0778,C057,2023-12-23,Debit Card,East
O0779,C117,2023-09-11,UPI,South
O0780,C197,2024-02-16,Cash,West
O0781,C462,2023-11-03,Credit Card,West
O0782,C288,2024-02-19,Credit Card,North
O0783,C336,2023-12-21,Net Banking,North
O0784,C105,2023-03-24,Net Banking,North
O0785,C353,2023-08-09,Debit Card,South
O0786,C214,2024-02-06,Cash,East
O0787,C138,2024-11-01,Credit Card,South
O0788,C254,2024-12-16,Credit Card,South
O0789,C239,2024-11-01,Cash,South
O0790,C217,2023-11-17,UPI,North
O0791,C473,2023-09-13,Debit Card,North
O0792,C181,2024-09-28,UPI,West
O0793,C488,2023-07-14,Net Banking,North
O0794,C114,2024-10-22,Debit Card,West
O0795,C406,2024-04-27,Debit Card,South
O0796,C487,2023-04-23,Net Banking,West
O0797,C128,2023-05-12,Cash,West
O0798,C044,2023-12-14,Net Banking,East
O0799,C156,2024-01-05,UPI,North
O0800,C161,2023-10-25,Credit Card,East
O0801,C356,2024-07-17,UPI,North
O0802,C176,2024-02-09,Credit Card,South
O0803,C352,2023-04-28,Credit Card,West
O0804,C136,2024-01-19,UPI,South
O0805,C471,2023-12-10,Net Banking,South
O0806,C382,2023-11-11,Credit Card,South
O0807,C223,2023-07-15,UPI,South
O0808,C436,2023-02-26,Net Banking,North
O0809,C456,2023-04-04,Cash,South
O0810,C389,2023-12-05,Net Banking,South
O0811,C195,2024-11-05,Cash,West
O0812,C137,2024-08-16,Credit Card,North
O0813,C298,2023-02-16,Debit Card,North
O0814,C174,2023-08-12,Cash,North
O0815,C066,2024-05-25,Debit Card,West
O0816,C323,2023-11-09,Credit Card,South
O0817,C453,2023-07-28,Debit Card,South
O0818,C394,2023-11-25,Debit Card,North
O0819,C386,2024-03-17,Debit Card,North
O0820,C097,2024-08-28,Net Banking,North
O0821,C401,2024-11-12,Net Banking,West
O0822,C205,2024-08-11,Cash,South
O0823,C029,2023-12-13,Debit Card,East
O0824,C033,2024-03-06,Credit Card,West
O0825,C382,2024-11-02,UPI,South
O0826,C192,2024-02-16,Net Banking,North
O0827,C110,2024-12-25,Credit Card,South
O0828,C114,2024-06-09,Net Banking,West
O0829,C156,2024-03-10,Credit Card,North
O0830,C278,2023-11-10,Net Banking,South
O0831,C016,2024-05-26,Credit Card,North
O0832,C144,2023-07-12,Debit Card,South
O0833,C079,2024-12-28,Credit Card,North
O0834,C112,2024-11-02,UPI,South
O0835,C189,2023-04-27,Debit Card,North
O0836,C186,2023-06-21,Debit Card,South
O0837,C282,2024-06-09,Cash,South
O0838,C193,2023-02-22,Credit Card,North
O0839,C277,2023-06-07,UPI,South
O0840,C355,2023-10-09,Cash,West
O0841,C248,2023-01-02,Cash,West
O0842,C414,2024-06-13,Cash,North
O0843,C150,2023-07-23,Net Banking,West
O0844,C340,2024-03-05,Debit Card,West
O0845,C419,2024-01-25,UPI,North
O0846,C180,2024-12-03,Debit Card,North
O0847,C035,2024-07-19,Credit Card,West
O0848,C282,2023-04-24,Debit Card,South
O0849,C453,2023-04-22,Net Banking,South
O0850,C375,2024-04-06,Credit Card,North
O0851,C021,2024-05-23,Net Banking,West
O0852,C029,2024-03-17,Debit Card,East
O0853,C054,2023-03-11,UPI,North
O0854,C271,2024-08-25,UPI,North
O0855,C294,2023-12-17,Cash,North
O0856,C237,2023-06-09,Credit Card,South
O0857,C134,2023-04-20,Credit Card,East
O0858,C060,2024-05-27,Net Banking,South
O0859,C314,2023-12-21,Debit Card,North
O0860,C385,2024-12-11,Credit Card,West
O0861,C210,2024-01-19,Debit Card,South
O0862,C204,2024-05-08,Debit Card,East
O0863,C310,2024-12-24,Debit Card,South
O0864,C372,2024-04-08,Debit Card,North
O0865,C316,2024-12-02,Net Banking,North
O0866,C273,2024-04-24,Net Banking,South
O0867,C028,2023-06-07,Credit Card,North
O0868,C287,2024-12-20,Cash,West
O0869,C488,2023-01-25,Cash,North
O0870,C327,2024-09-05,Credit Card,West
O0871,C498,2024-09-23,Cash,North
O0872,C087,2024-07-02,Credit Card,North
O0873,C327,2024-04-19,Net Banking,West
O0874,C146,2024-06-03,Net Banking,North
O0875,C122,2023-07-02,Cash,East
O0876,C203,2024-11-18,Cash,South
O0877,C098,2023-06-23,Debit Card,North
O0878,C055,2024-06-11,Cash,South
O0879,C129,2024-03-07,Debit Card,North
O0880,C173,2024-10-18,Credit Card,East
O0881,C191,2024-05-08,Cash,West
O0882,C365,2023-07-08,Net Banking,West
O0883,C368,2024-12-04,Credit Card,North
O0884,C024,2023-07-20,Debit Card,South
O0885,C422,2023-01-17,Debit Card,West
O0886,C091,2024-06-16,Debit Card,West
O0887,C315,2024-08-03,Cash,North
O0888,C058,2023-07-05,Net Banking,South
O0889,C212,2023-12-19,Cash,North
O0890,C092,2023-08-23,Debit Card,West
O0891,C487,2024-09-28,Net Banking,West
O0892,C021,2024-11-11,Debit Card,West
O0893,C499,2023-10-22,UPI,North
O0894,C363,2023-01-04,Debit Card,East
O0895,C404,2023-08-01,Cash,South
O0896,C327,2023-12-17,Net Banking,West
O0897,C029,2024-02-19,Credit Card,East
O0898,C003,2023-02-25,Debit Card,West
O0899,C103,2024-01-27,Debit Card,North
O0900,C111,2023-02-14,Cash,West
O0901,C152,2024-07-03,Credit Card,North
O0902,C094,2023-08-24,Credit Card,North
O0903,C426,2024-06-15,Debit Card,East
O0904,C161,2024-07-09,Credit Card,East
O0905,C097,2024-09-01,UPI,North
O0906,C212,2023-01-03,Net Banking,North
O0907,C422,2023-10-22,Cash,West
O0908,C237,2024-03-14,Debit Card,South
O0909,C329,2024-04-10,Debit Card,North
O0910,C099,2024-10-02,UPI,West
O0911,C145,2023-11-22,Cash,South
O0912,C476,2024-09-24,Cash,South
O0913,C239,2024-09-16,UPI,South
O0914,C198,2024-06-25,Net Banking,West
O0915,C141,2023-02-05,UPI,South
O0916,C136,2023-07-22,Cash,South
O0917,C293,2024-07-25,Credit Card,North
O0918,C217,2024-07-25,Net Banking,North
O0919,C246,2024-07-19,Net Banking,East
O0920,C005,2023-05-04,Credit Card,West
O0921,C205,2024-04-20,Debit Card,South
O0922,C440,2023-10-24,Credit Card,West
O0923,C350,2024-08-27,Net Banking,South
O0924,C043,2024-04-13,Cash,West
O0925,C243,2024-05-23,Credit Card,West
O0926,C389,2023-09-15,UPI,South
O0927,C430,2023-04-18,Cash,North
O0928,C391,2023-03-04,Credit Card,West
O0929,C008,2024-04-20,Cash,West
O0930,C246,2024-03-28,Debit Card,East
O0931,C175,2023-08-01,Credit Card,North
O0932,C293,2023-08-06,Cash,North
O0933,C387,2023-08-24,Cash,North
O0934,C416,2024-05-27,Debit Card,North
O0935,C175,2023-01-16,Net Banking,North
O0936,C075,2023-02-12,Credit Card,North
O0937,C377,2023-06-19,Cash,North
O0938,C016,2023-08-16,Debit Card,North
O0939,C022,2024-02-18,Credit Card,South
O0940,C324,2024-09-10,Net Banking,South
O0941,C140,2024-10-23,Net Banking,North
O0942,C396,2023-03-25,Credit Card,North
O0943,C194,2024-05-14,Debit Card,North
O0944,C100,2023-11-02,Debit Card,West
O0945,C498,2024-01-11,Debit Card,North
O0946,C212,2024-07-15,Cash,North
O0947,C136,2024-01-18,Net Banking,South
O0948,C005,2023-08-26,Credit Card,West
O0949,C087,2023-06-09,UPI,North
O0950,C290,2023-11-01,Credit Card,South
O0951,C061,2023-09-23,Credit Card,North
O0952,C141,2024-07-14,UPI,South
O0953,C159,2024-06-12,Net Banking,South
O0954,C311,2024-02-23,Cash,East
O0955,C491,2024-10-11,Net Banking,South
O0956,C137,2023-12-09,Debit Card,North
O0957,C032,2023-12-28,Credit Card,North
O0958,C341,2024-09-11,Credit Card,East
O0959,C095,2023-01-12,Net Banking,North
O0960,C451,2023-09-20,Credit Card,South
O0961,C476,2023-10-03,UPI,South
O0962,C125,2023-05-02,Net Banking,West
O0963,C456,2023-06-20,Debit Card,South
O0964,C176,2024-02-01,Debit Card,South
O0965,C365,2023-02-27,Net Banking,West
O0966,C192,2023-01-08,Credit Card,North
O0967,C183,2024-08-17,UPI,North
O0968,C376,2023-12-03,UPI,North
O0969,C025,2023-09-05,UPI,West
O0970,C363,2024-10-20,Debit Card,East
O0971,C163,2024-03-06,UPI,North
O0972,C091,2024-07-27,Net Banking,West
O0973,C122,2023-06-17,Debit Card,East
O0974,C452,2024-08-28,Net Banking,West
O0975,C032,2023-03-17,UPI,North
O0976,C402,2024-08-23,Cash,North
O0977,C231,2024-10-15,Credit Card,North
O0978,C287,2024-12-19,Debit Card,West
O0979,C384,2023-10-08,Debit Card,North
O0980,C476,2024-10-05,Net Banking,South
O0981,C250,2023-07-03,Cash,South
O0982,C019,2023-08-08,Net Banking,North
O0983,C388,2023-04-21,Net Banking,South
O0984,C239,2023-06-17,Debit Card,South
O0985,C421,2024-03-10,Credit Card,South
O0986,C026,2024-10-14,Credit Card,South
O0987,C035,2023-11-24,UPI,West
O0988,C348,2024-08-05,Debit Card,West
O0989,C172,2024-03-11,Debit Card,North
O0990,C390,2024-10-28,Debit Card,North
O0991,C131,2023-10-06,Debit Card,West
O0992,C311,2024-02-11,Debit Card,East
O0993,C022,2023-05-14,Net Banking,South
O0994,C243,2023-10-01,Cash,West
O0995,C040,2023-03-26,Cash,North
O0996,C052,2024-04-26,Cash,South
O0997,C405,2023-07-05,UPI,North
O0998,C100,2023-02-26,Debit Card,West
O0999,C094,2023-08-10,Cash,North
O1000,C164,2024-01-11,Net Banking,South
O1001,C389,2023-01-25,Cash,South
O1002,C332,2023-07-19,Debit Card,West
O1003,C107,2024-01-18,Debit Card,North
O1004,C015,2024-02-21,UPI,North
O1005,C311,2023-02-25,Net Banking,East
O1006,C013,2023-02-14,Cash,North
O1007,C436,2024-01-18,UPI,North
O1008,C195,2024-02-23,Cash,West
O1009,C425,2024-05-19,Credit Card,North
O1010,C374,2023-02-03,Net Banking,West
O1011,C155,2024-06-22,Cash,South
O1012,C199,2024-02-10,Debit Card,South
O1013,C215,2024-04-10,Net Banking,West
O1014,C380,2023-01-02,Debit Card,West
O1015,C442,2024-01-03,Credit Card,West
O1016,C342,2024-02-10,Cash,South
O1017,C170,2023-01-10,UPI,South
O1018,C157,2023-10-17,Debit Card,West
O1019,C086,2024-09-13,Net Banking,South
O1020,C050,2023-07-15,UPI,South
O1021,C253,2023-07-18,Debit Card,East
O1022,C038,2023-05-28,Credit Card,South
O1023,C137,2024-03-21,Debit Card,North
O1024,C488,2024-10-28,Cash,North
O1025,C129,2023-07-14,Credit Card,North
O1026,C324,2024-02-20,Debit Card,South
O1027,C118,2023-01-06,Cash,North
O1028,C019,2024-08-07,Net Banking,North
O1029,C099,2023-10-09,Credit Card,West
O1030,C208,2024-09-18,Debit Card,North
O1031,C206,2024-07-18,UPI,West
O1032,C194,2023-11-14,Net Banking,North
O1033,C212,2023-02-21,Cash,North
O1034,C047,2024-08-13,Net Banking,South
O1035,C178,2024-01-20,Cash,South
O1036,C333,2023-09-09,Credit Card,East
O1037,C435,2024-12-22,Net Banking,West
O1038,C379,2024-02-19,Debit Card,West
O1039,C500,2024-08-19,Credit Card,South
O1040,C400,2023-06-20,UPI,East
O1041,C488,2024-02-10,Cash,North
O1042,C370,2024-01-11,Net Banking,West
O1043,C410,2023-11-17,Cash,West
O1044,C489,2024-08-19,Net Banking,West
O1045,C217,2023-01-26,Cash,North
O1046,C360,2024-01-06,Cash,South
O1047,C419,2023-01-07,UPI,North
O1048,C099,2024-09-02,Credit Card,West
O1049,C225,2023-11-04,Cash,West
O1050,C117,2024-02-13,Credit Card,South
O1051,C024,2023-08-19,Debit Card,South
O1052,C277,2023-10-11,Debit Card,South
O1053,C228,2024-01-10,Debit Card,North
O1054,C276,2024-07-19,Debit Card,South
O1055,C209,2024-04-09,Net Banking,West
O1056,C175,2024-04-21,Cash,North
O1057,C240,2023-02-28,UPI,East
O1058,C271,2024-11-15,Debit Card,North
O1059,C133,2024-04-13,Net Banking,West
O1060,C368,2024-08-25,Net Banking,North
O1061,C231,2024-02-21,Credit Card,North
O1062,C367,2024-10-17,UPI,North
O1063,C330,2023-07-12,Debit Card,South
O1064,C380,2023-10-25,UPI,West
O1065,C058,2024-09-26,UPI,South
O1066,C363,2023-09-08,Credit Card,East
O1067,C039,2024-10-18,UPI,West
O1068,C294,2024-02-23,Debit Card,North
O1069,C485,2023-09-11,Net Banking,North
O1070,C284,2023-02-27,Cash,West
O1071,C457,2024-06-07,UPI,North
O1072,C273,2023-03-15,Cash,South
O1073,C444,2024-01-06,Debit Card,West
O1074,C096,2023-08-03,Credit Card,South
O1075,C151,2024-04-19,Net Banking,North
O1076,C159,2024-10-22,UPI,South
O1077,C143,2024-07-02,Cash,South
O1078,C088,2024-04-02,Cash,North
O1079,C219,2024-10-16,Debit Card,North
O1080,C188,2024-03-17,Net Banking,North
O1081,C340,2023-09-13,UPI,West
O1082,C301,2024-03-18,Credit Card,West
O1083,C170,2024-05-18,Credit Card,South
O1084,C207,2024-04-27,Cash,South
O1085,C466,2023-06-24,UPI,South
O1086,C136,2024-12-07,Debit Card,South
O1087,C396,2024-10-12,Debit Card,North
O1088,C272,2024-02-17,Debit Card,South
O1089,C232,2023-08-13,Credit Card,South
O1090,C230,2024-08-26,Cash,West
O1091,C132,2024-07-15,Net Banking,North
O1092,C061,2023-05-24,Credit Card,North
O1093,C062,2024-06-01,Cash,South
O1094,C366,2024-02-25,Net Banking,South
O1095,C447,2024-03-23,UPI,South
O1096,C218,2024-10-23,Cash,North
O1097,C169,2024-09-12,Credit Card,North
O1098,C483,2024-03-01,Debit Card,North
O1099,C487,2024-01-13,Net Banking,West
O1100,C278,2024-11-10,Debit Card,South
O1101,C349,2023-11-19,Cash,North
O1102,C088,2024-01-12,Debit Card,North
O1103,C051,2024-09-05,Net Banking,East
O1104,C072,2024-07-21,Net Banking,East
O1105,C002,2024-09-26,Credit Card,West
O1106,C257,2023-10-12,Credit Card,South
O1107,C061,2023-09-01,Credit Card,North
O1108,C306,2023-10-18,Cash,East
O1109,C217,2024-05-27,UPI,North
O1110,C001,2023-07-03,UPI,West
O1111,C454,2023-10-22,Cash,West
O1112,C465,2024-02-01,Cash,West
O1113,C247,2024-05-03,UPI,West
O1114,C480,2023-12-02,Debit Card,North
O1115,C090,2023-02-10,Debit Card,South
O1116,C303,2023-01-22,UPI,North
O1117,C347,2024-05-01,Cash,West
O1118,C175,2024-12-24,Cash,North
O1119,C304,2024-10-17,Debit Card,North
O1120,C217,2023-04-05,Cash,North
O1121,C178,2024-09-19,Net Banking,South
O1122,C212,2024-04-20,UPI,North
O1123,C072,2024-04-19,UPI,East
O1124,C381,2023-07-16,Credit Card,South
O1125,C267,2023-09-18,UPI,South
O1126,C270,2024-08-22,Net Banking,South
O1127,C047,2023-03-03,Credit Card,South
O1128,C369,2024-04-08,Net Banking,East
O1129,C477,2023-02-02,Net Banking,West
O1130,C342,2024-05-03,Net Banking,South
O1131,C001,2024-08-07,Credit Card,West
O1132,C090,2023-09-10,Debit Card,South
O1133,C454,2023-07-22,Debit Card,West
O1134,C214,2023-01-01,UPI,East
O1135,C379,2024-11-05,UPI,West
O1136,C387,2024-10-15,Credit Card,North
O1137,C416,2024-06-07,Cash,North
O1138,C333,2024-05-14,Cash,East
O1139,C183,2023-07-10,UPI,North
O1140,C270,2024-04-25,Credit Card,South
O1141,C377,2024-02-24,Credit Card,North
O1142,C202,2024-03-04,Cash,West
O1143,C375,2023-10-20,Debit Card,North
O1144,C466,2024-12-25,UPI,South
O1145,C012,2024-04-08,Net Banking,West
O1146,C172,2024-11-25,Debit Card,North
O1147,C180,2024-02-28,Cash,North
O1148,C279,2024-11-27,UPI,East
O1149,C130,2024-02-11,Cash,West
O1150,C392,2024-12-04,Net Banking,West
O1151,C421,2023-12-25,Debit Card,South
O1152,C335,2023-06-12,UPI,North
O1153,C045,2024-04-10,Credit Card,North
O1154,C499,2024-11-02,Credit Card,North
O1155,C154,2023-03-23,Net Banking,South
O1156,C260,2024-01-27,UPI,North
O1157,C344,2024-04-25,UPI,North
O1158,C287,2024-06-21,Cash,West
O1159,C475,2024-12-23,Net Banking,North
O1160,C486,2024-01-12,Debit Card,South
O1161,C433,2024-10-19,Net Banking,East
O1162,C152,2023-12-12,Cash,North
O1163,C282,2024-01-28,Credit Card,South
O1164,C257,2023-03-08,Credit Card,South
O1165,C288,2023-02-25,UPI,North
O1166,C497,2023-11-02,Net Banking,North
O1167,C261,2024-07-08,Credit Card,West
O1168,C232,2023-08-23,Credit Card,South
O1169,C200,2023-05-11,UPI,South
O1170,C112,2023-09-25,Credit Card,South
O1171,C318,2024-05-05,Cash,North
O1172,C348,2024-03-02,Net Banking,West
O1173,C094,2024-05-23,Net Banking,North
O1174,C325,2024-04-26,UPI,South
O1175,C058,2024-01-16,UPI,South
O1176,C128,2024-11-10,Net Banking,West
O1177,C197,2023-01-07,Debit Card,West
O1178,C340,2024-09-20,Net Banking,West
O1179,C101,2024-10-05,Net Banking,North
O1180,C116,2023-09-07,Cash,North
O1181,C447,2023-02-06,Debit Card,South
O1182,C001,2024-03-02,Net Banking,West
O1183,C190,2024-02-12,Cash,North
O1184,C276,2024-12-23,Debit Card,South
O1185,C298,2024-05-09,Cash,North
O1186,C372,2024-12-16,Credit Card,North
O1187,C352,2024-09-06,Debit Card,West
O1188,C142,2024-02-05,Credit Card,West
O1189,C120,2023-02-22,Cash,South
O1190,C153,2024-06-20,Debit Card,West
O1191,C007,2023-08-11,Net Banking,North
O1192,C144,2023-10-15,Debit Card,South
O1193,C099,2023-06-22,Cash,West
O1194,C364,2023-12-07,Net Banking,West
O1195,C122,2024-05-23,Net Banking,East
O1196,C395,2024-01-02,Credit Card,South
O1197,C218,2023-03-16,Credit Card,North
O1198,C493,2023-07-06,Credit Card,West
O1199,C172,2024-03-15,UPI,North
O1200,C383,2024-11-10,UPI,West
O1201,C441,2023-09-09,UPI,South
O1202,C047,2023-02-06,Credit Card,South
O1203,C120,2023-09-03,Cash,South
O1204,C293,2024-12-08,Cash,North
O1205,C103,2023-02-16,Net Banking,North
O1206,C204,2024-06-10,Cash,East
O1207,C206,2024-04-28,Cash,West
O1208,C122,2023-10-22,Cash,East
O1209,C323,2023-11-13,Credit Card,South
O1210,C331,2023-12-27,UPI,South
O1211,C181,2024-07-03,Debit Card,West
O1212,C048,2023-09-01,Net Banking,West
O1213,C410,2024-08-13,UPI,West
O1214,C076,2023-12-04,UPI,East
O1215,C287,2023-02-05,Net Banking,West
O1216,C473,2024-01-28,Credit Card,North
O1217,C045,2024-12-22,UPI,North
O1218,C199,2024-03-20,Credit Card,South
O1219,C397,2024-03-15,Debit Card,West
O1220,C438,2024-11-23,Debit Card,East
O1221,C347,2023-08-21,Net Banking,West
O1222,C015,2023-10-03,Debit Card,North
O1223,C364,2024-01-05,Debit Card,West
O1224,C442,2024-10-07,Debit Card,West
O1225,C294,2024-02-24,Debit Card,North
O1226,C489,2024-11-12,UPI,West
O1227,C155,2023-08-27,UPI,South
O1228,C340,2024-02-13,Net Banking,West
O1229,C466,2023-03-01,Cash,South
O1230,C293,2024-11-27,Debit Card,North
O1231,C405,2024-02-01,Credit Card,North
O1232,C495,2023-01-05,Cash,South
O1233,C392,2024-05-03,UPI,West
O1234,C210,2024-04-23,Net Banking,South
O1235,C384,2023-05-05,Credit Card,North
O1236,C205,2024-09-14,Cash,South
O1237,C267,2024-12-28,Credit Card,South
O1238,C204,2023-04-28,Cash,East
O1239,C122,2024-01-03,UPI,East
O1240,C123,2023-02-01,Debit Card,West
O1241,C107,2023-12-16,UPI,North
O1242,C138,2024-03-26,Debit Card,South
O1243,C263,2023-09-19,UPI,West
O1244,C199,2023-08-24,Credit Card,South
O1245,C456,2024-04-21,Cash,South
O1246,C266,2024-03-09,Debit Card,North
O1247,C490,2023-03-11,Cash,South
O1248,C176,2023-05-04,Net Banking,South
O1249,C312,2024-03-07,Net Banking,West
O1250,C255,2024-08-14,Cash,West
O1251,C383,2023-08-05,Credit Card,West
O1252,C395,2024-03-14,Credit Card,South
O1253,C095,2024-10-01,Cash,North
O1254,C252,2024-01-01,Debit Card,South
O1255,C082,2023-05-19,Net Banking,West
O1256,C031,2024-11-02,UPI,South
O1257,C121,2024-06-08,Credit Card,South
O1258,C325,2024-11-04,Cash,South
O1259,C176,2024-07-07,Debit Card,South
O1260,C322,2024-06-21,UPI,South
O1261,C441,2024-06-12,Net Banking,South
O1262,C102,2024-01-27,Credit Card,North
O1263,C287,2023-07-24,Debit Card,West
O1264,C392,2023-04-07,Credit Card,West
O1265,C125,2023-07-17,UPI,West
O1266,C404,2023-12-16,Debit Card,South
O1267,C306,2023-09-21,Net Banking,East
O1268,C317,2023-09-07,UPI,West
O1269,C246,2024-03-20,Net Banking,East
O1270,C373,2024-11-24,Credit Card,South
O1271,C204,2024-03-10,Cash,East
O1272,C408,2024-04-16,Debit Card,West
O1273,C138,2024-09-23,Debit Card,South
O1274,C009,2024-02-26,Cash,North
O1275,C180,2023-06-26,Net Banking,North
O1276,C025,2024-02-15,Net Banking,West
O1277,C022,2024-03-13,Net Banking,South
O1278,C135,2024-11-08,UPI,North
O1279,C265,2024-06-15,Net Banking,South
O1280,C069,2023-07-03,UPI,North
O1281,C308,2024-01-06,UPI,South
O1282,C165,2024-12-27,UPI,East
O1283,C481,2023-05-22,UPI,South
O1284,C176,2024-11-27,Debit Card,South
O1285,C460,2024-06-02,UPI,North
O1286,C203,2024-12-15,Debit Card,South
O1287,C229,2024-10-13,Credit Card,North
O1288,C161,2024-01-27,Credit Card,East
O1289,C459,2023-09-23,Credit Card,East
O1290,C435,2023-04-15,Net Banking,West
O1291,C472,2024-05-26,Cash,West
O1292,C263,2024-03-02,UPI,West
O1293,C386,2024-09-10,Cash,North
O1294,C060,2023-11-25,UPI,South
O1295,C305,2023-09-22,Credit Card,South
O1296,C095,2023-07-24,Debit Card,North
O1297,C414,2024-10-15,UPI,North
O1298,C431,2024-09-22,Credit Card,South
O1299,C266,2023-09-17,Net Banking,North
O1300,C127,2024-03-20,Cash,South
O1301,C263,2024-12-28,Credit Card,West
O1302,C129,2023-07-28,UPI,North
O1303,C094,2024-10-28,Credit Card,North
O1304,C311,2023-07-15,Debit Card,East
O1305,C458,2023-11-24,Debit Card,South
O1306,C159,2024-07-10,Debit Card,South
O1307,C385,2023-03-06,Credit Card,West
O1308,C223,2023-06-20,Debit Card,South
O1309,C394,2023-12-13,Debit Card,North
O1310,C306,2023-12-26,Net Banking,East
O1311,C269,2023-12-23,UPI,North
O1312,C099,2024-06-01,Credit Card,West
O1313,C020,2023-09-04,Net Banking,West
O1314,C020,2023-04-24,Cash,West
O1315,C286,2024-06-21,UPI,West
O1316,C108,2023-12-21,Credit Card,West
O1317,C109,2024-07-24,UPI,South
O1318,C483,2023-11-26,UPI,North
O1319,C021,2024-07-28,Net Banking,West
O1320,C427,2023-01-02,Net Banking,East
O1321,C127,2024-08-10,Net Banking,South
O1322,C389,2023-10-25,UPI,South
O1323,C395,2023-08-07,Credit Card,South
O1324,C102,2023-11-04,UPI,North
O1325,C406,2023-10-10,Net Banking,South
O1326,C123,2023-06-16,Debit Card,West
O1327,C087,2023-03-20,UPI,North
O1328,C099,2024-12-15,Net Banking,West
O1329,C056,2023-01-25,UPI,South
O1330,C283,2023-05-07,Net Banking,South
O1331,C006,2023-06-13,Credit Card,South
O1332,C390,2024-06-18,Debit Card,North
O1333,C362,2024-06-12,Net Banking,North
O1334,C219,2024-08-28,Cash,North
O1335,C174,2024-04-11,Debit Card,North
O1336,C179,2024-02-12,Credit Card,South
O1337,C229,2023-03-27,UPI,North
O1338,C482,2023-06-18,Cash,West
O1339,C330,2023-09-17,UPI,South
O1340,C013,2023-07-22,Debit Card,North
O1341,C451,2024-05-05,Debit Card,South
O1342,C269,2024-05-16,Credit Card,North
O1343,C432,2023-01-04,Credit Card,West
O1344,C443,2024-06-08,Credit Card,North
O1345,C172,2023-06-26,Cash,North
O1346,C142,2023-04-15,Net Banking,West
O1347,C274,2024-09-28,Net Banking,North
O1348,C090,2023-10-01,Credit Card,South
O1349,C477,2023-04-02,Credit Card,West
O1350,C494,2024-01-02,Debit Card,West
O1351,C427,2023-12-04,UPI,East
O1352,C369,2023-07-22,UPI,East
O1353,C221,2024-08-18,Cash,West
O1354,C043,2024-01-11,Credit Card,West
O1355,C081,2023-01-18,Net Banking,South
O1356,C435,2024-07-18,Cash,West
O1357,C382,2023-04-09,UPI,South
O1358,C143,2023-03-05,Debit Card,South
O1359,C001,2023-12-09,Debit Card,West
O1360,C133,2024-05-23,UPI,West
O1361,C168,2024-04-07,Credit Card,West
O1362,C443,2024-09-17,UPI,North
O1363,C451,2023-06-08,UPI,South
O1364,C425,2023-02-27,Debit Card,North
O1365,C316,2023-08-17,Credit Card,North
O1366,C345,2023-09-04,Debit Card,East
O1367,C251,2024-11-02,UPI,North
O1368,C160,2023-07-10,Debit Card,South
O1369,C492,2024-07-03,UPI,West
O1370,C004,2024-04-01,Credit Card,West
O1371,C154,2024-04-12,Debit Card,South
O1372,C396,2023-11-05,Net Banking,North
O1373,C282,2023-12-26,Net Banking,South
O1374,C194,2024-11-17,Debit Card,North
O1375,C162,2024-06-19,Net Banking,East
O1376,C075,2023-10-03,Debit Card,North
O1377,C076,2023-12-27,Debit Card,East
O1378,C426,2024-06-01,Net Banking,East
O1379,C051,2024-02-25,Cash,East
O1380,C443,2024-03-04,Debit Card,North
O1381,C219,2023-09-23,Net Banking,North
O1382,C065,2024-03-15,Credit Card,West
O1383,C209,2024-10-21,Credit Card,West
O1384,C331,2024-09-13,Credit Card,South
O1385,C117,2024-02-03,Cash,South
O1386,C193,2023-10-03,Cash,North
O1387,C328,2023-07-10,Credit Card,West
O1388,C046,2024-02-23,Net Banking,North
O1389,C217,2024-05-15,Net Banking,North
O1390,C051,2024-10-10,Debit Card,East
O1391,C139,2024-01-18,UPI,East
O1392,C176,2024-04-10,Credit Card,South
O1393,C363,2024-04-04,Cash,East
O1394,C340,2024-02-11,Cash,West
O1395,C015,2023-07-25,UPI,North
O1396,C341,2023-07-04,Credit Card,East
O1397,C269,2023-12-21,Net Banking,North
O1398,C215,2024-11-14,Cash,West
O1399,C092,2023-05-21,UPI,West
O1400,C358,2024-08-26,Debit Card,West
O1401,C097,2023-12-22,Debit Card,North
O1402,C478,2024-02-06,Debit Card,South
O1403,C410,2024-08-02,Cash,West
O1404,C355,2023-07-27,Cash,West
O1405,C345,2023-05-15,Cash,East
O1406,C131,2024-06-10,Cash,West
O1407,C112,2023-04-15,Credit Card,South
O1408,C045,2024-07-01,UPI,North
O1409,C409,2023-10-15,UPI,East
O1410,C188,2023-03-27,Debit Card,North
O1411,C097,2024-12-04,UPI,North
O1412,C245,2024-08-11,UPI,North
O1413,C485,2023-03-03,Net Banking,North
O1414,C017,2023-02-06,Debit Card,South
O1415,C060,2024-10-09,Credit Card,South
O1416,C006,2024-12-03,Net Banking,South
O1417,C122,2024-07-10,Net Banking,East
O1418,C264,2023-02-15,Net Banking,South
O1419,C037,2023-02-15,UPI,South
O1420,C466,2024-08-09,Credit Card,South
O1421,C255,2024-11-16,Net Banking,West
O1422,C490,2024-10-13,UPI,South
O1423,C154,2023-12-23,UPI,South
O1424,C283,2023-10-07,Net Banking,South
O1425,C235,2024-02-07,UPI,South
O1426,C086,2024-02-17,UPI,South
O1427,C242,2024-04-18,Debit Card,West
O1428,C410,2023-12-10,Cash,West
O1429,C197,2024-01-14,UPI,West
O1430,C422,2023-09-11,Debit Card,West
O1431,C176,2024-06-27,Net Banking,South
O1432,C003,2024-04-07,UPI,West
O1433,C393,2024-03-16,Debit Card,North
O1434,C404,2023-11-07,Debit Card,South
O1435,C144,2024-12-23,Credit Card,South
O1436,C085,2024-11-11,UPI,South
O1437,C475,2023-07-09,UPI,North
O1438,C036,2023-12-09,UPI,West
O1439,C009,2023-06-13,Debit Card,North
O1440,C359,2024-11-08,Net Banking,South
O1441,C166,2024-06-09,Net Banking,North
O1442,C460,2024-09-07,Cash,North
O1443,C216,2023-08-20,Debit Card,North
O1444,C266,2024-10-08,UPI,North
O1445,C147,2023-12-24,Net Banking,North
O1446,C355,2023-05-27,Debit Card,West
O1447,C059,2023-01-11,UPI,West
O1448,C125,2024-02-17,UPI,West
O1449,C223,2024-11-15,UPI,South
O1450,C341,2023-12-17,UPI,East
O1451,C135,2024-12-09,Net Banking,North
O1452,C360,2023-02-10,Net Banking,South
O1453,C042,2024-05-04,Cash,North
O1454,C497,2023-04-16,Cash,North
O1455,C378,2024-09-02,UPI,East
O1456,C470,2023-08-23,Net Banking,North
O1457,C133,2023-12-23,Cash,West
O1458,C473,2023-03-27,UPI,North
O1459,C136,2023-06-27,Net Banking,South
O1460,C099,2023-12-13,Net Banking,West
O1461,C232,2024-02-17,UPI,South
O1462,C350,2024-06-15,Credit Card,South
O1463,C011,2023-08-28,UPI,North
O1464,C160,2024-01-08,Credit Card,South
O1465,C358,2023-02-28,Net Banking,West
O1466,C474,2023-08-11,Cash,North
O1467,C054,2023-03-24,Cash,North
O1468,C289,2024-11-26,UPI,West
O1469,C202,2024-12-01,Net Banking,West
O1470,C010,2023-04-07,UPI,South
O1471,C420,2024-01-09,Credit Card,South
O1472,C437,2023-08-08,Net Banking,North
O1473,C088,2024-03-21,Credit Card,North
O1474,C314,2024-07-14,Cash,North
O1475,C246,2023-08-26,Credit Card,East
O1476,C467,2023-07-18,Credit Card,North
O1477,C370,2023-02-02,Debit Card,West
O1478,C383,2023-03-06,Debit Card,West
O1479,C369,2023-04-17,Debit Card,East
O1480,C016,2023-04-23,Debit Card,North
O1481,C426,2024-11-01,Debit Card,East
O1482,C372,2024-03-23,Cash,North
O1483,C185,2023-11-17,Debit Card,South
O1484,C486,2024-03-19,Net Banking,South
O1485,C429,2024-07-16,Net Banking,East
O1486,C038,2023-11-23,Debit Card,South
O1487,C451,2024-03-25,Credit Card,South
O1488,C462,2023-11-23,UPI,West
O1489,C157,2024-08-23,Debit Card,West
O1490,C239,2024-05-17,Debit Card,South
O1491,C474,2024-08-24,Credit Card,North
O1492,C005,2024-06-18,Cash,West
O1493,C074,2023-05-21,UPI,West
O1494,C500,2024-05-13,Debit Card,South
O1495,C301,2023-08-16,Cash,West
O1496,C033,2024-06-19,Debit Card,West
O1497,C073,2023-12-14,Debit Card,North
O1498,C071,2023-11-08,Net Banking,South
O1499,C206,2023-11-22,Debit Card,West
O1500,C225,2024-12-12,Credit Card,West
O1501,C079,2023-06-14,Net Banking,North
O1502,C386,2023-04-21,Net Banking,North
O1503,C033,2024-10-15,Debit Card,West
O1504,C221,2024-09-21,Debit Card,West
O1505,C339,2024-10-01,Credit Card,North
O1506,C194,2024-12-15,Net Banking,North
O1507,C404,2023-08-17,Cash,South
O1508,C027,2024-03-27,UPI,West
O1509,C437,2024-09-28,Cash,North
O1510,C019,2024-07-03,UPI,North
O1511,C064,2024-07-22,Net Banking,North
O1512,C299,2023-09-11,Debit Card,West
O1513,C402,2024-12-02,Cash,North
O1514,C251,2023-07-09,Cash,North
O1515,C003,2024-08-28,UPI,West
O1516,C048,2024-06-10,UPI,West
O1517,C365,2024-10-19,Debit Card,West
O1518,C370,2023-06-08,UPI,West
O1519,C127,2024-07-24,Credit Card,South
O1520,C120,2024-05-13,Cash,South
O1521,C145,2023-12-28,Debit Card,South
O1522,C143,2023-11-12,Net Banking,South
O1523,C193,2024-11-25,Cash,North
O1524,C308,2023-11-15,UPI,South
O1525,C316,2023-07-02,UPI,North
O1526,C205,2024-05-01,Cash,South
O1527,C420,2023-02-05,Credit Card,South
O1528,C299,2023-03-18,UPI,West
O1529,C029,2024-04-08,UPI,East
O1530,C038,2024-09-25,Cash,South
O1531,C405,2023-09-17,UPI,North
O1532,C153,2023-01-12,Credit Card,West
O1533,C253,2023-12-11,UPI,East
O1534,C311,2024-01-02,Cash,East
O1535,C082,2024-01-25,UPI,West
O1536,C405,2023-12-09,Net Banking,North
O1537,C397,2024-09-24,Debit Card,West
O1538,C203,2024-02-16,Cash,South
O1539,C452,2023-03-02,UPI,West
O1540,C391,2024-06-10,UPI,West
O1541,C033,2023-06-11,Cash,West
O1542,C049,2023-02-19,UPI,South
O1543,C248,2023-08-02,UPI,West
O1544,C095,2024-03-24,Credit Card,North
O1545,C257,2023-11-20,Credit Card,South
O1546,C051,2023-01-08,Credit Card,East
O1547,C097,2024-11-19,Credit Card,North
O1548,C100,2024-08-09,Debit Card,West
O1549,C392,2024-03-18,UPI,West
O1550,C196,2023-04-04,Cash,East
O1551,C338,2023-01-02,Credit Card,South
O1552,C448,2023-06-02,Cash,West
O1553,C436,2024-12-02,UPI,North
O1554,C305,2024-03-10,Cash,South
O1555,C032,2024-02-07,Debit Card,North
O1556,C042,2024-01-23,Credit Card,North
O1557,C007,2024-11-13,Net Banking,North
O1558,C132,2023-01-08,Credit Card,North
O1559,C102,2024-10-04,Net Banking,North
O1560,C349,2023-05-16,Credit Card,North
O1561,C039,2023-09-16,Debit Card,West
O1562,C301,2023-05-04,Cash,West
O1563,C474,2023-10-03,Debit Card,North
O1564,C003,2024-08-02,Cash,West
O1565,C457,2024-02-14,Cash,North
O1566,C441,2023-10-01,Debit Card,South
O1567,C403,2023-05-08,Cash,West
O1568,C314,2024-05-19,Net Banking,North
O1569,C387,2024-12-12,Debit Card,North
O1570,C316,2024-11-18,UPI,North
O1571,C237,2023-09-22,Credit Card,South
O1572,C091,2024-01-23,UPI,West
O1573,C016,2024-12-22,UPI,North
O1574,C239,2024-02-16,Cash,South
O1575,C191,2024-07-15,Debit Card,West
O1576,C088,2024-10-09,Cash,North
O1577,C314,2023-05-22,Net Banking,North
O1578,C404,2024-11-25,Cash,South
O1579,C475,2024-01-04,UPI,North
O1580,C013,2024-09-19,Credit Card,North
O1581,C083,2024-10-11,Cash,South
O1582,C266,2024-05-01,Credit Card,North
O1583,C451,2023-11-06,UPI,South
O1584,C286,2023-05-06,Net Banking,West
O1585,C172,2023-04-01,Cash,North
O1586,C482,2024-06-07,Net Banking,West
O1587,C007,2023-10-25,Debit Card,North
O1588,C308,2023-01-26,UPI,South
O1589,C428,2024-03-08,Debit Card,South
O1590,C497,2023-06-13,Net Banking,North
O1591,C040,2023-07-07,Debit Card,North
O1592,C029,2024-12-06,Net Banking,East
O1593,C026,2023-03-27,Net Banking,South
O1594,C084,2023-03-09,Net Banking,East
O1595,C470,2024-05-22,Debit Card,North
O1596,C026,2024-05-08,Credit Card,South
O1597,C264,2023-06-11,Debit Card,South
O1598,C196,2023-02-26,Debit Card,East
O1599,C212,2023-11-12,Cash,North
O1600,C337,2024-12-05,Credit Card,South
O1601,C196,2023-05-14,Debit Card,East
O1602,C182,2023-09-25,Net Banking,North
O1603,C278,2024-01-03,Net Banking,South
O1604,C037,2024-03-01,Credit Card,South
O1605,C486,2023-02-24,Net Banking,South
O1606,C240,2023-01-23,Credit Card,East
O1607,C157,2024-01-22,Credit Card,West
O1608,C028,2024-06-23,Credit Card,North
O1609,C388,2023-10-19,Debit Card,South
O1610,C481,2023-11-23,Debit Card,South
O1611,C341,2023-03-09,Credit Card,East
O1612,C167,2024-07-06,Cash,North
O1613,C046,2024-04-20,Credit Card,North
O1614,C131,2024-11-09,Cash,West
O1615,C438,2024-09-13,Cash,East
O1616,C025,2023-01-24,UPI,West
O1617,C207,2023-01-02,Cash,South
O1618,C344,2023-03-26,Debit Card,North
O1619,C263,2023-02-03,Credit Card,West
O1620,C402,2023-09-04,Debit Card,North
O1621,C141,2023-05-06,Cash,South
O1622,C002,2023-07-26,Debit Card,West
O1623,C084,2024-11-01,UPI,East
O1624,C193,2024-09-04,Cash,North
O1625,C497,2023-12-20,Debit Card,North
O1626,C046,2023-06-10,Cash,North
O1627,C222,2024-05-10,Debit Card,North
O1628,C052,2023-04-10,Net Banking,South
O1629,C430,2024-06-07,Net Banking,North
O1630,C450,2024-12-21,Cash,South
O1631,C343,2023-08-05,Net Banking,South
O1632,C431,2024-05-05,Debit Card,South
O1633,C333,2023-06-13,Debit Card,East
O1634,C117,2023-06-22,Credit Card,South
O1635,C099,2024-07-05,UPI,West
O1636,C076,2024-02-21,Net Banking,East
O1637,C367,2023-12-23,Cash,North
O1638,C044,2024-02-01,Net Banking,East
O1639,C487,2024-02-09,Net Banking,West
O1640,C085,2024-09-13,Cash,South
O1641,C054,2023-12-12,Debit Card,North
O1642,C007,2024-12-06,Net Banking,North
O1643,C004,2024-12-10,Debit Card,West
O1644,C099,2023-03-28,Debit Card,West
O1645,C145,2024-11-11,Debit Card,South
O1646,C270,2024-02-19,UPI,South
O1647,C254,2023-07-26,UPI,South
O1648,C483,2023-01-11,Debit Card,North
O1649,C316,2024-02-25,UPI,North
O1650,C437,2023-01-28,Net Banking,North
O1651,C089,2023-11-06,Net Banking,North
O1652,C295,2024-10-03,Net Banking,South
O1653,C065,2023-01-09,UPI,West
O1654,C126,2023-05-10,Credit Card,South
O1655,C430,2024-04-22,UPI,North
O1656,C079,2023-08-02,Debit Card,North
O1657,C495,2024-07-08,Debit Card,South
O1658,C251,2023-02-26,UPI,North
O1659,C127,2023-12-17,Net Banking,South
O1660,C288,2023-11-02,Credit Card,North
O1661,C126,2023-02-27,Cash,South
O1662,C357,2023-09-04,Credit Card,East
O1663,C102,2024-04-28,Cash,North
O1664,C461,2024-02-05,Debit Card,North
O1665,C279,2023-03-01,Cash,East
O1666,C070,2024-04-05,Credit Card,North
O1667,C337,2024-12-14,Credit Card,South
O1668,C002,2023-08-03,Debit Card,West
O1669,C450,2023-05-19,Cash,South
O1670,C130,2024-03-11,UPI,West
O1671,C080,2024-05-26,Credit Card,West
O1672,C080,2024-03-17,Credit Card,West
O1673,C372,2023-12-07,Credit Card,North
O1674,C481,2024-02-06,Cash,South
O1675,C389,2024-09-05,Debit Card,South
O1676,C227,2023-09-19,UPI,North
O1677,C319,2023-01-17,Debit Card,South
O1678,C117,2024-06-20,Cash,South
O1679,C271,2024-10-27,Net Banking,North
O1680,C394,2024-03-21,Net Banking,North
O1681,C389,2023-02-13,Net Banking,South
O1682,C462,2024-05-03,Debit Card,West
O1683,C211,2023-10-25,Net Banking,South
O1684,C258,2023-01-14,Cash,South
O1685,C119,2023-06-16,UPI,South
O1686,C216,2024-11-10,Cash,North
O1687,C306,2023-12-28,Debit Card,East
O1688,C158,2024-02-28,Cash,West
O1689,C396,2024-07-24,Credit Card,North
O1690,C310,2024-06-11,Cash,South
O1691,C016,2024-03-19,UPI,North
O1692,C479,2023-05-05,Cash,South
O1693,C214,2024-01-05,Cash,East
O1694,C307,2023-06-18,Cash,West
O1695,C248,2024-12-24,Debit Card,West
O1696,C318,2023-03-09,Debit Card,North
O1697,C468,2024-11-25,Credit Card,North
O1698,C143,2023-06-10,Net Banking,South
O1699,C218,2024-11-08,Credit Card,North
O1700,C115,2023-12-21,Net Banking,North
O1701,C026,2024-09-02,UPI,South
O1702,C110,2023-04-08,Debit Card,South
O1703,C441,2024-08-08,Net Banking,South
O1704,C120,2023-07-05,Credit Card,South
O1705,C386,2023-07-14,UPI,North
O1706,C461,2024-06-04,UPI,North
O1707,C032,2024-09-06,Net Banking,North
O1708,C497,2023-04-03,Net Banking,North
O1709,C330,2024-11-26,Credit Card,South
O1710,C409,2023-06-21,Cash,East
O1711,C214,2024-10-10,Credit Card,East
O1712,C306,2023-03-14,Net Banking,East
O1713,C297,2023-03-09,Cash,West
O1714,C255,2024-02-27,Net Banking,West
O1715,C231,2024-03-19,Net Banking,North
O1716,C465,2023-07-21,Debit Card,West
O1717,C291,2023-04-23,Cash,South
O1718,C407,2023-10-18,Cash,South
O1719,C215,2023-10-13,Net Banking,West
O1720,C128,2024-02-12,Net Banking,West
O1721,C437,2023-03-25,Cash,North
O1722,C058,2023-07-11,Debit Card,South
O1723,C466,2023-07-20,Net Banking,South
O1724,C073,2024-04-16,Net Banking,North
O1725,C040,2024-08-22,Credit Card,North
O1726,C310,2023-07-01,Net Banking,South
O1727,C332,2024-02-05,Cash,West
O1728,C270,2024-01-11,Net Banking,South
O1729,C252,2024-03-06,Credit Card,South
O1730,C042,2023-11-28,Debit Card,North
O1731,C077,2024-11-05,Net Banking,West
O1732,C123,2023-02-27,Cash,West
O1733,C258,2023-12-25,Net Banking,South
O1734,C325,2024-03-15,Net Banking,South
O1735,C104,2024-03-18,UPI,North
O1736,C431,2024-09-23,UPI,South
O1737,C205,2023-02-02,Net Banking,South
O1738,C255,2024-10-02,Cash,West
O1739,C375,2024-08-27,Cash,North
O1740,C179,2024-01-17,Net Banking,South
O1741,C385,2023-04-27,Credit Card,West
O1742,C123,2024-03-12,Net Banking,West
O1743,C078,2024-12-16,Debit Card,South
O1744,C433,2023-07-16,Net Banking,East
O1745,C356,2023-12-13,Cash,North
O1746,C082,2024-05-22,Credit Card,West
O1747,C103,2024-11-09,Cash,North
O1748,C194,2024-06-08,Credit Card,North
O1749,C495,2023-02-10,Net Banking,South
O1750,C004,2024-11-28,UPI,West
O1751,C374,2024-02-24,Debit Card,West
O1752,C290,2024-03-03,Debit Card,South
O1753,C111,2023-07-13,Debit Card,West
O1754,C176,2023-05-09,Net Banking,South
O1755,C349,2024-07-12,Debit Card,North
O1756,C088,2024-12-04,Net Banking,North
O1757,C205,2023-10-06,Debit Card,South
O1758,C342,2024-04-25,Net Banking,South
O1759,C104,2023-08-08,Net Banking,North
O1760,C286,2024-07-05,Cash,West
O1761,C113,2024-07-03,Net Banking,West
O1762,C285,2023-04-04,Debit Card,South
O1763,C059,2023-10-11,Net Banking,West
O1764,C174,2023-12-07,Credit Card,North
O1765,C450,2024-02-22,Net Banking,South
O1766,C142,2023-06-16,Net Banking,West
O1767,C110,2023-08-19,Cash,South
O1768,C087,2023-03-09,Debit Card,North
O1769,C346,2024-09-22,Credit Card,North
O1770,C365,2024-07-03,Cash,West
O1771,C151,2023-09-22,Debit Card,North
O1772,C081,2024-12-07,Debit Card,South
O1773,C385,2024-01-17,Cash,West
O1774,C432,2024-10-17,Debit Card,West
O1775,C117,2024-03-24,Debit Card,South
O1776,C441,2023-01-13,Debit Card,South
O1777,C116,2023-08-21,UPI,North
O1778,C435,2024-03-19,Debit Card,West
O1779,C320,2023-04-24,Net Banking,East
O1780,C077,2024-05-03,UPI,West
O1781,C366,2023-12-24,UPI,South
O1782,C266,2024-02-10,UPI,North
O1783,C124,2023-05-10,UPI,West
O1784,C003,2024-10-05,Net Banking,West
O1785,C262,2023-02-23,Cash,West
O1786,C053,2023-09-24,Credit Card,South
O1787,C324,2023-01-06,Net Banking,South
O1788,C203,2024-04-27,Cash,South
O1789,C162,2024-06-01,UPI,East
O1790,C297,2023-05-16,Cash,West
O1791,C275,2024-03-17,Credit Card,North
O1792,C017,2024-10-13,Credit Card,South
O1793,C203,2023-04-25,Credit Card,South
O1794,C022,2023-02-09,Debit Card,South
O1795,C144,2023-03-06,Net Banking,South
O1796,C226,2024-05-17,UPI,East
O1797,C162,2024-10-02,Net Banking,East
O1798,C473,2023-10-25,Credit Card,North
O1799,C309,2024-06-15,Credit Card,West
O1800,C431,2024-07-22,Net Banking,South
O1801,C294,2023-11-26,Credit Card,North
O1802,C053,2023-09-16,UPI,South
O1803,C092,2023-02-16,UPI,West
O1804,C269,2024-06-18,Credit Card,North
O1805,C103,2024-12-04,Credit Card,North
O1806,C078,2023-07-09,UPI,South
O1807,C134,2023-10-18,Cash,East
O1808,C214,2023-04-12,Credit Card,East
O1809,C315,2024-09-09,Debit Card,North
O1810,C129,2023-01-19,Net Banking,North
O1811,C353,2024-03-04,Cash,South
O1812,C041,2023-02-12,Debit Card,North
O1813,C192,2023-08-19,Net Banking,North
O1814,C067,2024-09-12,Debit Card,North
O1815,C488,2024-08-21,Net Banking,North
O1816,C338,2023-07-10,UPI,South
O1817,C094,2024-03-26,Cash,North
O1818,C257,2023-03-14,Cash,South
O1819,C173,2023-04-25,Net Banking,East
O1820,C236,2023-08-05,Credit Card,West
O1821,C293,2024-03-24,UPI,North
O1822,C159,2024-05-02,Credit Card,South
O1823,C028,2023-06-01,Cash,North
O1824,C497,2023-05-10,Credit Card,North
O1825,C229,2023-07-27,UPI,North
O1826,C186,2024-08-17,Credit Card,South
O1827,C035,2024-09-08,Net Banking,West
O1828,C216,2023-01-08,Cash,North
O1829,C064,2024-07-05,Cash,North
O1830,C009,2024-07-03,Debit Card,North
O1831,C339,2024-09-15,Credit Card,North
O1832,C160,2024-01-15,Cash,South
O1833,C198,2023-06-16,Cash,West
O1834,C441,2023-09-23,UPI,South
O1835,C199,2024-03-02,Credit Card,South
O1836,C440,2023-08-09,Cash,West
O1837,C117,2024-08-25,Credit Card,South
O1838,C464,2024-09-05,Cash,North
O1839,C179,2024-03-02,Cash,South
O1840,C268,2024-05-24,Credit Card,West
O1841,C210,2024-09-02,Cash,South
O1842,C149,2024-11-25,UPI,West
O1843,C086,2023-03-26,Cash,South
O1844,C211,2024-09-07,Debit Card,South
O1845,C367,2023-06-14,Debit Card,North
O1846,C340,2024-10-22,Debit Card,West
O1847,C064,2023-02-16,Net Banking,North
O1848,C359,2024-07-16,Credit Card,South
O1849,C474,2024-04-21,Net Banking,North
O1850,C178,2024-11-22,Debit Card,South
O1851,C151,2023-01-17,Cash,North
O1852,C466,2023-12-05,Net Banking,South
O1853,C178,2023-10-05,Cash,South
O1854,C004,2023-06-27,Net Banking,West
O1855,C006,2023-11-08,Cash,South
O1856,C211,2023-03-15,Cash,South
O1857,C315,2023-12-08,UPI,North
O1858,C022,2024-03-26,UPI,South
O1859,C444,2024-11-21,Net Banking,West
O1860,C329,2023-04-14,Net Banking,North
O1861,C309,2023-07-01,Debit Card,West
O1862,C054,2023-04-23,UPI,North
O1863,C244,2024-09-04,Cash,West
O1864,C322,2024-02-08,Credit Card,South
O1865,C224,2024-07-07,Credit Card,West
O1866,C340,2024-09-23,UPI,West
O1867,C041,2023-11-25,Credit Card,North
O1868,C206,2023-05-23,Credit Card,West
O1869,C048,2023-06-03,Cash,West
O1870,C019,2023-09-21,UPI,North
O1871,C222,2023-08-15,UPI,North
O1872,C462,2023-06-10,Net Banking,West
O1873,C414,2024-12-24,Net Banking,North
O1874,C378,2023-10-08,Cash,East
O1875,C059,2023-01-03,Credit Card,West
O1876,C193,2023-11-03,UPI,North
O1877,C236,2023-01-11,Cash,West
O1878,C245,2024-10-19,Net Banking,North
O1879,C482,2024-12-21,Cash,West
O1880,C151,2024-03-21,Debit Card,North
O1881,C403,2024-05-22,Debit Card,West
O1882,C401,2023-11-14,Credit Card,West
O1883,C277,2024-11-23,Cash,South
O1884,C388,2024-08-07,Credit Card,South
O1885,C125,2023-01-23,Cash,West
O1886,C338,2023-09-06,UPI,South
O1887,C142,2023-09-15,Debit Card,West
O1888,C336,2023-06-21,Net Banking,North
O1889,C103,2023-09-07,UPI,North
O1890,C432,2023-01-07,UPI,West
O1891,C420,2024-09-08,Credit Card,South
O1892,C400,2023-04-03,UPI,East
O1893,C181,2023-08-14,Cash,West
O1894,C178,2023-10-23,Net Banking,South
O1895,C256,2024-06-18,Net Banking,West
O1896,C352,2024-07-10,UPI,West
O1897,C086,2024-09-24,UPI,South
O1898,C255,2024-09-14,Net Banking,West
O1899,C332,2023-12-05,Debit Card,West
O1900,C250,2023-08-11,UPI,South
O1901,C164,2023-08-14,UPI,South
O1902,C057,2024-01-21,Cash,East
O1903,C174,2023-04-22,Net Banking,North
O1904,C426,2024-09-20,Net Banking,East
O1905,C271,2024-06-28,UPI,North
O1906,C376,2024-10-05,Net Banking,North
O1907,C145,2024-04-04,Net Banking,South
O1908,C095,2023-08-05,Credit Card,North
O1909,C362,2024-11-06,UPI,North
O1910,C247,2024-06-11,Credit Card,West
O1911,C428,2023-08-16,Credit Card,South
O1912,C210,2024-02-19,Net Banking,South
O1913,C078,2024-04-24,Debit Card,South
O1914,C411,2024-12-10,Debit Card,West
O1915,C140,2024-08-26,Cash,North
O1916,C493,2024-10-08,Credit Card,West
O1917,C420,2023-09-04,UPI,South
O1918,C293,2023-06-19,UPI,North
O1919,C071,2023-11-20,Cash,South
O1920,C341,2023-09-12,Net Banking,East
O1921,C239,2024-05-09,Cash,South
O1922,C277,2024-06-16,UPI,South
O1923,C271,2023-03-17,Credit Card,North
O1924,C376,2024-11-25,UPI,North
O1925,C395,2023-08-14,Credit Card,South
O1926,C075,2023-06-23,Cash,North
O1927,C454,2024-06-19,Cash,West
O1928,C255,2024-12-26,UPI,West
O1929,C455,2023-03-11,Net Banking,North
O1930,C342,2024-07-05,Net Banking,South
O1931,C294,2024-07-04,Net Banking,North
O1932,C437,2023-06-05,Credit Card,North
O1933,C482,2024-11-03,UPI,West
O1934,C368,2023-07-19,Cash,North
O1935,C042,2024-09-17,Cash,North
O1936,C257,2023-01-09,Credit Card,South
O1937,C383,2024-12-05,Debit Card,West
O1938,C081,2023-10-05,UPI,South
O1939,C413,2024-07-25,Net Banking,West
O1940,C189,2024-04-16,Debit Card,North
O1941,C419,2024-01-15,Debit Card,North
O1942,C088,2024-12-26,Debit Card,North
O1943,C361,2024-05-28,Credit Card,North
O1944,C209,2023-12-10,Debit Card,West
O1945,C371,2023-04-11,Debit Card,South
O1946,C048,2023-03-17,Debit Card,West
O1947,C470,2024-07-26,Net Banking,North
O1948,C063,2023-04-04,Cash,North
O1949,C187,2024-07-28,Debit Card,West
O1950,C415,2024-03-04,Debit Card,South
O1951,C479,2024-02-16,Cash,South
O1952,C422,2023-12-01,Debit Card,West
O1953,C459,2023-05-22,Debit Card,East
O1954,C056,2023-11-22,Cash,South
O1955,C035,2024-05-07,Debit Card,West
O1956,C153,2024-02-14,Debit Card,West
O1957,C471,2024-07-21,UPI,South
O1958,C422,2023-11-06,Cash,West
O1959,C096,2023-06-10,UPI,South
O1960,C145,2023-11-04,UPI,South
O1961,C165,2023-01-11,UPI,East
O1962,C468,2024-05-22,Credit Card,North
O1963,C257,2024-09-06,Net Banking,South
O1964,C086,2023-06-16,Cash,South
O1965,C488,2024-03-07,Net Banking,North
O1966,C300,2024-08-02,Credit Card,South
O1967,C190,2024-02-07,Net Banking,North
O1968,C371,2024-12-16,UPI,South
O1969,C195,2023-01-08,Debit Card,West
O1970,C445,2024-10-08,Net Banking,South
O1971,C420,2024-09-05,Net Banking,South
O1972,C477,2023-01-15,Debit Card,West
O1973,C379,2024-06-06,UPI,West
O1974,C053,2024-05-23,Debit Card,South
O1975,C072,2024-02-14,Net Banking,East
O1976,C162,2024-05-15,UPI,East
O1977,C470,2023-12-04,Credit Card,North
O1978,C240,2024-10-22,UPI,East
O1979,C260,2023-03-20,Debit Card,North
O1980,C460,2024-04-02,Cash,North
O1981,C070,2024-10-25,Debit Card,North
O1982,C239,2024-02-24,Debit Card,South
O1983,C255,2023-10-18,Debit Card,West
O1984,C364,2024-07-03,Net Banking,West
O1985,C055,2023-03-05,Credit Card,South
O1986,C348,2024-05-01,Credit Card,West
O1987,C215,2024-12-15,Debit Card,West
O1988,C095,2024-08-21,UPI,North
O1989,C441,2023-07-10,Debit Card,South
O1990,C069,2024-09-08,Credit Card,North
O1991,C053,2024-06-11,Credit Card,South
O1992,C146,2024-03-14,Net Banking,North
O1993,C078,2024-07-08,Debit Card,South
O1994,C399,2023-08-27,Net Banking,North
O1995,C209,2023-01-13,Cash,West
O1996,C407,2023-09-11,Net Banking,South
O1997,C025,2023-11-06,UPI,West
O1998,C077,2024-07-25,Cash,West
O1999,C336,2024-06-22,Net Banking,North
O2000,C328,2024-10-16,UPI,West
O2001,C260,2023-02-02,Credit Card,North
O2002,C231,2024-09-17,Cash,North
O2003,C284,2024-12-13,Debit Card,West
O2004,C061,2024-08-18,Cash,North
O2005,C040,2024-03-27,Cash,North
O2006,C467,2024-04-27,UPI,North
O2007,C033,2023-10-13,UPI,West
O2008,C067,2023-05-18,Cash,North
O2009,C451,2024-02-09,Credit Card,South
O2010,C084,2024-08-06,Credit Card,East
O2011,C060,2024-07-03,UPI,South
O2012,C500,2023-12-21,Credit Card,South
O2013,C332,2023-03-06,Credit Card,West
O2014,C091,2023-04-28,Credit Card,West
O2015,C367,2024-11-05,Cash,North
O2016,C169,2024-09-15,UPI,North
O2017,C369,2024-05-16,Net Banking,East
O2018,C319,2024-08-01,Debit Card,South
O2019,C411,2023-08-04,Credit Card,West
O2020,C425,2024-02-22,Cash,North
O2021,C116,2023-11-04,Debit Card,North
O2022,C019,2023-10-28,Cash,North
O2023,C078,2024-08-12,UPI,South
O2024,C055,2024-05-12,Debit Card,South
O2025,C379,2024-08-27,Cash,West
O2026,C405,2023-12-04,Net Banking,North
O2027,C355,2023-10-15,Debit Card,West
O2028,C009,2023-09-13,Credit Card,North
O2029,C195,2023-08-15,Credit Card,West
O2030,C380,2023-02-28,Cash,West
O2031,C436,2024-09-17,UPI,North
O2032,C345,2023-05-23,Net Banking,East
O2033,C038,2024-02-22,Credit Card,South
O2034,C259,2024-12-12,Cash,West
O2035,C143,2024-04-16,Debit Card,South
O2036,C226,2024-03-18,UPI,East
O2037,C039,2023-12-13,UPI,West
O2038,C061,2024-06-24,Net Banking,North
O2039,C092,2023-01-21,Net Banking,West
O2040,C126,2024-12-02,Debit Card,South
O2041,C474,2023-08-27,Net Banking,North
O2042,C067,2024-02-18,Debit Card,North
O2043,C431,2023-03-25,Net Banking,South
O2044,C500,2023-05-06,UPI,South
O2045,C328,2023-10-10,Debit Card,West
O2046,C289,2024-08-05,Debit Card,West
O2047,C049,2024-10-10,Credit Card,South
O2048,C054,2024-01-01,Net Banking,North
O2049,C267,2024-08-22,UPI,South
O2050,C170,2024-01-16,Credit Card,South
O2051,C339,2023-08-12,Net Banking,North
O2052,C007,2024-05-10,Cash,North
O2053,C127,2023-11-06,Credit Card,South
O2054,C434,2023-04-26,UPI,South
O2055,C205,2024-07-07,Cash,South
O2056,C318,2023-04-14,UPI,North
O2057,C183,2024-04-27,Cash,North
O2058,C177,2024-08-02,UPI,South
O2059,C314,2023-07-01,Debit Card,North
O2060,C482,2023-02-26,Cash,West
O2061,C220,2023-01-10,Credit Card,North
O2062,C390,2023-06-22,Credit Card,North
O2063,C101,2023-01-25,Credit Card,North
O2064,C027,2023-03-23,Cash,West
O2065,C015,2023-06-17,Net Banking,North
O2066,C200,2023-06-16,UPI,South
O2067,C419,2023-01-25,Credit Card,North
O2068,C195,2023-03-07,Net Banking,West
O2069,C243,2023-06-26,Net Banking,West
O2070,C098,2023-04-03,Net Banking,North
O2071,C054,2024-09-25,Cash,North
O2072,C224,2023-12-14,Debit Card,West
O2073,C300,2024-11-19,Net Banking,South
O2074,C489,2023-05-16,UPI,West
O2075,C173,2023-07-06,Net Banking,East
O2076,C207,2024-07-28,Debit Card,South
O2077,C198,2024-05-14,UPI,West
O2078,C262,2023-10-20,Credit Card,West
O2079,C451,2024-05-08,Credit Card,South
O2080,C252,2023-10-14,UPI,South
O2081,C355,2024-08-26,Debit Card,West
O2082,C316,2024-10-01,UPI,North
O2083,C419,2024-11-06,Debit Card,North
O2084,C091,2023-06-13,Cash,West
O2085,C352,2024-04-07,Debit Card,West
O2086,C239,2023-10-15,UPI,South
O2087,C314,2023-04-17,Debit Card,North
O2088,C137,2023-11-19,Cash,North
O2089,C496,2023-10-28,Credit Card,South
O2090,C354,2023-06-25,Credit Card,South
O2091,C130,2023-02-26,Cash,West
O2092,C210,2024-07-04,Net Banking,South
O2093,C353,2024-09-03,Credit Card,South
O2094,C474,2023-10-15,Debit Card,North
O2095,C476,2024-02-02,UPI,South
O2096,C329,2024-05-08,Net Banking,North
O2097,C399,2024-07-28,Cash,North
O2098,C354,2023-09-05,Net Banking,South
O2099,C223,2024-08-13,Debit Card,South
O2100,C197,2024-11-11,Cash,West
O2101,C140,2024-04-27,Credit Card,North
O2102,C263,2023-12-06,Debit Card,West
O2103,C207,2024-04-02,Credit Card,South
O2104,C060,2023-11-22,Cash,South
O2105,C010,2023-12-20,UPI,South
O2106,C259,2024-08-08,Net Banking,West
O2107,C180,2023-06-28,UPI,North
O2108,C226,2023-02-17,Cash,East
O2109,C004,2024-10-20,Debit Card,West
O2110,C415,2023-10-03,Cash,South
O2111,C180,2024-02-23,Cash,North
O2112,C424,2023-10-18,Net Banking,South
O2113,C186,2024-06-05,UPI,South
O2114,C131,2023-02-18,UPI,West
O2115,C130,2023-03-14,Credit Card,West
O2116,C326,2024-04-20,Debit Card,South
O2117,C256,2023-10-05,Net Banking,West
O2118,C116,2024-03-18,Debit Card,North
O2119,C001,2024-07-17,Net Banking,West
O2120,C427,2023-01-02,UPI,East
O2121,C140,2024-11-25,Net Banking,North
O2122,C233,2023-07-16,Debit Card,South
O2123,C025,2023-12-27,Debit Card,West
O2124,C112,2023-04-26,Credit Card,South
O2125,C422,2024-01-12,Credit Card,West
O2126,C355,2023-11-17,Debit Card,West
O2127,C424,2023-12-02,Debit Card,South
O2128,C208,2024-02-01,Cash,North
O2129,C158,2023-12-19,UPI,West
O2130,C197,2024-10-04,UPI,West
O2131,C397,2024-09-25,Debit Card,West
O2132,C145,2024-11-11,Debit Card,South
O2133,C035,2023-09-10,Credit Card,West
O2134,C495,2024-07-18,Debit Card,South
O2135,C286,2024-02-20,Debit Card,West
O2136,C053,2023-05-04,Cash,South
O2137,C202,2024-12-14,Cash,West
O2138,C442,2024-06-24,Credit Card,West
O2139,C439,2023-12-14,Net Banking,North
O2140,C002,2023-03-16,UPI,West
O2141,C032,2024-01-25,Credit Card,North
O2142,C166,2023-08-23,Debit Card,North
O2143,C072,2024-07-15,Cash,East
O2144,C404,2023-07-22,Cash,South
O2145,C019,2024-01-27,Net Banking,North
O2146,C128,2024-06-15,Cash,West
O2147,C163,2024-12-24,Debit Card,North
O2148,C184,2024-02-28,Credit Card,South
O2149,C254,2023-01-23,Debit Card,South
O2150,C395,2024-03-05,Cash,South
O2151,C063,2024-07-08,Net Banking,North
O2152,C292,2023-01-20,Debit Card,North
O2153,C409,2024-11-23,Debit Card,East
O2154,C077,2024-08-03,Debit Card,West
O2155,C279,2023-05-09,Net Banking,East
O2156,C201,2024-10-21,UPI,South
O2157,C271,2023-09-09,Cash,North
O2158,C115,2024-02-19,Debit Card,North
O2159,C352,2024-03-05,UPI,West
O2160,C248,2023-02-23,Credit Card,West
O2161,C412,2023-11-18,UPI,West
O2162,C079,2023-09-07,Cash,North
O2163,C219,2023-03-17,Debit Card,North
O2164,C057,2023-08-13,Net Banking,East
O2165,C372,2024-03-12,Cash,North
O2166,C003,2023-07-28,Cash,West
O2167,C184,2024-09-07,UPI,South
O2168,C421,2023-11-05,Net Banking,South
O2169,C097,2024-08-06,Net Banking,North
O2170,C121,2023-01-06,Net Banking,South
O2171,C475,2024-11-05,UPI,North
O2172,C152,2024-09-13,Debit Card,North
O2173,C127,2024-08-19,Net Banking,South
O2174,C060,2024-01-05,Credit Card,South
O2175,C273,2024-06-24,Debit Card,South
O2176,C481,2024-09-12,Net Banking,South
O2177,C435,2023-06-01,Debit Card,West
O2178,C261,2023-02-07,Credit Card,West
O2179,C412,2023-03-07,Cash,West
O2180,C066,2023-01-24,UPI,West
O2181,C118,2024-05-16,Net Banking,North
O2182,C487,2024-08-09,Debit Card,West
O2183,C140,2023-07-21,Net Banking,North
O2184,C396,2023-10-20,UPI,North
O2185,C183,2024-02-06,Cash,North
O2186,C340,2023-10-08,UPI,West
O2187,C167,2024-11-26,Credit Card,North
O2188,C072,2024-05-12,Cash,East
O2189,C022,2024-06-26,UPI,South
O2190,C334,2023-06-23,UPI,North
O2191,C259,2023-10-25,Net Banking,West
O2192,C089,2023-04-08,Credit Card,North
O2193,C337,2024-09-21,Credit Card,South
O2194,C310,2023-05-07,Credit Card,South
O2195,C085,2023-10-26,Credit Card,South
O2196,C493,2024-06-24,Debit Card,West
O2197,C123,2024-12-11,Cash,West
O2198,C275,2024-10-26,Net Banking,North
O2199,C059,2023-07-04,Debit Card,West
O2200,C218,2023-07-04,Cash,North
O2201,C245,2024-07-25,Credit Card,North
O2202,C361,2024-03-26,Credit Card,North
O2203,C249,2023-03-01,UPI,West
O2204,C168,2024-04-14,Net Banking,West
O2205,C443,2023-02-01,Net Banking,North
O2206,C003,2024-12-28,Credit Card,West
O2207,C169,2024-08-08,Credit Card,North
O2208,C148,2024-07-25,Net Banking,West
O2209,C487,2023-10-13,Debit Card,West
O2210,C427,2024-05-09,UPI,East
O2211,C386,2024-04-24,Debit Card,North
O2212,C118,2024-06-11,Debit Card,North
O2213,C064,2024-10-28,UPI,North
O2214,C498,2024-10-07,Net Banking,North
O2215,C098,2024-09-20,Credit Card,North
O2216,C218,2024-07-19,UPI,North
O2217,C469,2024-12-21,Credit Card,South
O2218,C166,2023-12-08,Credit Card,North
O2219,C318,2024-03-25,Debit Card,North
O2220,C253,2023-02-16,Debit Card,East
O2221,C148,2024-04-02,Net Banking,West
O2222,C445,2024-01-17,Net Banking,South
O2223,C300,2024-04-15,Cash,South
O2224,C371,2024-11-04,Cash,South
O2225,C342,2024-01-06,Credit Card,South
O2226,C007,2023-04-25,UPI,North
O2227,C429,2024-10-27,UPI,East
O2228,C438,2024-03-17,Debit Card,East
O2229,C170,2024-02-22,UPI,South
O2230,C003,2023-12-23,UPI,West
O2231,C057,2024-08-13,Net Banking,East
O2232,C492,2023-11-11,Cash,West
O2233,C422,2024-02-08,UPI,West
O2234,C414,2024-06-09,Debit Card,North
O2235,C083,2023-09-25,UPI,South
O2236,C262,2023-09-13,Credit Card,West
O2237,C392,2023-07-10,Cash,West
O2238,C281,2024-01-07,Credit Card,South
O2239,C169,2024-05-20,Net Banking,North
O2240,C399,2023-10-17,Net Banking,North
O2241,C290,2023-09-05,Net Banking,South
O2242,C345,2024-10-22,Credit Card,East
O2243,C238,2023-08-06,Net Banking,West
O2244,C206,2023-08-05,UPI,West
O2245,C054,2023-03-14,Debit Card,North
O2246,C400,2023-04-04,UPI,East
O2247,C002,2024-03-14,Debit Card,West
O2248,C100,2023-10-20,UPI,West
O2249,C370,2023-07-09,Cash,West
O2250,C353,2023-10-02,Credit Card,South
O2251,C316,2024-03-16,Debit Card,North
O2252,C032,2024-07-03,Credit Card,North
O2253,C268,2023-06-15,Cash,West
O2254,C252,2024-04-10,Debit Card,South
O2255,C029,2023-08-01,Debit Card,East
O2256,C275,2024-09-14,UPI,North
O2257,C406,2023-12-14,Debit Card,South
O2258,C194,2024-05-26,Cash,North
O2259,C076,2023-02-06,UPI,East
O2260,C359,2024-06-07,UPI,South
O2261,C112,2023-05-27,Net Banking,South
O2262,C443,2023-11-22,Cash,North
O2263,C030,2024-06-21,Net Banking,South
O2264,C254,2024-11-10,UPI,South
O2265,C372,2024-01-20,UPI,North
O2266,C449,2023-03-21,Cash,South
O2267,C071,2023-10-12,Credit Card,South
O2268,C261,2023-11-26,Credit Card,West
O2269,C385,2024-11-22,Net Banking,West
O2270,C342,2023-02-05,UPI,South
O2271,C086,2024-06-04,UPI,South
O2272,C251,2024-01-20,Cash,North
O2273,C405,2023-05-12,Cash,North
O2274,C455,2023-01-20,Debit Card,North
O2275,C339,2024-04-24,Debit Card,North
O2276,C399,2024-09-25,Credit Card,North
O2277,C162,2023-04-12,Cash,East
O2278,C257,2023-11-27,Credit Card,South
O2279,C128,2023-03-21,Credit Card,West
O2280,C473,2023-01-22,Cash,North
O2281,C207,2023-08-24,Cash,South
O2282,C176,2023-04-08,Debit Card,South
O2283,C107,2024-06-15,Debit Card,North
O2284,C221,2023-09-06,Cash,West
O2285,C256,2023-12-19,Cash,West
O2286,C068,2024-11-05,Debit Card,West
O2287,C315,2024-03-25,Cash,North
O2288,C043,2024-10-25,Net Banking,West
O2289,C049,2024-02-23,Debit Card,South
O2290,C267,2023-11-12,Credit Card,South
O2291,C039,2023-07-10,Net Banking,West
O2292,C306,2023-10-28,Net Banking,East
O2293,C116,2024-05-10,Net Banking,North
O2294,C142,2024-04-24,Credit Card,West
O2295,C290,2023-09-16,Net Banking,South
O2296,C187,2023-12-11,Cash,West
O2297,C102,2023-04-05,Net Banking,North
O2298,C386,2024-05-18,Cash,North
O2299,C430,2024-05-04,Cash,North
O2300,C498,2024-07-26,Credit Card,North
O2301,C292,2024-03-14,UPI,North
O2302,C274,2024-10-06,Cash,North
O2303,C140,2024-05-07,Cash,North
O2304,C042,2023-03-14,UPI,North
O2305,C070,2023-04-17,Credit Card,North
O2306,C461,2023-12-28,Debit Card,North
O2307,C012,2023-02-22,Debit Card,West
O2308,C484,2024-11-07,Debit Card,East
O2309,C201,2023-05-06,Debit Card,South
O2310,C258,2023-03-28,Net Banking,South
O2311,C098,2024-10-01,Debit Card,North
O2312,C177,2024-03-16,Credit Card,South
O2313,C117,2024-02-03,Debit Card,South
O2314,C399,2024-05-05,Cash,North
O2315,C183,2024-12-24,Credit Card,North
O2316,C301,2023-09-02,Credit Card,West
O2317,C128,2023-11-27,Debit Card,West
O2318,C467,2023-05-10,Cash,North
O2319,C038,2024-09-24,Cash,South
O2320,C144,2023-02-11,Net Banking,South
O2321,C132,2024-08-08,Credit Card,North
O2322,C286,2024-12-15,Cash,West
O2323,C014,2023-06-09,Debit Card,North
O2324,C386,2023-11-18,Debit Card,North
O2325,C120,2024-02-28,Debit Card,South
O2326,C137,2023-01-08,Credit Card,North
O2327,C167,2023-08-22,Net Banking,North
O2328,C327,2024-05-15,Net Banking,West
O2329,C340,2023-05-22,Cash,West
O2330,C215,2023-01-13,Credit Card,West
O2331,C147,2023-11-07,Credit Card,North
O2332,C001,2024-02-19,UPI,West
O2333,C081,2023-06-17,UPI,South
O2334,C122,2023-03-11,Cash,East
O2335,C136,2023-08-15,Cash,South
O2336,C248,2023-06-12,Debit Card,West
O2337,C110,2024-03-04,Debit Card,South
O2338,C212,2024-10-28,Cash,North
O2339,C050,2024-08-15,Debit Card,South
O2340,C382,2024-08-27,UPI,South
O2341,C128,2023-08-14,UPI,West
O2342,C184,2023-07-25,Cash,South
O2343,C429,2024-06-05,Debit Card,East
O2344,C315,2024-05-04,Net Banking,North
O2345,C153,2024-03-07,Debit Card,West
O2346,C280,2023-03-22,Debit Card,North
O2347,C345,2024-06-22,Cash,East
O2348,C388,2023-05-11,Debit Card,South
O2349,C280,2023-12-16,Cash,North
O2350,C071,2024-08-02,Credit Card,South
O2351,C471,2024-06-24,UPI,South
O2352,C286,2023-06-24,Cash,West
O2353,C002,2024-11-13,Net Banking,West
O2354,C399,2024-12-04,Credit Card,North
O2355,C044,2024-05-17,Debit Card,East
O2356,C318,2023-07-17,Credit Card,North
O2357,C329,2023-08-18,UPI,North
O2358,C298,2024-09-23,UPI,North
O2359,C124,2024-06-23,Net Banking,West
O2360,C304,2024-07-09,UPI,North
O2361,C119,2023-12-20,Net Banking,South
O2362,C341,2023-07-24,Net Banking,East
O2363,C236,2024-08-04,Cash,West
O2364,C089,2024-08-23,Debit Card,North
O2365,C279,2024-08-28,Cash,East
O2366,C135,2024-02-18,Net Banking,North
O2367,C058,2023-01-07,Debit Card,South
O2368,C133,2024-06-27,Credit Card,West
O2369,C441,2024-09-20,Net Banking,South
O2370,C194,2024-03-02,Net Banking,North
O2371,C160,2023-11-13,Net Banking,South
O2372,C059,2023-06-04,UPI,West
O2373,C493,2023-10-27,UPI,West
O2374,C195,2024-10-06,Credit Card,West
O2375,C313,2023-11-27,Net Banking,South
O2376,C403,2024-04-11,Credit Card,West
O2377,C274,2023-02-15,Cash,North
O2378,C038,2023-10-19,Credit Card,South
O2379,C202,2024-08-02,Debit Card,West
O2380,C453,2023-09-25,UPI,South
O2381,C378,2023-08-27,Cash,East
O2382,C019,2023-08-05,UPI,North
O2383,C100,2023-06-04,Cash,West
O2384,C418,2023-05-11,Net Banking,West
O2385,C296,2024-11-21,Cash,East
O2386,C139,2023-02-13,UPI,East
O2387,C164,2023-01-23,Net Banking,South
O2388,C464,2024-10-23,Credit Card,North
O2389,C085,2023-10-26,Cash,South
O2390,C126,2024-04-28,UPI,South
O2391,C328,2023-12-14,Credit Card,West
O2392,C041,2023-12-26,UPI,North
O2393,C259,2024-11-28,Net Banking,West
O2394,C455,2023-09-10,Cash,North
O2395,C425,2023-04-09,UPI,North
O2396,C416,2024-07-16,UPI,North
O2397,C256,2023-11-02,Cash,West
O2398,C119,2024-02-06,UPI,South
O2399,C019,2024-04-03,Debit Card,North
O2400,C291,2024-06-24,Net Banking,South
O2401,C050,2023-12-12,Cash,South
O2402,C195,2023-09-13,Credit Card,West
O2403,C036,2024-08-01,Credit Card,West
O2404,C193,2024-10-12,Cash,North
O2405,C034,2024-03-21,Debit Card,South
O2406,C283,2023-12-09,Cash,South
O2407,C455,2023-09-13,Cash,North
O2408,C428,2024-11-25,Credit Card,South
O2409,C341,2024-09-26,Cash,East
O2410,C201,2023-04-12,Net Banking,South
O2411,C171,2023-05-04,Credit Card,East
O2412,C304,2024-07-23,Credit Card,North
O2413,C383,2023-09-03,Credit Card,West
O2414,C065,2023-12-17,Credit Card,West
O2415,C115,2023-07-16,Cash,North
O2416,C021,2024-04-10,Cash,West
O2417,C077,2023-10-16,Credit Card,West
O2418,C305,2023-02-14,Debit Card,South
O2419,C268,2024-10-20,Debit Card,West
O2420,C153,2024-08-07,Credit Card,West
O2421,C285,2023-08-13,Net Banking,South
O2422,C482,2023-07-03,Net Banking,West
O2423,C465,2024-05-15,Cash,West
O2424,C477,2023-11-10,Credit Card,West
O2425,C464,2023-07-20,Credit Card,North
O2426,C372,2024-09-13,UPI,North
O2427,C229,2023-07-26,Debit Card,North
O2428,C097,2023-03-18,Net Banking,North
O2429,C067,2024-01-01,Net Banking,North
O2430,C311,2023-10-11,Debit Card,East
O2431,C244,2023-07-13,Cash,West
O2432,C164,2024-01-21,Debit Card,South
O2433,C301,2024-04-04,UPI,West
O2434,C259,2023-04-12,Debit Card,West
O2435,C216,2023-01-13,Credit Card,North
O2436,C082,2023-12-08,Debit Card,West
O2437,C140,2023-09-23,Net Banking,North
O2438,C271,2023-02-27,Debit Card,North
O2439,C423,2023-05-25,Net Banking,West
O2440,C146,2024-02-27,Credit Card,North
O2441,C255,2023-11-25,Net Banking,West
O2442,C345,2024-02-20,UPI,East
O2443,C225,2024-07-02,Credit Card,West
O2444,C397,2024-10-19,Cash,West
O2445,C101,2023-01-27,Credit Card,North
O2446,C314,2023-09-02,Net Banking,North
O2447,C457,2024-07-14,Debit Card,North
O2448,C035,2023-09-05,Debit Card,West
O2449,C173,2023-05-22,Debit Card,East
O2450,C118,2024-02-02,Credit Card,North
O2451,C056,2024-09-12,Net Banking,South
O2452,C446,2024-06-26,Net Banking,North
O2453,C453,2024-04-19,Debit Card,South
O2454,C240,2024-10-06,Credit Card,East
O2455,C089,2024-06-03,Cash,North
O2456,C112,2023-09-22,Debit Card,South
O2457,C025,2024-05-03,UPI,West
O2458,C316,2023-12-23,UPI,North
O2459,C205,2024-12-01,Net Banking,South
O2460,C154,2024-03-19,UPI,South
O2461,C373,2023-07-24,Debit Card,South
O2462,C218,2024-01-16,Net Banking,North
O2463,C391,2023-03-19,Credit Card,West
O2464,C419,2024-11-19,Net Banking,North
O2465,C376,2024-02-24,Cash,North
O2466,C205,2024-08-27,Debit Card,South
O2467,C380,2024-09-04,Cash,West
O2468,C385,2024-01-16,Credit Card,West
O2469,C421,2023-03-28,UPI,South
O2470,C208,2024-02-25,Net Banking,North
O2471,C094,2023-12-27,Cash,North
O2472,C319,2024-08-26,Net Banking,South
O2473,C390,2023-08-14,UPI,North
O2474,C167,2024-09-03,Cash,North
O2475,C498,2024-01-11,Net Banking,North
O2476,C162,2024-02-19,Cash,East
O2477,C239,2023-06-16,Debit Card,South
O2478,C142,2023-03-17,UPI,West
O2479,C341,2023-08-25,UPI,East
O2480,C081,2024-06-25,Net Banking,South
O2481,C454,2023-09-06,UPI,West
O2482,C135,2023-02-14,UPI,North
O2483,C136,2024-08-13,Net Banking,South
O2484,C409,2024-06-12,Cash,East
O2485,C237,2023-10-21,Net Banking,South
O2486,C102,2024-04-27,Credit Card,North
O2487,C143,2024-09-07,UPI,South
O2488,C091,2024-01-01,Debit Card,West
O2489,C212,2024-07-13,Debit Card,North
O2490,C469,2023-02-07,Debit Card,South
O2491,C057,2024-10-06,Credit Card,East
O2492,C043,2024-09-16,UPI,West
O2493,C269,2023-11-19,UPI,North
O2494,C015,2024-01-12,Credit Card,North
O2495,C307,2023-11-18,Cash,West
O2496,C248,2024-09-26,Net Banking,West
O2497,C155,2024-02-01,Cash,South
O2498,C470,2023-03-05,UPI,North
O2499,C431,2024-10-16,UPI,South
O2500,C192,2023-08-25,Debit Card,North
O2501,C326,2024-10-25,Cash,South
O2502,C294,2023-09-18,Debit Card,North
O2503,C226,2023-11-11,Net Banking,East
O2504,C234,2023-12-18,Cash,East
O2505,C323,2023-02-21,Debit Card,South
O2506,C425,2024-08-08,Cash,North
O2507,C053,2023-08-13,Credit Card,South
O2508,C293,2024-06-03,Debit Card,North
O2509,C351,2024-04-01,Credit Card,West
O2510,C191,2023-06-20,UPI,West
O2511,C066,2024-07-02,Cash,West
O2512,C361,2024-10-16,UPI,North
O2513,C442,2024-06-01,Debit Card,West
O2514,C381,2024-06-21,Credit Card,South
O2515,C285,2024-03-06,Credit Card,South
O2516,C034,2024-07-25,Credit Card,South
O2517,C082,2023-04-13,Debit Card,West
O2518,C084,2024-11-20,Net Banking,East
O2519,C078,2024-12-08,UPI,South
O2520,C020,2023-04-02,Credit Card,West
O2521,C150,2023-11-23,Cash,West
O2522,C333,2024-07-10,Cash,East
O2523,C366,2023-06-07,Credit Card,South
O2524,C151,2023-09-14,Debit Card,North
O2525,C179,2024-11-14,Net Banking,South
O2526,C469,2023-11-23,UPI,South
O2527,C334,2023-12-07,UPI,North
O2528,C137,2023-11-12,Debit Card,North
O2529,C007,2024-12-05,Credit Card,North
O2530,C466,2024-10-22,Credit Card,South
O2531,C001,2023-02-28,Credit Card,West
O2532,C412,2024-06-04,Net Banking,West
O2533,C450,2023-07-22,Credit Card,South
O2534,C205,2023-10-14,Net Banking,South
O2535,C493,2023-05-06,Net Banking,West
O2536,C186,2023-10-08,UPI,South
O2537,C200,2024-11-21,Cash,South
O2538,C382,2024-11-06,Net Banking,South
O2539,C114,2023-11-01,Credit Card,West
O2540,C132,2023-08-08,UPI,North
O2541,C481,2023-12-26,Credit Card,South
O2542,C497,2023-03-03,Credit Card,North
O2543,C228,2023-09-12,Net Banking,North
O2544,C228,2024-12-01,Credit Card,North
O2545,C365,2023-10-24,Net Banking,West
O2546,C191,2023-04-07,Cash,West
O2547,C401,2023-06-15,Credit Card,West
O2548,C053,2024-10-13,Net Banking,South
O2549,C280,2023-07-21,UPI,North
O2550,C063,2024-06-26,Credit Card,North
O2551,C277,2024-09-18,Debit Card,South
O2552,C150,2023-11-14,Net Banking,West
O2553,C250,2023-01-18,Net Banking,South
O2554,C052,2024-11-13,Cash,South
O2555,C339,2024-12-09,UPI,North
O2556,C317,2023-03-11,Debit Card,West
O2557,C161,2023-06-04,Cash,East
O2558,C284,2024-03-05,Cash,West
O2559,C322,2024-02-26,UPI,South
O2560,C002,2023-09-26,Net Banking,West
O2561,C314,2023-11-06,Net Banking,North
O2562,C495,2023-02-12,Net Banking,South
O2563,C391,2023-02-08,Cash,West
O2564,C271,2024-08-13,Net Banking,North
O2565,C457,2023-02-13,Net Banking,North
O2566,C031,2024-10-05,Debit Card,South
O2567,C112,2024-12-16,UPI,South
O2568,C461,2024-01-10,Cash,North
O2569,C473,2024-03-10,Credit Card,North
O2570,C234,2024-08-16,Net Banking,East
O2571,C134,2024-03-26,UPI,East
O2572,C318,2023-03-04,Cash,North
O2573,C084,2024-10-02,Debit Card,East
O2574,C026,2023-11-22,Debit Card,South
O2575,C470,2024-03-08,Net Banking,North
O2576,C149,2024-07-19,Debit Card,West
O2577,C009,2024-06-12,Debit Card,North
O2578,C110,2023-09-22,UPI,South
O2579,C090,2024-03-16,Cash,South
O2580,C282,2024-11-07,Net Banking,South
O2581,C144,2024-09-04,Net Banking,South
O2582,C242,2023-11-10,Debit Card,West
O2583,C027,2023-06-26,Net Banking,West
O2584,C034,2024-12-10,Net Banking,South
O2585,C450,2024-11-13,Credit Card,South
O2586,C039,2024-02-09,Net Banking,West
O2587,C192,2023-12-21,Credit Card,North
O2588,C162,2023-01-28,Debit Card,East
O2589,C365,2023-10-09,Net Banking,West
O2590,C372,2024-04-08,Cash,North
O2591,C072,2023-08-02,Net Banking,East
O2592,C127,2023-10-23,Net Banking,South
O2593,C181,2023-06-19,Credit Card,West
O2594,C231,2023-03-19,Net Banking,North
O2595,C423,2024-08-03,UPI,West
O2596,C405,2023-02-27,Net Banking,North
O2597,C137,2023-12-25,Cash,North
O2598,C177,2024-01-01,Net Banking,South
O2599,C075,2023-06-17,Credit Card,North
O2600,C370,2024-04-09,Net Banking,West
O2601,C366,2024-11-12,Debit Card,South
O2602,C467,2023-05-04,Net Banking,North
O2603,C390,2023-11-15,Credit Card,North
O2604,C454,2023-03-15,Credit Card,West
O2605,C450,2024-02-14,Net Banking,South
O2606,C338,2023-06-04,Cash,South
O2607,C225,2024-10-01,Credit Card,West
O2608,C404,2024-03-03,Net Banking,South
O2609,C191,2024-09-22,UPI,West
O2610,C235,2024-05-08,Cash,South
O2611,C014,2023-02-21,Net Banking,North
O2612,C153,2024-06-11,Debit Card,West
O2613,C304,2023-10-20,Debit Card,North
O2614,C353,2023-03-03,Cash,South
O2615,C468,2024-11-23,Cash,North
O2616,C406,2023-10-06,UPI,South
O2617,C323,2023-03-06,Cash,South
O2618,C081,2023-08-21,Debit Card,South
O2619,C226,2023-04-05,Debit Card,East
O2620,C091,2024-11-24,UPI,West
O2621,C270,2023-12-03,Cash,South
O2622,C073,2024-06-18,Credit Card,North
O2623,C007,2023-08-22,UPI,North
O2624,C231,2024-11-17,Net Banking,North
O2625,C038,2024-03-18,Credit Card,South
O2626,C310,2023-04-17,UPI,South
O2627,C273,2024-01-13,Cash,South
O2628,C230,2024-06-12,Net Banking,West
O2629,C109,2023-04-21,Cash,South
O2630,C207,2023-10-19,UPI,South
O2631,C459,2023-02-22,UPI,East
O2632,C281,2024-05-14,Cash,South
O2633,C315,2024-03-02,Credit Card,North
O2634,C349,2023-01-24,Cash,North
O2635,C209,2023-09-06,Debit Card,West
O2636,C039,2023-05-12,Net Banking,West
O2637,C344,2023-08-26,UPI,North
O2638,C210,2024-08-16,Credit Card,South
O2639,C020,2023-04-21,Debit Card,West
O2640,C213,2023-09-10,UPI,North
O2641,C361,2024-06-17,Credit Card,North
O2642,C212,2023-09-06,UPI,North
O2643,C124,2023-10-10,Cash,West
O2644,C228,2023-08-21,Debit Card,North
O2645,C246,2024-07-05,Net Banking,East
O2646,C009,2024-12-18,Debit Card,North
O2647,C354,2024-07-17,Net Banking,South
O2648,C293,2024-06-19,Cash,North
O2649,C111,2024-05-11,Credit Card,West
O2650,C134,2024-02-23,Cash,East
O2651,C349,2024-05-18,Net Banking,North
O2652,C352,2024-05-05,Cash,West
O2653,C366,2023-03-15,Net Banking,South
O2654,C299,2024-12-18,Debit Card,West
O2655,C300,2023-08-13,Credit Card,South
O2656,C166,2024-02-22,Net Banking,North
O2657,C406,2023-04-18,Debit Card,South
O2658,C255,2024-12-04,UPI,West
O2659,C303,2024-11-25,Cash,North
O2660,C234,2023-02-01,Credit Card,East
O2661,C213,2023-09-17,Net Banking,North
O2662,C413,2024-12-15,Net Banking,West
O2663,C361,2024-12-19,Credit Card,North
O2664,C315,2023-05-25,Net Banking,North
O2665,C430,2024-06-05,UPI,North
O2666,C483,2023-09-14,Debit Card,North
O2667,C086,2023-07-14,Debit Card,South
O2668,C178,2023-11-14,Cash,South
O2669,C096,2023-09-23,Cash,South
O2670,C384,2024-07-04,Debit Card,North
O2671,C222,2023-05-08,Net Banking,North
O2672,C068,2024-05-10,Net Banking,West
O2673,C040,2023-11-26,Cash,North
O2674,C100,2024-07-08,Debit Card,West
O2675,C400,2024-09-09,Net Banking,East
O2676,C338,2024-06-22,Credit Card,South
O2677,C021,2023-09-16,Debit Card,West
O2678,C176,2024-02-25,Cash,South
O2679,C457,2023-08-17,Credit Card,North
O2680,C318,2023-07-04,UPI,North
O2681,C460,2023-03-08,Net Banking,North
O2682,C154,2023-10-21,Cash,South
O2683,C410,2024-04-06,Net Banking,West
O2684,C143,2023-04-28,Debit Card,South
O2685,C094,2023-08-18,UPI,North
O2686,C113,2023-04-10,Net Banking,West
O2687,C363,2023-01-19,Debit Card,East
O2688,C069,2023-08-03,Net Banking,North
O2689,C123,2024-05-16,UPI,West
O2690,C173,2024-02-23,Debit Card,East
O2691,C405,2023-05-22,Net Banking,North
O2692,C058,2024-10-10,Cash,South
O2693,C433,2023-09-13,Net Banking,East
O2694,C471,2023-02-15,UPI,South
O2695,C117,2023-03-22,Credit Card,South
O2696,C125,2023-01-06,Credit Card,West
O2697,C203,2024-09-13,Net Banking,South
O2698,C233,2024-09-15,UPI,South
O2699,C373,2024-09-08,UPI,South
O2700,C500,2024-06-16,Cash,South
O2701,C050,2023-12-07,Cash,South
O2702,C336,2024-04-21,UPI,North
O2703,C058,2023-03-01,Credit Card,South
O2704,C260,2024-08-28,Debit Card,North
O2705,C355,2023-02-22,Net Banking,West
O2706,C367,2024-09-12,Credit Card,North
O2707,C445,2024-02-12,Debit Card,South
O2708,C032,2023-08-12,Net Banking,North
O2709,C009,2023-05-17,UPI,North
O2710,C005,2023-05-20,UPI,West
O2711,C396,2023-03-19,Net Banking,North
O2712,C403,2024-02-07,Net Banking,West
O2713,C221,2023-04-11,Cash,West
O2714,C357,2024-12-25,UPI,East
O2715,C462,2023-04-12,Cash,West
O2716,C215,2023-01-13,Credit Card,West
O2717,C345,2023-04-21,Credit Card,East
O2718,C344,2023-06-17,UPI,North
O2719,C472,2024-05-03,Cash,West
O2720,C461,2023-05-03,Debit Card,North
O2721,C122,2023-07-16,Net Banking,East
O2722,C265,2024-07-25,UPI,South
O2723,C452,2023-05-19,Cash,West
O2724,C145,2024-01-10,Cash,South
O2725,C236,2023-01-24,Debit Card,West
O2726,C440,2024-05-10,Net Banking,West
O2727,C135,2023-08-11,UPI,North
O2728,C324,2023-04-18,Debit Card,South
O2729,C010,2023-05-11,UPI,South
O2730,C220,2023-08-05,Credit Card,North
O2731,C023,2023-10-27,Cash,West
O2732,C303,2024-07-28,UPI,North
O2733,C212,2023-10-01,Net Banking,North
O2734,C181,2023-02-03,Credit Card,West
O2735,C017,2024-04-04,Cash,South
O2736,C244,2024-04-11,UPI,West
O2737,C048,2024-11-28,Net Banking,West
O2738,C338,2023-10-03,UPI,South
O2739,C174,2024-09-05,Cash,North
O2740,C075,2023-10-18,UPI,North
O2741,C269,2023-01-17,Net Banking,North
O2742,C320,2023-12-16,Cash,East
O2743,C268,2023-06-12,UPI,West
O2744,C190,2023-03-06,Debit Card,North
O2745,C208,2024-11-19,Cash,North
O2746,C329,2024-10-20,Cash,North
O2747,C019,2024-12-26,Debit Card,North
O2748,C430,2024-01-01,Net Banking,North
O2749,C328,2024-06-15,Cash,West
O2750,C465,2024-09-10,Credit Card,West
O2751,C405,2024-03-07,Net Banking,North
O2752,C083,2023-03-07,Credit Card,South
O2753,C219,2023-10-01,Credit Card,North
O2754,C133,2024-05-03,Net Banking,West
O2755,C309,2023-06-05,Credit Card,West
O2756,C161,2024-03-12,UPI,East
O2757,C383,2024-01-08,Cash,West
O2758,C272,2023-04-02,UPI,South
O2759,C404,2023-11-16,Net Banking,South
O2760,C441,2024-12-11,Debit Card,South
O2761,C278,2023-02-07,Net Banking,South
O2762,C445,2023-10-28,Debit Card,South
O2763,C267,2023-10-08,Credit Card,South
O2764,C432,2024-12-05,Cash,West
O2765,C266,2023-09-10,Net Banking,North
O2766,C075,2024-11-18,Cash,North
O2767,C154,2023-04-01,Cash,South
O2768,C462,2024-12-21,UPI,West
O2769,C220,2024-05-12,Cash,North
O2770,C290,2024-03-20,Credit Card,South
O2771,C210,2024-01-16,Net Banking,South
O2772,C456,2023-02-28,Net Banking,South
O2773,C285,2024-10-25,Cash,South
O2774,C285,2023-02-24,Credit Card,South
O2775,C423,2024-03-15,Net Banking,West
O2776,C069,2023-10-27,Cash,North
O2777,C066,2024-11-10,UPI,West
O2778,C456,2023-02-12,Cash,South
O2779,C248,2024-12-20,UPI,West
O2780,C337,2023-04-07,Debit Card,South
O2781,C282,2024-07-16,Debit Card,South
O2782,C069,2024-04-18,Credit Card,North
O2783,C308,2023-02-06,Cash,South
O2784,C305,2024-10-15,Net Banking,South
O2785,C017,2023-07-19,UPI,South
O2786,C487,2023-10-20,UPI,West
O2787,C449,2023-08-13,Cash,South
O2788,C065,2024-06-27,Cash,West
O2789,C176,2023-09-03,UPI,South
O2790,C293,2024-10-12,Net Banking,North
O2791,C499,2024-04-20,UPI,North
O2792,C481,2023-06-13,Debit Card,South
O2793,C183,2024-04-23,Cash,North
O2794,C016,2023-09-26,Debit Card,North
O2795,C212,2023-06-06,Credit Card,North
O2796,C013,2023-03-21,Cash,North
O2797,C328,2023-11-17,Credit Card,West
O2798,C066,2024-08-11,UPI,West
O2799,C174,2024-05-27,UPI,North
O2800,C109,2023-07-28,Debit Card,South
O2801,C145,2023-06-25,Credit Card,South
O2802,C360,2023-10-20,Net Banking,South
O2803,C286,2024-02-02,Cash,West
O2804,C059,2023-05-19,Net Banking,West
O2805,C202,2023-03-06,Credit Card,West
O2806,C421,2023-06-10,Net Banking,South
O2807,C003,2024-04-10,Debit Card,West
O2808,C022,2024-10-05,Cash,South
O2809,C256,2024-06-21,Net Banking,West
O2810,C209,2023-09-06,UPI,West
O2811,C412,2024-08-11,UPI,West
O2812,C097,2023-06-17,Credit Card,North
O2813,C181,2023-05-10,Net Banking,West
O2814,C409,2023-11-01,UPI,East
O2815,C012,2023-12-25,Net Banking,West
O2816,C481,2023-11-27,Cash,South
O2817,C134,2024-11-21,Debit Card,East
O2818,C144,2024-04-03,Credit Card,South
O2819,C244,2024-01-01,Credit Card,West
O2820,C245,2024-12-13,Cash,North
O2821,C102,2023-05-01,Credit Card,North
O2822,C409,2023-05-26,Net Banking,East
O2823,C189,2023-11-20,Cash,North
O2824,C198,2023-09-22,Net Banking,West
O2825,C416,2024-06-21,Net Banking,North
O2826,C497,2023-05-12,Debit Card,North
O2827,C265,2024-10-15,Credit Card,South
O2828,C389,2023-06-04,Net Banking,South
O2829,C212,2023-12-09,Debit Card,North
O2830,C313,2023-01-12,Credit Card,South
O2831,C181,2024-01-01,Cash,West
O2832,C116,2023-08-14,Debit Card,North
O2833,C273,2023-11-09,Debit Card,South
O2834,C083,2023-08-14,UPI,South
O2835,C149,2023-04-18,UPI,West
O2836,C260,2024-08-04,Cash,North
O2837,C477,2023-06-01,Credit Card,West
O2838,C449,2023-04-05,Cash,South
O2839,C372,2024-12-07,Cash,North
O2840,C136,2024-12-22,Cash,South
O2841,C104,2024-08-07,Cash,North
O2842,C381,2023-11-07,Cash,South
O2843,C445,2023-07-17,Credit Card,South
O2844,C209,2023-04-12,Cash,West
O2845,C030,2023-04-26,Net Banking,South
O2846,C406,2023-06-28,Credit Card,South
O2847,C414,2024-10-26,Credit Card,North
O2848,C483,2023-04-28,Cash,North
O2849,C221,2023-01-20,Cash,West
O2850,C075,2024-04-02,Debit Card,North
O2851,C045,2024-11-24,Net Banking,North
O2852,C367,2024-08-21,Net Banking,North
O2853,C057,2024-11-28,Cash,East
O2854,C285,2024-07-06,Debit Card,South
O2855,C030,2024-11-02,UPI,South
O2856,C052,2024-06-22,Debit Card,South
O2857,C083,2024-12-16,UPI,South
O2858,C036,2023-06-01,UPI,West
O2859,C369,2023-12-17,UPI,East
O2860,C186,2024-12-13,Debit Card,South
O2861,C196,2024-04-15,Cash,East
O2862,C279,2024-10-09,Net Banking,East
O2863,C205,2024-03-25,Credit Card,South
O2864,C343,2023-09-19,Net Banking,South
O2865,C211,2024-06-25,Credit Card,South
O2866,C185,2024-02-23,Credit Card,South
O2867,C118,2023-05-03,Net Banking,North
O2868,C469,2024-10-25,Credit Card,South
O2869,C016,2023-06-08,Net Banking,North
O2870,C428,2023-04-01,Credit Card,South
O2871,C052,2023-04-02,Cash,South
O2872,C278,2024-01-10,Net Banking,South
O2873,C084,2023-06-01,UPI,East
O2874,C127,2023-08-18,Cash,South
O2875,C325,2023-09-19,Debit Card,South
O2876,C204,2024-04-07,Debit Card,East
O2877,C194,2024-01-14,Credit Card,North
O2878,C458,2023-01-08,UPI,South
O2879,C380,2024-02-18,Cash,West
O2880,C147,2023-10-13,Debit Card,North
O2881,C172,2023-01-19,Debit Card,North
O2882,C009,2023-08-15,Debit Card,North
O2883,C077,2024-12-28,Cash,West
O2884,C101,2023-03-16,Debit Card,North
O2885,C223,2024-05-02,Cash,South
O2886,C151,2023-03-01,Cash,North
O2887,C030,2024-10-21,UPI,South
O2888,C361,2024-07-26,Cash,North
O2889,C097,2023-11-18,Cash,North
O2890,C152,2023-04-05,UPI,North
O2891,C304,2023-10-16,UPI,North
O2892,C462,2024-05-15,Debit Card,West
O2893,C214,2024-05-14,Credit Card,East
O2894,C009,2023-12-10,Cash,North
O2895,C265,2024-04-17,UPI,South
O2896,C234,2024-08-13,Cash,East
O2897,C226,2024-08-03,Cash,East
O2898,C337,2023-06-12,Debit Card,South
O2899,C361,2024-10-22,Net Banking,North
O2900,C497,2023-07-01,Net Banking,North
O2901,C208,2023-08-21,Cash,North
O2902,C210,2023-09-12,UPI,South
O2903,C319,2024-04-27,Cash,South
O2904,C358,2024-05-23,Credit Card,West
O2905,C405,2023-06-25,Credit Card,North
O2906,C423,2024-08-24,UPI,West
O2907,C021,2024-06-24,Debit Card,West
O2908,C323,2023-03-24,UPI,South
O2909,C254,2024-03-20,Credit Card,South
O2910,C015,2023-10-04,Net Banking,North
O2911,C023,2024-11-16,Credit Card,West
O2912,C014,2024-05-09,Credit Card,North
O2913,C280,2024-08-19,Net Banking,North
O2914,C092,2023-09-21,Credit Card,West
O2915,C420,2024-01-03,Debit Card,South
O2916,C449,2023-07-21,Debit Card,South
O2917,C403,2023-03-05,UPI,West
O2918,C143,2024-09-08,Debit Card,South
O2919,C237,2023-03-02,Net Banking,South
O2920,C458,2023-01-04,Cash,South
O2921,C274,2024-07-01,UPI,North
O2922,C002,2023-01-17,Debit Card,West
O2923,C237,2023-08-08,Debit Card,South
O2924,C031,2023-09-28,Cash,South
O2925,C376,2024-05-20,UPI,North
O2926,C346,2024-11-25,UPI,North
O2927,C217,2023-01-02,UPI,North
O2928,C237,2023-03-19,Net Banking,South
O2929,C081,2024-01-01,Cash,South
O2930,C347,2023-09-16,Debit Card,West
O2931,C144,2024-10-25,Net Banking,South
O2932,C214,2024-08-28,Credit Card,East
O2933,C257,2024-12-20,UPI,South
O2934,C452,2023-11-19,Cash,West
O2935,C351,2023-04-21,Cash,West
O2936,C029,2024-05-02,Debit Card,East
O2937,C365,2024-05-03,Credit Card,West
O2938,C463,2023-02-09,Credit Card,West
O2939,C058,2023-08-16,Net Banking,South
O2940,C430,2024-11-21,Net Banking,North
O2941,C239,2024-07-10,Credit Card,South
O2942,C113,2024-08-16,Debit Card,West
O2943,C007,2023-08-11,UPI,North
O2944,C011,2023-04-20,UPI,North
O2945,C362,2024-06-06,Credit Card,North
O2946,C374,2023-02-16,Net Banking,West
O2947,C020,2023-08-06,Credit Card,West
O2948,C274,2023-02-28,Debit Card,North
O2949,C365,2023-09-10,Credit Card,West
O2950,C404,2024-05-15,Cash,South
O2951,C235,2024-02-20,UPI,South
O2952,C367,2024-02-02,Net Banking,North
O2953,C074,2024-06-08,UPI,West
O2954,C137,2024-01-06,Net Banking,North
O2955,C127,2024-08-26,Net Banking,South
O2956,C140,2024-07-12,Net Banking,North
O2957,C019,2024-01-16,Debit Card,North
O2958,C121,2024-07-13,Credit Card,South
O2959,C042,2023-03-23,UPI,North
O2960,C151,2024-01-13,Cash,North
O2961,C032,2023-07-02,Cash,North
O2962,C151,2024-11-20,UPI,North
O2963,C298,2024-09-24,UPI,North
O2964,C087,2023-08-27,Credit Card,North
O2965,C298,2024-07-06,Net Banking,North
O2966,C281,2024-01-28,Cash,South
O2967,C323,2023-03-23,Net Banking,South
O2968,C297,2023-05-04,Net Banking,West
O2969,C178,2023-04-05,Net Banking,South
O2970,C058,2023-03-03,Debit Card,South
O2971,C404,2024-11-02,UPI,South
O2972,C286,2023-04-23,Debit Card,West
O2973,C294,2024-07-02,Debit Card,North
O2974,C458,2023-01-20,Debit Card,South
O2975,C067,2023-05-23,UPI,North
O2976,C307,2023-02-19,UPI,West
O2977,C072,2023-11-08,Net Banking,East
O2978,C411,2024-09-17,Debit Card,West
O2979,C171,2024-12-16,Credit Card,East
O2980,C178,2023-02-28,Credit Card,South
O2981,C388,2024-05-08,Net Banking,South
O2982,C164,2024-05-24,Debit Card,South
O2983,C349,2023-01-04,UPI,North
O2984,C136,2024-01-16,Credit Card,South
O2985,C342,2023-09-17,Net Banking,South
O2986,C354,2023-08-13,Credit Card,South
O2987,C382,2023-05-07,Debit Card,South
O2988,C162,2023-10-06,Credit Card,East
O2989,C448,2024-03-24,UPI,West
O2990,C326,2024-03-18,UPI,South
O2991,C275,2023-10-28,Credit Card,North
O2992,C064,2024-02-07,Debit Card,North
O2993,C335,2024-11-24,Credit Card,North
O2994,C226,2023-06-11,Cash,East
O2995,C292,2023-04-09,Net Banking,North
O2996,C191,2023-08-11,Credit Card,West
O2997,C051,2023-12-18,Cash,East
O2998,C011,2023-11-15,UPI,North
O2999,C161,2023-04-10,Cash,East
O3000,C252,2023-09-25,Cash,South
O3001,C385,2023-12-19,Cash,West
O3002,C090,2024-08-20,Net Banking,South
O3003,C341,2024-03-04,Debit Card,East
O3004,C255,2023-03-24,Debit Card,West
O3005,C248,2024-03-28,Credit Card,West
O3006,C001,2024-05-18,Net Banking,West
O3007,C384,2024-06-28,Debit Card,North
O3008,C484,2023-08-28,UPI,East
O3009,C008,2024-11-22,UPI,West
O3010,C295,2023-05-18,UPI,South
O3011,C032,2023-05-04,UPI,North
O3012,C114,2024-11-03,Net Banking,West
O3013,C377,2024-10-15,Net Banking,North
O3014,C490,2023-08-11,Cash,South
O3015,C220,2024-11-11,Debit Card,North
O3016,C099,2024-06-05,UPI,West
O3017,C172,2023-07-18,UPI,North
O3018,C288,2024-02-08,Debit Card,North
O3019,C055,2023-04-03,Cash,South
O3020,C155,2024-12-19,Debit Card,South
O3021,C008,2023-04-04,Debit Card,West
O3022,C476,2024-08-06,UPI,South
O3023,C089,2024-12-18,Credit Card,North
O3024,C387,2024-11-19,UPI,North
O3025,C390,2023-11-25,Net Banking,North
O3026,C265,2024-06-11,Debit Card,South
O3027,C195,2024-12-10,UPI,West
O3028,C081,2024-02-08,Net Banking,South
O3029,C253,2023-12-21,Credit Card,East
O3030,C410,2024-12-14,Net Banking,West
O3031,C419,2024-11-05,Net Banking,North
O3032,C262,2023-02-23,UPI,West
O3033,C132,2023-07-11,UPI,North
O3034,C356,2023-12-05,UPI,North
O3035,C249,2023-02-20,UPI,West
O3036,C345,2023-06-27,Credit Card,East
O3037,C073,2023-11-01,Net Banking,North
O3038,C095,2023-07-12,Debit Card,North
O3039,C012,2023-07-07,Debit Card,West
O3040,C388,2024-05-15,Credit Card,South
O3041,C083,2023-10-10,Debit Card,South
O3042,C284,2024-12-26,Net Banking,West
O3043,C207,2023-05-22,Debit Card,South
O3044,C369,2024-11-28,Credit Card,East
O3045,C175,2024-03-21,UPI,North
O3046,C377,2023-04-06,Cash,North
O3047,C255,2024-03-10,Debit Card,West
O3048,C173,2024-11-04,Cash,East
O3049,C016,2024-03-19,Cash,North
O3050,C477,2023-10-04,Net Banking,West
O3051,C492,2023-01-27,Cash,West
O3052,C175,2024-02-09,UPI,North
O3053,C015,2024-10-03,UPI,North
O3054,C046,2023-08-14,Debit Card,North
O3055,C186,2023-04-19,Cash,South
O3056,C026,2023-11-10,Debit Card,South
O3057,C158,2023-04-06,Credit Card,West
O3058,C097,2023-09-19,Net Banking,North
O3059,C275,2024-06-13,Debit Card,North
O3060,C043,2024-03-19,Debit Card,West
O3061,C262,2023-09-12,UPI,West
O3062,C026,2023-01-14,UPI,South
O3063,C076,2024-12-11,Net Banking,East
O3064,C118,2024-03-13,Credit Card,North
O3065,C497,2024-08-15,Net Banking,North
O3066,C056,2023-07-23,Net Banking,South
O3067,C078,2023-06-15,Cash,South
O3068,C193,2023-07-15,Cash,North
O3069,C314,2023-03-10,UPI,North
O3070,C354,2024-08-07,Credit Card,South
O3071,C126,2024-01-07,Cash,South
O3072,C401,2024-06-26,Debit Card,West
O3073,C313,2023-09-14,UPI,South
O3074,C180,2023-04-19,Cash,North
O3075,C149,2023-12-19,Credit Card,West
O3076,C123,2023-07-21,Net Banking,West
O3077,C285,2024-10-04,UPI,South
O3078,C171,2024-12-04,Credit Card,East
O3079,C364,2024-01-27,UPI,West
O3080,C008,2024-01-03,UPI,West
O3081,C108,2024-01-01,Cash,West
O3082,C361,2023-03-24,Cash,North
O3083,C401,2024-05-14,Debit Card,West
O3084,C105,2023-08-27,Debit Card,North
O3085,C395,2024-11-23,Net Banking,South
O3086,C378,2023-11-28,Net Banking,East
O3087,C359,2023-03-13,Credit Card,South
O3088,C138,2024-03-28,Net Banking,South
O3089,C305,2024-10-18,Debit Card,South
O3090,C201,2024-11-25,Net Banking,South
O3091,C376,2023-01-10,UPI,North
O3092,C369,2024-01-04,Debit Card,East
O3093,C223,2023-01-13,Debit Card,South
O3094,C041,2024-07-13,Cash,North
O3095,C467,2024-03-16,Net Banking,North
O3096,C174,2024-10-25,Debit Card,North
O3097,C141,2024-07-10,Cash,South
O3098,C118,2024-07-17,Cash,North
O3099,C442,2024-03-02,UPI,West
O3100,C110,2024-06-26,Credit Card,South
O3101,C471,2024-12-15,Credit Card,South
O3102,C036,2023-10-16,Net Banking,West
O3103,C237,2023-06-04,Cash,South
O3104,C120,2023-08-21,UPI,South
O3105,C091,2023-08-22,Net Banking,West
O3106,C014,2023-08-01,Cash,North
O3107,C477,2024-02-15,UPI,West
O3108,C046,2023-01-11,Net Banking,North
O3109,C456,2024-03-18,Cash,South
O3110,C402,2023-07-27,Debit Card,North
O3111,C445,2024-11-27,Debit Card,South
O3112,C293,2023-12-23,Debit Card,North
O3113,C469,2023-12-19,Credit Card,South
O3114,C474,2024-02-02,Debit Card,North
O3115,C140,2024-04-26,Net Banking,North
O3116,C130,2023-01-24,Credit Card,West
O3117,C395,2024-10-09,Credit Card,South
O3118,C264,2024-12-17,Credit Card,South
O3119,C421,2023-03-21,Cash,South
O3120,C185,2023-09-24,UPI,South
O3121,C395,2024-01-08,Net Banking,South
O3122,C318,2023-10-24,Debit Card,North
O3123,C275,2023-10-24,UPI,North
O3124,C244,2024-05-23,UPI,West
O3125,C103,2023-03-14,Net Banking,North
O3126,C463,2024-07-12,UPI,West
O3127,C457,2024-08-12,Credit Card,North
O3128,C052,2023-03-19,Credit Card,South
O3129,C226,2023-02-26,UPI,East
O3130,C359,2023-04-11,Cash,South
O3131,C477,2023-03-24,UPI,West
O3132,C484,2024-12-15,Net Banking,East
O3133,C310,2023-10-28,UPI,South
O3134,C098,2024-12-08,Credit Card,North
O3135,C180,2023-05-17,Cash,North
O3136,C217,2023-12-18,UPI,North
O3137,C256,2023-07-14,Credit Card,West
O3138,C239,2024-11-02,Net Banking,South
O3139,C162,2023-01-03,Cash,East
O3140,C413,2024-03-23,UPI,West
O3141,C095,2023-10-19,Credit Card,North
O3142,C301,2023-02-28,Cash,West
O3143,C156,2023-06-03,Net Banking,North
O3144,C059,2024-12-03,Credit Card,West
O3145,C177,2024-08-15,Debit Card,South
O3146,C433,2023-02-07,Debit Card,East
O3147,C419,2023-01-23,Cash,North
O3148,C054,2024-11-26,UPI,North
O3149,C213,2024-01-01,Debit Card,North
O3150,C360,2023-09-28,UPI,South
O3151,C494,2024-11-19,UPI,West
O3152,C297,2024-12-27,Debit Card,West
O3153,C316,2024-03-17,Debit Card,North
O3154,C006,2024-06-12,Cash,South
O3155,C298,2024-12-01,Cash,North
O3156,C188,2024-06-15,Net Banking,North
O3157,C074,2024-10-27,Credit Card,West
O3158,C488,2023-11-20,Cash,North
O3159,C386,2024-03-27,Net Banking,North
O3160,C098,2024-10-01,Net Banking,North
O3161,C072,2023-06-25,Credit Card,East
O3162,C112,2023-08-26,UPI,South
O3163,C036,2024-01-25,UPI,West
O3164,C146,2023-08-24,UPI,North
O3165,C297,2023-06-21,Credit Card,West
O3166,C285,2024-01-07,Credit Card,South
O3167,C178,2023-04-02,Cash,South
O3168,C288,2023-09-17,Debit Card,North
O3169,C369,2024-03-28,UPI,East
O3170,C042,2024-12-09,Cash,North
O3171,C268,2023-01-07,UPI,West
O3172,C267,2023-10-10,Cash,South
O3173,C305,2024-05-23,Debit Card,South
O3174,C356,2024-01-06,Cash,North
O3175,C280,2023-07-11,Net Banking,North
O3176,C434,2024-06-02,Debit Card,South
O3177,C418,2023-08-07,Net Banking,West
O3178,C330,2023-10-23,Cash,South
O3179,C095,2024-05-07,UPI,North
O3180,C392,2024-10-18,Credit Card,West
O3181,C208,2024-07-28,Cash,North
O3182,C255,2023-04-23,Net Banking,West
O3183,C162,2024-12-27,Cash,East
O3184,C414,2023-09-10,UPI,North
O3185,C368,2023-01-22,Debit Card,North
O3186,C116,2023-07-11,Credit Card,North
O3187,C249,2024-12-16,Credit Card,West
O3188,C101,2024-08-06,Net Banking,North
O3189,C126,2023-07-04,Credit Card,South
O3190,C397,2023-03-13,Net Banking,West
O3191,C272,2023-01-18,Cash,South
O3192,C490,2024-04-18,UPI,South
O3193,C019,2024-04-26,Cash,North
O3194,C093,2023-06-05,Credit Card,West
O3195,C459,2023-05-13,Debit Card,East
O3196,C162,2024-05-20,Net Banking,East
O3197,C210,2023-10-03,UPI,South
O3198,C324,2024-04-02,Debit Card,South
O3199,C320,2023-01-04,Credit Card,East
O3200,C048,2024-07-03,Cash,West
O3201,C474,2023-06-23,Debit Card,North
O3202,C025,2023-10-04,Debit Card,West
O3203,C272,2024-12-15,Credit Card,South
O3204,C101,2023-03-25,UPI,North
O3205,C474,2023-01-22,Credit Card,North
O3206,C042,2024-01-16,UPI,North
O3207,C227,2024-08-27,Credit Card,North
O3208,C018,2024-05-19,Cash,East
O3209,C307,2024-07-19,UPI,West
O3210,C189,2024-06-10,Net Banking,North
O3211,C002,2024-09-25,Cash,West
O3212,C446,2024-12-20,Cash,North
O3213,C161,2024-04-23,UPI,East
O3214,C355,2024-08-16,Credit Card,West
O3215,C126,2023-04-13,Debit Card,South
O3216,C457,2024-01-09,Debit Card,North
O3217,C231,2024-03-26,Net Banking,North
O3218,C216,2024-03-14,Cash,North
O3219,C006,2024-05-21,Debit Card,South
O3220,C398,2023-09-21,Cash,South
O3221,C348,2024-09-01,Debit Card,West
O3222,C175,2024-03-10,Credit Card,North
O3223,C208,2023-11-15,Cash,North
O3224,C434,2023-01-20,Debit Card,South
O3225,C483,2023-11-14,UPI,North
O3226,C493,2024-06-25,Credit Card,West
O3227,C089,2024-04-22,Credit Card,North
O3228,C315,2023-10-17,Net Banking,North
O3229,C337,2023-06-10,Net Banking,South
O3230,C473,2024-09-09,Credit Card,North
O3231,C451,2023-05-03,Cash,South
O3232,C210,2023-03-20,Cash,South
O3233,C261,2024-05-01,Cash,West
O3234,C104,2023-05-24,UPI,North
O3235,C109,2023-03-13,Net Banking,South
O3236,C034,2023-11-07,Debit Card,South
O3237,C045,2024-02-18,Credit Card,North
O3238,C308,2024-06-22,Debit Card,South
O3239,C218,2024-02-15,Net Banking,North
O3240,C334,2023-11-22,UPI,North
O3241,C081,2024-10-28,UPI,South
O3242,C222,2023-03-02,UPI,North
O3243,C185,2024-03-25,Debit Card,South
O3244,C187,2024-04-02,UPI,West
O3245,C405,2023-10-08,Credit Card,North
O3246,C480,2024-03-11,Credit Card,North
O3247,C468,2024-07-06,Credit Card,North
O3248,C302,2024-10-23,UPI,North
O3249,C146,2023-11-09,UPI,North
O3250,C032,2023-01-25,Cash,North
O3251,C489,2024-10-01,Credit Card,West
O3252,C448,2023-01-14,UPI,West
O3253,C398,2024-11-12,Cash,South
O3254,C269,2024-03-25,UPI,North
O3255,C349,2024-11-03,Cash,North
O3256,C140,2024-05-07,Credit Card,North
O3257,C145,2023-03-17,Cash,South
O3258,C249,2023-01-12,Debit Card,West
O3259,C467,2024-10-17,Cash,North
O3260,C340,2024-10-10,Debit Card,West
O3261,C482,2023-02-13,Net Banking,West
O3262,C113,2024-08-28,Net Banking,West
O3263,C288,2024-04-12,UPI,North
O3264,C253,2024-12-12,Debit Card,East
O3265,C435,2024-11-08,Debit Card,West
O3266,C063,2023-06-04,Net Banking,North
O3267,C252,2023-03-20,Cash,South
O3268,C305,2024-09-21,Credit Card,South
O3269,C177,2023-04-16,UPI,South
O3270,C176,2023-04-13,Credit Card,South
O3271,C058,2023-03-25,Credit Card,South
O3272,C342,2024-08-01,UPI,South
O3273,C221,2023-02-07,Credit Card,West
O3274,C181,2023-07-15,Cash,West
O3275,C192,2024-06-20,Debit Card,North
O3276,C145,2023-08-03,Credit Card,South
O3277,C110,2024-07-22,Net Banking,South
O3278,C278,2023-11-15,Debit Card,South
O3279,C227,2023-07-16,Credit Card,North
O3280,C177,2024-04-08,Debit Card,South
O3281,C137,2023-07-06,Cash,North
O3282,C346,2023-06-13,Debit Card,North
O3283,C078,2024-05-22,Net Banking,South
O3284,C336,2024-09-19,Debit Card,North
O3285,C119,2024-04-17,Net Banking,South
O3286,C131,2024-08-09,UPI,West
O3287,C077,2024-03-01,UPI,West
O3288,C164,2023-04-13,Debit Card,South
O3289,C259,2024-05-24,Net Banking,West
O3290,C158,2024-05-24,Credit Card,West
O3291,C077,2023-11-02,Credit Card,West
O3292,C299,2024-03-19,Credit Card,West
O3293,C438,2023-02-27,Net Banking,East
O3294,C309,2023-09-06,Credit Card,West
O3295,C287,2023-04-03,Net Banking,West
O3296,C143,2024-01-17,Cash,South
O3297,C351,2024-02-13,Credit Card,West
O3298,C127,2024-12-11,UPI,South
O3299,C080,2023-02-24,Net Banking,West
O3300,C001,2023-07-08,Net Banking,West
O3301,C323,2024-09-03,Cash,South
O3302,C497,2024-03-03,Net Banking,North
O3303,C035,2024-07-27,Net Banking,West
O3304,C335,2023-12-22,UPI,North
O3305,C155,2023-03-18,Cash,South
O3306,C149,2023-11-13,Net Banking,West
O3307,C022,2024-08-08,Net Banking,South
O3308,C461,2024-09-23,UPI,North
O3309,C329,2023-04-15,UPI,North
O3310,C409,2023-05-10,Cash,East
O3311,C292,2024-10-08,Cash,North
O3312,C212,2024-07-09,Net Banking,North
O3313,C432,2024-03-06,Cash,West
O3314,C165,2023-12-09,UPI,East
O3315,C245,2024-06-19,UPI,North
O3316,C262,2024-06-06,UPI,West
O3317,C466,2023-07-21,Credit Card,South
O3318,C082,2023-10-18,Cash,West
O3319,C123,2024-12-18,Net Banking,West
O3320,C334,2023-08-11,Cash,North
O3321,C117,2024-02-04,Cash,South
O3322,C271,2024-10-12,Net Banking,North
O3323,C284,2023-11-11,UPI,West
O3324,C268,2023-11-03,Debit Card,West
O3325,C202,2024-09-28,Net Banking,West
O3326,C253,2023-12-09,Net Banking,East
O3327,C001,2024-04-10,Debit Card,West
O3328,C391,2023-09-18,Debit Card,West
O3329,C060,2024-06-13,Cash,South
O3330,C188,2023-06-05,Debit Card,North
O3331,C084,2024-08-21,Cash,East
O3332,C010,2024-11-18,Debit Card,South
O3333,C488,2023-02-15,Cash,North
O3334,C216,2023-05-06,Net Banking,North
O3335,C152,2023-05-17,Cash,North
O3336,C494,2024-06-26,Cash,West
O3337,C049,2024-06-05,Debit Card,South
O3338,C413,2024-03-08,Credit Card,West
O3339,C346,2024-04-13,UPI,North
O3340,C493,2024-04-02,Debit Card,West
O3341,C144,2023-11-17,UPI,South
O3342,C166,2023-05-14,Debit Card,North
O3343,C417,2024-02-08,Cash,West
O3344,C329,2023-07-12,Cash,North
O3345,C284,2023-08-14,UPI,West
O3346,C306,2024-07-11,Cash,East
O3347,C323,2023-11-09,Credit Card,South
O3348,C264,2024-12-04,Debit Card,South
O3349,C028,2023-08-26,Debit Card,North
O3350,C459,2024-09-18,Credit Card,East
O3351,C445,2024-01-25,UPI,South
O3352,C491,2024-06-07,Debit Card,South
O3353,C093,2023-05-18,Credit Card,West
O3354,C436,2023-06-11,Credit Card,North
O3355,C416,2024-11-24,UPI,North
O3356,C030,2024-05-06,Credit Card,South
O3357,C064,2023-01-18,Net Banking,North
O3358,C119,2024-10-03,Cash,South
O3359,C472,2024-04-12,Net Banking,West
O3360,C312,2024-06-15,Debit Card,West
O3361,C136,2023-05-24,Cash,South
O3362,C459,2024-02-28,Credit Card,East
O3363,C410,2024-01-03,UPI,West
O3364,C088,2024-12-11,Credit Card,North
O3365,C060,2023-09-18,Debit Card,South
O3366,C113,2024-01-28,UPI,West
O3367,C494,2024-10-02,Credit Card,West
O3368,C222,2024-05-02,Net Banking,North
O3369,C322,2024-11-08,Credit Card,South
O3370,C296,2024-12-04,Net Banking,East
O3371,C251,2023-03-16,Net Banking,North
O3372,C010,2023-09-05,Net Banking,South
O3373,C020,2024-12-09,Credit Card,West
O3374,C088,2024-03-16,Net Banking,North
O3375,C121,2023-08-02,Net Banking,South
O3376,C350,2023-10-23,Credit Card,South
O3377,C361,2023-08-12,Cash,North
O3378,C111,2023-06-27,Debit Card,West
O3379,C194,2024-07-14,Net Banking,North
O3380,C178,2024-12-05,Cash,South
O3381,C265,2024-08-22,Debit Card,South
O3382,C484,2023-09-23,Debit Card,East
O3383,C185,2023-07-12,Debit Card,South
O3384,C076,2023-08-17,Credit Card,East
O3385,C152,2024-11-17,Debit Card,North
O3386,C167,2024-10-08,UPI,North
O3387,C400,2023-02-24,Cash,East
O3388,C156,2023-10-24,Cash,North
O3389,C295,2023-06-16,Credit Card,South
O3390,C009,2024-01-01,Net Banking,North
O3391,C396,2024-03-21,Net Banking,North
O3392,C117,2023-04-02,Net Banking,South
O3393,C417,2024-03-04,Net Banking,West
O3394,C460,2023-08-15,Debit Card,North
O3395,C067,2024-08-27,Debit Card,North
O3396,C481,2023-12-03,Credit Card,South
O3397,C113,2023-01-20,Debit Card,West
O3398,C067,2024-02-10,Net Banking,North
O3399,C488,2024-10-04,Credit Card,North
O3400,C143,2023-12-03,UPI,South
O3401,C169,2023-02-02,Net Banking,North
O3402,C450,2024-02-16,Debit Card,South
O3403,C102,2024-11-22,Debit Card,North
O3404,C468,2024-12-15,Credit Card,North
O3405,C031,2023-01-20,Credit Card,South
O3406,C172,2023-02-06,Credit Card,North
O3407,C163,2024-10-21,Debit Card,North
O3408,C172,2024-10-26,Debit Card,North
O3409,C420,2024-01-14,Net Banking,South
O3410,C231,2023-07-16,Cash,North
O3411,C104,2024-05-07,Credit Card,North
O3412,C270,2024-09-06,Net Banking,South
O3413,C268,2023-12-28,UPI,West
O3414,C137,2024-02-08,Net Banking,North
O3415,C271,2024-05-07,UPI,North
O3416,C254,2023-10-22,Credit Card,South
O3417,C078,2023-08-13,Debit Card,South
O3418,C384,2023-08-12,Debit Card,North
O3419,C294,2024-04-22,UPI,North
O3420,C119,2023-12-21,Cash,South
O3421,C206,2024-10-28,Debit Card,West
O3422,C369,2024-01-14,UPI,East
O3423,C479,2023-11-18,Cash,South
O3424,C251,2023-04-16,Net Banking,North
O3425,C415,2023-08-15,Cash,South
O3426,C083,2024-05-18,Net Banking,South
O3427,C257,2023-07-16,UPI,South
O3428,C151,2024-09-13,Debit Card,North
O3429,C344,2023-06-26,Cash,North
O3430,C025,2023-01-21,Credit Card,West
O3431,C159,2023-09-25,Net Banking,South
O3432,C103,2023-05-14,Cash,North
O3433,C238,2024-07-21,Cash,West
O3434,C116,2023-01-22,Debit Card,North
O3435,C226,2024-11-27,Cash,East
O3436,C400,2023-01-04,Net Banking,East
O3437,C268,2024-02-01,Debit Card,West
O3438,C232,2023-05-09,Credit Card,South
O3439,C088,2023-05-09,Cash,North
O3440,C085,2023-10-26,Cash,South
O3441,C441,2023-10-06,UPI,South
O3442,C103,2024-01-04,Net Banking,North
O3443,C467,2023-10-20,Cash,North
O3444,C139,2023-10-08,Credit Card,East
O3445,C136,2024-12-21,Net Banking,South
O3446,C258,2023-01-13,Credit Card,South
O3447,C317,2023-02-12,Credit Card,West
O3448,C216,2024-09-28,Cash,North
O3449,C252,2024-03-12,Debit Card,South
O3450,C454,2024-09-01,UPI,West
O3451,C198,2024-10-24,Debit Card,West
O3452,C375,2024-09-28,Credit Card,North
O3453,C366,2023-02-17,Credit Card,South
O3454,C251,2024-06-16,Credit Card,North
O3455,C117,2024-10-27,Credit Card,South
O3456,C495,2024-08-10,Credit Card,South
O3457,C422,2023-09-15,UPI,West
O3458,C432,2023-02-27,Cash,West
O3459,C361,2024-12-01,Debit Card,North
O3460,C095,2024-11-12,Cash,North
O3461,C071,2023-07-03,Credit Card,South
O3462,C235,2023-07-12,Credit Card,South
O3463,C453,2023-11-05,Net Banking,South
O3464,C495,2024-04-12,Net Banking,South
O3465,C247,2023-09-15,Debit Card,West
O3466,C420,2024-01-19,Cash,South
O3467,C045,2024-08-07,Credit Card,North
O3468,C086,2023-03-01,Net Banking,South
O3469,C468,2023-02-21,Debit Card,North
O3470,C417,2023-10-13,UPI,West
O3471,C001,2023-05-13,Net Banking,West
O3472,C241,2023-11-10,Net Banking,South
O3473,C057,2024-05-10,Net Banking,East
O3474,C274,2024-01-05,Credit Card,North
O3475,C215,2023-04-03,Debit Card,West
O3476,C071,2023-04-25,Cash,South
O3477,C123,2024-03-01,Debit Card,West
O3478,C485,2023-01-20,Debit Card,North
O3479,C389,2023-06-01,UPI,South
O3480,C015,2024-01-08,UPI,North
O3481,C282,2024-06-20,Net Banking,South
O3482,C240,2024-06-02,Credit Card,East
O3483,C076,2023-11-16,Net Banking,East
O3484,C500,2023-12-15,UPI,South
O3485,C220,2024-05-08,Cash,North
O3486,C027,2023-10-27,Debit Card,West
O3487,C424,2023-07-19,Debit Card,South
O3488,C278,2024-10-21,Net Banking,South
O3489,C398,2023-10-06,Cash,South
O3490,C068,2024-09-03,UPI,West
O3491,C115,2023-02-21,Credit Card,North
O3492,C308,2024-07-14,Cash,South
O3493,C321,2024-12-03,Net Banking,South
O3494,C063,2023-07-10,Net Banking,North
O3495,C406,2023-01-18,Net Banking,South
O3496,C038,2024-01-06,Net Banking,South
O3497,C186,2024-01-16,Cash,South
O3498,C014,2024-07-22,Credit Card,North
O3499,C078,2023-12-01,Net Banking,South
O3500,C493,2023-04-21,Cash,West
O3501,C009,2024-10-01,Cash,North
O3502,C170,2023-03-04,Credit Card,South
O3503,C291,2024-09-04,Cash,South
O3504,C105,2023-08-05,Net Banking,North
O3505,C399,2024-02-24,Net Banking,North
O3506,C374,2024-07-28,Credit Card,West
O3507,C058,2023-03-03,UPI,South
O3508,C250,2024-07-14,Credit Card,South
O3509,C448,2023-10-28,Debit Card,West
O3510,C167,2023-01-05,Net Banking,North
O3511,C325,2023-02-03,Debit Card,South
O3512,C333,2023-12-20,Cash,East
O3513,C374,2023-04-12,Net Banking,West
O3514,C069,2023-11-05,UPI,North
O3515,C392,2023-02-09,UPI,West
O3516,C002,2023-08-28,UPI,West
O3517,C223,2024-02-26,Cash,South
O3518,C096,2024-03-13,Net Banking,South
O3519,C140,2024-07-17,Cash,North
O3520,C480,2024-12-26,UPI,North
O3521,C310,2023-12-05,Credit Card,South
O3522,C360,2023-11-19,Credit Card,South
O3523,C315,2024-05-28,Debit Card,North
O3524,C298,2024-07-04,Cash,North
O3525,C201,2024-12-24,Net Banking,South
O3526,C451,2023-07-14,UPI,South
O3527,C269,2023-05-18,Credit Card,North
O3528,C418,2024-05-24,Net Banking,West
O3529,C491,2023-03-22,Net Banking,South
O3530,C336,2024-08-19,Debit Card,North
O3531,C320,2023-11-18,UPI,East
O3532,C434,2024-07-05,Net Banking,South
O3533,C469,2024-04-12,Debit Card,South
O3534,C465,2023-07-07,UPI,West
O3535,C200,2023-10-19,Cash,South
O3536,C270,2023-09-15,Cash,South
O3537,C247,2024-01-01,Debit Card,West
O3538,C321,2023-09-10,Net Banking,South
O3539,C277,2024-12-16,UPI,South
O3540,C333,2023-12-06,UPI,East
O3541,C218,2024-08-04,Net Banking,North
O3542,C369,2023-01-09,Net Banking,East
O3543,C347,2023-11-03,Credit Card,West
O3544,C029,2024-04-13,Net Banking,East
O3545,C384,2024-09-27,Credit Card,North
O3546,C243,2024-04-14,Credit Card,West
O3547,C357,2023-07-07,Cash,East
O3548,C174,2024-07-08,Net Banking,North
O3549,C088,2024-01-03,Net Banking,North
O3550,C167,2023-09-26,Debit Card,North
O3551,C283,2024-03-25,Net Banking,South
O3552,C050,2023-05-06,Debit Card,South
O3553,C233,2023-01-11,Debit Card,South
O3554,C261,2024-04-17,UPI,West
O3555,C185,2023-04-25,Debit Card,South
O3556,C191,2023-10-24,Cash,West
O3557,C248,2024-07-27,Debit Card,West
O3558,C224,2023-05-03,Debit Card,West
O3559,C037,2023-08-15,UPI,South
O3560,C052,2023-10-14,Cash,South
O3561,C128,2024-06-28,Debit Card,West
O3562,C368,2024-01-03,Debit Card,North
O3563,C275,2024-10-12,Debit Card,North
O3564,C081,2024-08-01,UPI,South
O3565,C081,2024-02-24,UPI,South
O3566,C401,2023-06-21,Net Banking,West
O3567,C455,2024-01-10,Credit Card,North
O3568,C078,2024-02-02,Debit Card,South
O3569,C333,2024-09-06,UPI,East
O3570,C478,2023-09-28,UPI,South
O3571,C245,2024-03-19,Net Banking,North
O3572,C372,2024-05-07,Debit Card,North
O3573,C387,2024-09-04,UPI,North
O3574,C248,2023-06-07,Cash,West
O3575,C047,2024-03-20,Debit Card,South
O3576,C214,2023-03-09,Net Banking,East
O3577,C145,2023-05-20,Debit Card,South
O3578,C106,2023-05-19,Cash,South
O3579,C161,2024-10-25,Cash,East
O3580,C413,2024-02-16,Net Banking,West
O3581,C379,2024-10-17,Net Banking,West
O3582,C336,2024-01-28,Credit Card,North
O3583,C403,2023-11-09,Credit Card,West
O3584,C374,2023-09-20,Debit Card,West
O3585,C199,2023-07-15,Credit Card,South
O3586,C451,2023-06-11,UPI,South
O3587,C177,2023-10-07,Debit Card,South
O3588,C464,2024-05-16,Debit Card,North
O3589,C274,2023-07-16,Credit Card,North
O3590,C226,2024-06-21,Debit Card,East
O3591,C088,2024-09-10,Net Banking,North
O3592,C280,2023-09-28,Net Banking,North
O3593,C110,2024-04-18,Debit Card,South
O3594,C075,2023-07-24,UPI,North
O3595,C153,2024-04-19,Credit Card,West
O3596,C051,2023-09-05,Net Banking,East
O3597,C340,2024-05-08,Net Banking,West
O3598,C215,2024-05-13,Net Banking,West
O3599,C299,2024-07-07,Credit Card,West
O3600,C207,2023-08-06,Credit Card,South
O3601,C227,2023-06-15,Net Banking,North
O3602,C022,2023-06-22,Net Banking,South
O3603,C363,2023-08-03,Debit Card,East
O3604,C138,2023-02-21,Credit Card,South
O3605,C005,2023-09-15,Credit Card,West
O3606,C172,2024-04-11,UPI,North
O3607,C186,2023-02-27,Cash,South
O3608,C324,2023-04-12,Net Banking,South
O3609,C237,2023-11-12,Credit Card,South
O3610,C160,2024-11-14,Net Banking,South
O3611,C318,2024-05-07,Cash,North
O3612,C095,2023-08-19,Cash,North
O3613,C102,2024-06-15,Debit Card,North
O3614,C001,2024-10-14,Debit Card,West
O3615,C479,2023-09-26,Credit Card,South
O3616,C348,2023-11-11,Cash,West
O3617,C082,2023-11-06,UPI,West
O3618,C238,2024-08-08,Credit Card,West
O3619,C446,2024-05-23,Credit Card,North
O3620,C446,2024-02-22,UPI,North
O3621,C154,2023-02-14,Net Banking,South
O3622,C302,2023-12-26,Debit Card,North
O3623,C138,2023-03-08,Cash,South
O3624,C119,2023-02-04,Cash,South
O3625,C419,2024-07-22,Net Banking,North
O3626,C165,2023-08-06,UPI,East
O3627,C169,2023-04-02,Net Banking,North
O3628,C093,2023-10-07,Cash,West
O3629,C349,2023-05-08,Net Banking,North
O3630,C347,2023-12-01,Cash,West
O3631,C187,2023-02-14,Net Banking,West
O3632,C103,2024-09-26,Cash,North
O3633,C401,2024-02-22,Credit Card,West
O3634,C260,2024-10-02,Credit Card,North
O3635,C460,2023-09-02,Cash,North
O3636,C397,2023-10-19,UPI,West
O3637,C097,2023-04-21,UPI,North
O3638,C459,2023-06-11,Credit Card,East
O3639,C379,2024-04-10,Net Banking,West
O3640,C270,2024-02-01,Net Banking,South
O3641,C493,2024-06-15,Debit Card,West
O3642,C447,2024-07-10,Cash,South
O3643,C209,2023-04-03,Net Banking,West
O3644,C484,2024-09-20,Cash,East
O3645,C151,2023-08-16,Net Banking,North
O3646,C186,2024-10-17,UPI,South
O3647,C135,2023-10-13,Net Banking,North
O3648,C183,2024-01-18,Net Banking,North
O3649,C343,2023-09-09,Cash,South
O3650,C370,2023-12-08,Net Banking,West
O3651,C081,2024-07-15,Net Banking,South
O3652,C391,2023-08-26,Net Banking,West
O3653,C422,2023-01-28,Net Banking,West
O3654,C192,2023-10-10,Credit Card,North
O3655,C290,2024-06-10,UPI,South
O3656,C480,2024-02-26,Cash,North
O3657,C254,2023-04-08,UPI,South
O3658,C239,2024-12-23,Cash,South
O3659,C368,2024-02-11,Debit Card,North
O3660,C175,2024-04-06,Net Banking,North
O3661,C259,2023-10-15,Credit Card,West
O3662,C406,2023-11-03,UPI,South
O3663,C389,2024-06-26,UPI,South
O3664,C357,2023-03-22,Net Banking,East
O3665,C477,2023-09-28,Cash,West
O3666,C437,2024-02-03,UPI,North
O3667,C168,2023-05-07,Debit Card,West
O3668,C406,2023-04-21,Net Banking,South
O3669,C040,2024-09-18,Credit Card,North
O3670,C016,2023-10-10,UPI,North
O3671,C434,2024-11-06,Net Banking,South
O3672,C407,2024-03-06,UPI,South
O3673,C456,2024-11-02,Cash,South
O3674,C224,2024-06-16,Debit Card,West
O3675,C328,2024-12-13,UPI,West
O3676,C380,2024-07-27,Net Banking,West
O3677,C239,2023-08-27,Net Banking,South
O3678,C224,2023-12-23,Credit Card,West
O3679,C388,2023-03-10,UPI,South
O3680,C487,2024-09-02,Debit Card,West
O3681,C102,2024-10-15,Cash,North
O3682,C309,2023-01-19,Credit Card,West
O3683,C389,2024-02-02,Debit Card,South
O3684,C362,2023-04-28,UPI,North
O3685,C157,2024-06-14,Credit Card,West
O3686,C264,2024-06-10,UPI,South
O3687,C340,2023-12-21,Debit Card,West
O3688,C136,2023-06-13,UPI,South
O3689,C102,2024-01-06,Credit Card,North
O3690,C039,2023-09-20,Net Banking,West
O3691,C265,2024-03-10,Cash,South
O3692,C268,2024-07-09,Cash,West
O3693,C105,2024-08-08,Debit Card,North
O3694,C358,2024-02-25,Net Banking,West
O3695,C074,2024-10-26,Net Banking,West
O3696,C004,2023-01-05,Debit Card,West
O3697,C119,2024-05-01,UPI,South
O3698,C487,2023-03-01,UPI,West
O3699,C112,2023-03-09,Cash,South
O3700,C434,2023-12-19,UPI,South
O3701,C358,2024-10-17,Net Banking,West
O3702,C108,2023-01-08,UPI,West
O3703,C406,2023-09-09,Net Banking,South
O3704,C285,2024-08-08,Credit Card,South
O3705,C387,2023-02-25,Cash,North
O3706,C390,2023-03-04,Cash,North
O3707,C221,2023-04-06,Cash,West
O3708,C061,2023-09-09,Cash,North
O3709,C073,2023-03-17,Debit Card,North
O3710,C315,2024-01-03,Debit Card,North
O3711,C175,2024-05-06,UPI,North
O3712,C339,2023-03-01,Debit Card,North
O3713,C367,2023-06-25,Credit Card,North
O3714,C499,2023-07-15,Debit Card,North
O3715,C299,2024-12-23,Net Banking,West
O3716,C154,2023-11-21,Debit Card,South
O3717,C013,2023-01-28,Credit Card,North
O3718,C383,2024-12-22,UPI,West
O3719,C185,2024-06-21,UPI,South
O3720,C083,2024-03-23,Debit Card,South
O3721,C394,2023-10-02,Credit Card,North
O3722,C426,2023-08-22,Cash,East
O3723,C175,2024-02-04,Cash,North
O3724,C346,2023-07-10,UPI,North
O3725,C161,2024-12-01,Cash,East
O3726,C290,2024-05-26,Cash,South
O3727,C276,2024-11-10,Debit Card,South
O3728,C336,2024-06-03,Cash,North
O3729,C059,2023-12-07,Debit Card,West
O3730,C132,2024-12-09,UPI,North
O3731,C424,2024-11-09,Credit Card,South
O3732,C379,2023-09-27,Credit Card,West
O3733,C126,2023-10-07,Cash,South
O3734,C310,2024-10-02,UPI,South
O3735,C031,2023-10-26,Debit Card,South
O3736,C268,2023-12-24,Cash,West
O3737,C105,2024-01-14,Debit Card,North
O3738,C198,2024-01-10,Net Banking,West
O3739,C181,2023-07-24,Debit Card,West
O3740,C326,2024-08-01,UPI,South
O3741,C350,2023-01-08,UPI,South
O3742,C245,2024-11-15,Cash,North
O3743,C093,2024-09-10,Net Banking,West
O3744,C322,2023-08-08,Net Banking,South
O3745,C145,2024-03-01,Credit Card,South
O3746,C391,2023-11-21,Credit Card,West
O3747,C214,2023-09-12,UPI,East
O3748,C148,2023-10-04,Cash,West
O3749,C337,2024-05-03,Debit Card,South
O3750,C002,2024-04-09,UPI,West
O3751,C298,2024-04-14,UPI,North
O3752,C292,2023-11-06,UPI,North
O3753,C356,2024-04-23,Credit Card,North
O3754,C199,2024-11-08,Debit Card,South
O3755,C005,2023-05-24,Credit Card,West
O3756,C058,2024-04-20,Credit Card,South
O3757,C252,2024-04-22,Cash,South
O3758,C374,2023-02-11,Cash,West
O3759,C409,2024-01-26,UPI,East
O3760,C431,2024-02-03,UPI,South
O3761,C036,2023-06-28,Net Banking,West
O3762,C330,2023-05-11,Cash,South
O3763,C303,2023-08-26,Cash,North
O3764,C055,2024-11-18,Debit Card,South
O3765,C152,2024-03-23,Net Banking,North
O3766,C190,2023-07-19,Cash,North
O3767,C214,2023-07-19,UPI,East
O3768,C121,2024-01-25,Net Banking,South
O3769,C106,2024-12-22,Net Banking,South
O3770,C113,2024-01-05,Debit Card,West
O3771,C256,2024-01-18,Credit Card,West
O3772,C064,2023-08-21,Debit Card,North
O3773,C388,2024-10-24,Net Banking,South
O3774,C141,2023-12-23,Net Banking,South
O3775,C429,2023-11-26,Net Banking,East
O3776,C348,2023-01-24,Net Banking,West
O3777,C077,2023-05-09,Net Banking,West
O3778,C278,2024-09-08,Credit Card,South
O3779,C135,2023-06-15,Credit Card,North
O3780,C164,2023-02-28,Debit Card,South
O3781,C258,2023-11-25,UPI,South
O3782,C133,2023-05-23,Net Banking,West
O3783,C404,2024-01-27,Debit Card,South
O3784,C171,2023-01-19,Credit Card,East
O3785,C085,2024-12-04,Cash,South
O3786,C419,2023-05-24,UPI,North
O3787,C269,2023-04-11,Cash,North
O3788,C478,2023-07-24,Credit Card,South
O3789,C029,2023-01-26,Debit Card,East
O3790,C378,2024-10-28,UPI,East
O3791,C247,2023-08-10,UPI,West
O3792,C187,2023-08-17,Net Banking,West
O3793,C044,2024-12-22,Credit Card,East
O3794,C197,2024-10-23,Debit Card,West
O3795,C299,2023-09-12,Net Banking,West
O3796,C323,2024-12-05,Net Banking,South
O3797,C049,2024-11-22,Credit Card,South
O3798,C173,2023-08-22,Credit Card,East
O3799,C063,2023-04-14,Credit Card,North
O3800,C415,2024-02-25,UPI,South
O3801,C342,2023-05-01,Debit Card,South
O3802,C416,2023-07-16,UPI,North
O3803,C480,2024-10-18,UPI,North
O3804,C061,2024-09-06,UPI,North
O3805,C010,2023-11-23,Credit Card,South
O3806,C436,2024-09-21,Credit Card,North
O3807,C204,2023-04-07,Credit Card,East
O3808,C099,2024-02-08,Credit Card,West
O3809,C196,2023-06-05,Credit Card,East
O3810,C199,2023-03-03,Net Banking,South
O3811,C030,2024-05-23,UPI,South
O3812,C063,2023-11-04,UPI,North
O3813,C261,2023-06-28,Cash,West
O3814,C157,2023-06-08,Credit Card,West
O3815,C253,2023-03-22,Cash,East
O3816,C174,2023-03-02,Credit Card,North
O3817,C388,2023-11-15,UPI,South
O3818,C086,2024-08-19,UPI,South
O3819,C186,2024-02-06,Credit Card,South
O3820,C326,2023-09-09,Credit Card,South
O3821,C350,2023-05-11,UPI,South
O3822,C391,2023-04-10,Cash,West
O3823,C244,2024-03-03,Net Banking,West
O3824,C325,2023-10-12,UPI,South
O3825,C412,2023-07-08,Credit Card,West
O3826,C347,2024-02-26,Cash,West
O3827,C296,2024-12-08,Debit Card,East
O3828,C265,2023-09-18,Cash,South
O3829,C038,2023-05-24,Cash,South
O3830,C116,2023-02-18,Credit Card,North
O3831,C295,2023-07-07,Credit Card,South
O3832,C209,2023-05-17,Debit Card,West
O3833,C471,2024-11-26,Cash,South
O3834,C082,2023-10-28,Debit Card,West
O3835,C087,2023-10-09,Net Banking,North
O3836,C235,2024-08-22,Credit Card,South
O3837,C184,2024-11-09,Net Banking,South
O3838,C126,2023-02-27,UPI,South
O3839,C031,2023-06-18,Cash,South
O3840,C073,2023-06-25,Debit Card,North
O3841,C388,2024-07-09,Credit Card,South
O3842,C321,2024-02-18,Cash,South
O3843,C455,2024-03-03,Cash,North
O3844,C488,2023-11-28,UPI,North
O3845,C114,2024-06-07,Debit Card,West
O3846,C297,2024-05-27,UPI,West
O3847,C253,2023-05-28,Debit Card,East
O3848,C371,2024-05-01,UPI,South
O3849,C154,2024-10-11,Cash,South
O3850,C322,2023-04-09,Net Banking,South
O3851,C374,2024-01-03,Cash,West
O3852,C406,2024-11-07,Debit Card,South
O3853,C288,2023-05-18,Cash,North
O3854,C227,2023-12-26,UPI,North
O3855,C033,2024-03-09,Debit Card,West
O3856,C269,2023-04-09,Credit Card,North
O3857,C411,2024-08-04,Cash,West
O3858,C353,2023-07-02,Cash,South
O3859,C302,2024-06-17,Debit Card,North
O3860,C208,2024-08-25,Credit Card,North
O3861,C241,2023-10-01,UPI,South
O3862,C380,2024-04-23,Net Banking,West
O3863,C321,2024-06-02,UPI,South
O3864,C391,2024-02-20,Credit Card,West
O3865,C049,2024-12-16,Debit Card,South
O3866,C154,2023-03-17,Cash,South
O3867,C255,2023-03-25,UPI,West
O3868,C468,2024-10-26,Debit Card,North
O3869,C142,2024-09-26,Debit Card,West
O3870,C071,2024-12-04,Cash,South
O3871,C324,2024-07-19,Debit Card,South
O3872,C045,2023-12-18,Credit Card,North
O3873,C213,2024-11-22,Debit Card,North
O3874,C163,2023-05-03,Debit Card,North
O3875,C480,2023-02-20,Net Banking,North
O3876,C048,2024-06-28,Net Banking,West
O3877,C493,2023-06-10,Credit Card,West
O3878,C430,2024-12-08,Net Banking,North
O3879,C146,2023-08-22,Debit Card,North
O3880,C214,2023-09-14,Cash,East
O3881,C070,2024-11-22,Debit Card,North
O3882,C376,2023-12-24,Credit Card,North
O3883,C253,2024-03-09,Net Banking,East
O3884,C021,2024-10-11,Cash,West
O3885,C064,2024-01-09,Net Banking,North
O3886,C171,2023-06-07,UPI,East
O3887,C108,2024-01-27,Debit Card,West
O3888,C055,2023-11-20,Cash,South
O3889,C412,2024-07-21,Net Banking,West
O3890,C143,2024-06-26,UPI,South
O3891,C030,2023-07-26,Cash,South
O3892,C105,2024-12-23,UPI,North
O3893,C291,2024-04-25,Credit Card,South
O3894,C166,2024-02-20,Net Banking,North
O3895,C418,2024-12-02,Credit Card,West
O3896,C259,2024-07-20,Cash,West
O3897,C349,2024-07-23,UPI,North
O3898,C002,2024-08-08,UPI,West
O3899,C474,2024-06-07,Net Banking,North
O3900,C148,2024-02-03,Cash,West
O3901,C093,2023-10-06,Debit Card,West
O3902,C433,2023-07-26,Net Banking,East
O3903,C077,2023-03-06,Credit Card,West
O3904,C417,2024-01-22,Credit Card,West
O3905,C409,2023-06-03,Credit Card,East
O3906,C266,2023-03-01,UPI,North
O3907,C055,2024-11-13,Debit Card,South
O3908,C167,2024-12-19,Credit Card,North
O3909,C419,2023-05-17,Cash,North
O3910,C164,2024-05-03,Credit Card,South
O3911,C372,2024-03-09,Credit Card,North
O3912,C185,2024-10-18,Debit Card,South
O3913,C436,2024-06-12,Net Banking,North
O3914,C498,2023-12-09,Net Banking,North
O3915,C417,2024-11-23,Credit Card,West
O3916,C051,2024-09-09,Debit Card,East
O3917,C227,2023-06-19,UPI,North
O3918,C220,2024-05-08,Net Banking,North
O3919,C489,2024-01-02,Credit Card,West
O3920,C272,2023-09-01,UPI,South
O3921,C279,2024-06-14,Net Banking,East
O3922,C404,2024-01-19,Debit Card,South
O3923,C094,2023-06-25,Net Banking,North
O3924,C469,2023-01-17,Credit Card,South
O3925,C155,2023-12-22,Credit Card,South
O3926,C347,2023-09-26,Net Banking,West
O3927,C128,2024-11-27,Credit Card,West
O3928,C267,2023-01-12,Credit Card,South
O3929,C101,2023-06-17,Net Banking,North
O3930,C279,2023-01-14,Credit Card,East
O3931,C437,2023-01-21,Cash,North
O3932,C317,2023-02-08,Credit Card,West
O3933,C422,2023-07-21,Credit Card,West
O3934,C281,2023-03-04,Cash,South
O3935,C401,2023-12-24,Net Banking,West
O3936,C075,2024-11-19,Credit Card,North
O3937,C461,2024-06-15,Debit Card,North
O3938,C213,2023-01-18,Net Banking,North
O3939,C391,2024-02-28,Cash,West
O3940,C219,2024-07-08,Debit Card,North
O3941,C477,2023-11-05,Credit Card,West
O3942,C439,2024-06-06,Cash,North
O3943,C315,2023-03-14,Credit Card,North
O3944,C044,2024-09-08,UPI,East
O3945,C002,2023-03-10,UPI,West
O3946,C087,2023-12-20,Credit Card,North
O3947,C070,2023-07-19,Cash,North
O3948,C199,2024-03-03,Cash,South
O3949,C091,2023-09-13,UPI,West
O3950,C285,2024-11-09,UPI,South
O3951,C098,2023-04-18,UPI,North
O3952,C007,2023-10-17,Debit Card,North
O3953,C492,2023-05-28,Credit Card,West
O3954,C330,2024-01-25,Credit Card,South
O3955,C069,2023-11-22,UPI,North
O3956,C201,2023-12-03,Credit Card,South
O3957,C296,2024-06-27,Net Banking,East
O3958,C261,2024-11-10,Net Banking,West
O3959,C189,2023-05-12,Credit Card,North
O3960,C181,2023-04-14,Credit Card,West
O3961,C027,2023-04-19,UPI,West
O3962,C073,2024-09-07,Debit Card,North
O3963,C472,2023-02-20,Net Banking,West
O3964,C482,2024-04-27,Credit Card,West
O3965,C188,2023-12-09,Credit Card,North
O3966,C086,2023-02-10,UPI,South
O3967,C256,2023-05-08,Net Banking,West
O3968,C435,2023-08-10,Credit Card,West
O3969,C264,2023-02-18,Net Banking,South
O3970,C400,2024-01-07,Debit Card,East
O3971,C082,2023-04-01,Net Banking,West
O3972,C208,2024-08-23,UPI,North
O3973,C121,2024-05-06,UPI,South
O3974,C484,2023-10-04,Cash,East
O3975,C418,2024-05-16,UPI,West
O3976,C473,2024-01-10,Cash,North
O3977,C362,2023-09-05,Credit Card,North
O3978,C416,2023-10-18,Debit Card,North
O3979,C175,2024-02-08,Net Banking,North
O3980,C434,2024-04-26,Credit Card,South
O3981,C111,2023-01-16,Net Banking,West
O3982,C429,2023-02-19,Cash,East
O3983,C045,2023-04-16,UPI,North
O3984,C032,2023-11-21,Debit Card,North
O3985,C229,2024-08-15,Credit Card,North
O3986,C277,2023-12-17,Credit Card,South
O3987,C467,2024-02-14,Debit Card,North
O3988,C222,2023-06-03,Credit Card,North
O3989,C268,2024-04-15,Cash,West
O3990,C061,2023-06-27,UPI,North
O3991,C202,2024-12-20,Cash,West
O3992,C207,2024-03-10,Net Banking,South
O3993,C071,2023-05-01,Debit Card,South
O3994,C221,2024-07-04,Credit Card,West
O3995,C088,2024-01-06,Debit Card,North
O3996,C082,2024-05-18,UPI,West
O3997,C057,2024-10-26,Cash,East
O3998,C323,2024-04-02,Net Banking,South
O3999,C143,2024-02-21,Debit Card,South
O4000,C409,2023-07-05,Net Banking,East
O4001,C443,2024-05-14,Cash,North
O4002,C035,2023-06-18,Cash,West
O4003,C123,2023-08-14,UPI,West
O4004,C161,2024-04-12,Net Banking,East
O4005,C372,2023-12-17,UPI,North
O4006,C464,2024-02-15,Credit Card,North
O4007,C084,2023-12-22,Debit Card,East
O4008,C398,2024-04-22,Credit Card,South
O4009,C018,2024-07-08,Credit Card,East
O4010,C449,2023-05-14,Cash,South
O4011,C001,2024-11-28,Credit Card,West
O4012,C165,2024-02-16,Credit Card,East
O4013,C316,2023-05-23,Net Banking,North
O4014,C057,2023-04-18,Debit Card,East
O4015,C364,2024-10-06,UPI,West
O4016,C403,2023-01-09,Cash,West
O4017,C064,2024-05-15,Debit Card,North
O4018,C034,2023-04-10,UPI,South
O4019,C102,2024-05-08,Credit Card,North
O4020,C192,2024-03-27,Net Banking,North
O4021,C008,2024-08-20,Cash,West
O4022,C241,2023-09-20,Credit Card,South
O4023,C276,2023-03-04,Cash,South
O4024,C258,2023-01-15,Net Banking,South
O4025,C161,2023-10-14,UPI,East
O4026,C171,2024-07-02,Net Banking,East
O4027,C446,2024-12-04,Net Banking,North
O4028,C311,2024-11-27,Debit Card,East
O4029,C492,2023-09-26,UPI,West
O4030,C376,2023-05-22,Credit Card,North
O4031,C331,2024-03-21,Debit Card,South
O4032,C381,2023-04-16,Net Banking,South
O4033,C065,2023-11-21,UPI,West
O4034,C405,2024-07-22,UPI,North
O4035,C416,2024-07-19,Debit Card,North
O4036,C255,2023-04-25,Credit Card,West
O4037,C251,2024-05-01,Cash,North
O4038,C268,2024-05-13,Credit Card,West
O4039,C053,2024-03-16,Net Banking,South
O4040,C142,2023-08-03,Credit Card,West
O4041,C022,2023-08-23,Net Banking,South
O4042,C226,2023-12-02,UPI,East
O4043,C247,2024-05-21,UPI,West
O4044,C495,2023-06-09,Net Banking,South
O4045,C175,2024-07-05,Cash,North
O4046,C328,2024-05-23,Cash,West
O4047,C007,2023-03-11,Credit Card,North
O4048,C031,2023-10-08,Debit Card,South
O4049,C327,2024-05-28,Debit Card,West
O4050,C340,2023-11-23,Net Banking,West
O4051,C031,2024-01-07,Debit Card,South
O4052,C391,2023-02-27,Credit Card,West
O4053,C379,2023-08-04,Credit Card,West
O4054,C446,2024-08-07,Cash,North
O4055,C351,2023-10-24,Net Banking,West
O4056,C072,2024-04-23,Net Banking,East
O4057,C422,2023-01-17,Credit Card,West
O4058,C432,2023-01-08,Net Banking,West
O4059,C212,2024-04-13,Cash,North
O4060,C212,2023-08-22,Net Banking,North
O4061,C480,2023-01-04,Debit Card,North
O4062,C430,2024-03-26,Cash,North
O4063,C426,2024-12-26,Cash,East
O4064,C043,2023-11-02,Credit Card,West
O4065,C104,2023-10-20,Debit Card,North
O4066,C178,2023-04-19,UPI,South
O4067,C343,2024-11-14,Cash,South
O4068,C066,2024-04-07,Debit Card,West
O4069,C082,2023-01-15,Debit Card,West
O4070,C465,2023-09-13,Cash,West
O4071,C244,2024-11-19,Debit Card,West
O4072,C441,2024-12-22,Credit Card,South
O4073,C124,2024-07-20,Cash,West
O4074,C254,2023-02-18,Cash,South
O4075,C228,2023-12-25,UPI,North
O4076,C342,2023-12-04,Credit Card,South
O4077,C249,2023-06-23,Credit Card,West
O4078,C482,2023-10-09,Debit Card,West
O4079,C278,2023-10-25,UPI,South
O4080,C123,2024-10-03,UPI,West
O4081,C469,2024-10-28,Net Banking,South
O4082,C057,2024-03-16,Net Banking,East
O4083,C382,2023-08-28,Debit Card,South
O4084,C200,2024-04-25,Credit Card,South
O4085,C245,2023-06-11,Credit Card,North
O4086,C063,2024-04-09,UPI,North
O4087,C292,2024-11-12,Debit Card,North
O4088,C458,2023-05-27,Net Banking,South
O4089,C250,2023-11-07,Debit Card,South
O4090,C135,2023-06-02,Net Banking,North
O4091,C250,2024-12-20,Net Banking,South
O4092,C315,2024-11-19,UPI,North
O4093,C200,2023-03-04,Cash,South
O4094,C259,2023-01-17,Cash,West
O4095,C004,2023-10-22,Cash,West
O4096,C071,2023-01-19,Net Banking,South
O4097,C360,2023-09-09,UPI,South
O4098,C196,2024-01-04,Debit Card,East
O4099,C124,2024-08-16,Credit Card,West
O4100,C174,2023-10-11,UPI,North
O4101,C113,2023-02-04,Cash,West
O4102,C338,2023-03-16,Cash,South
O4103,C497,2024-02-18,UPI,North
O4104,C077,2023-08-26,Credit Card,West
O4105,C158,2024-12-07,Credit Card,West
O4106,C309,2023-12-05,Debit Card,West
O4107,C452,2023-08-09,UPI,West
O4108,C189,2023-06-10,Debit Card,North
O4109,C032,2023-04-13,Credit Card,North
O4110,C261,2023-02-03,UPI,West
O4111,C267,2023-09-12,Debit Card,South
O4112,C218,2023-02-25,Net Banking,North
O4113,C242,2023-04-11,Debit Card,West
O4114,C045,2023-04-05,Credit Card,North
O4115,C162,2023-03-16,Credit Card,East
O4116,C053,2023-09-24,Credit Card,South
O4117,C214,2023-03-23,Net Banking,East
O4118,C255,2023-03-27,Credit Card,West
O4119,C337,2023-04-15,Debit Card,South
O4120,C143,2024-07-14,Cash,South
O4121,C370,2024-04-06,Debit Card,West
O4122,C131,2023-11-12,Debit Card,West
O4123,C252,2023-04-22,Debit Card,South
O4124,C465,2023-09-10,Net Banking,West
O4125,C314,2023-01-06,UPI,North
O4126,C292,2023-09-09,Cash,North
O4127,C267,2024-05-25,UPI,South
O4128,C102,2023-07-06,Cash,North
O4129,C434,2024-10-27,Credit Card,South
O4130,C484,2024-01-14,UPI,East
O4131,C102,2023-04-23,Net Banking,North
O4132,C158,2023-08-25,Debit Card,West
O4133,C249,2023-08-04,UPI,West
O4134,C284,2024-11-25,Debit Card,West
O4135,C221,2024-03-05,Cash,West
O4136,C436,2024-03-26,Cash,North
O4137,C147,2023-09-28,Net Banking,North
O4138,C236,2024-01-17,Net Banking,West
O4139,C251,2023-09-19,UPI,North
O4140,C339,2024-04-17,Net Banking,North
O4141,C025,2024-01-25,Credit Card,West
O4142,C025,2024-10-02,Debit Card,West
O4143,C434,2024-03-18,Cash,South
O4144,C154,2023-10-17,Cash,South
O4145,C325,2023-04-17,Debit Card,South
O4146,C008,2023-01-16,Net Banking,West
O4147,C460,2024-07-21,Cash,North
O4148,C357,2024-08-23,Credit Card,East
O4149,C065,2023-01-27,UPI,West
O4150,C010,2023-04-23,Net Banking,South
O4151,C135,2023-09-02,Cash,North
O4152,C342,2024-10-25,Debit Card,South
O4153,C251,2024-08-11,Credit Card,North
O4154,C431,2023-02-19,Net Banking,South
O4155,C053,2023-10-07,UPI,South
O4156,C245,2023-09-24,Credit Card,North
O4157,C038,2023-02-21,Cash,South
O4158,C115,2024-08-28,Cash,North
O4159,C059,2023-05-19,Debit Card,West
O4160,C445,2024-03-04,Credit Card,South
O4161,C179,2023-12-06,Net Banking,South
O4162,C413,2023-09-22,UPI,West
O4163,C157,2024-01-21,Cash,West
O4164,C141,2023-05-11,Cash,South
O4165,C159,2024-06-06,Net Banking,South
O4166,C387,2024-03-17,Debit Card,North
O4167,C045,2023-11-08,Cash,North
O4168,C458,2023-08-10,Cash,South
O4169,C119,2023-08-26,UPI,South
O4170,C339,2023-09-01,Cash,North
O4171,C212,2024-09-27,Debit Card,North
O4172,C142,2023-04-04,UPI,West
O4173,C023,2023-05-21,Net Banking,West
O4174,C020,2023-06-05,Credit Card,West
O4175,C289,2023-03-26,Net Banking,West
O4176,C499,2023-01-06,Debit Card,North
O4177,C426,2023-10-10,Cash,East
O4178,C117,2023-09-15,Cash,South
O4179,C418,2024-08-11,Net Banking,West
O4180,C034,2023-10-09,Net Banking,South
O4181,C437,2024-01-03,UPI,North
O4182,C085,2023-02-13,UPI,South
O4183,C047,2023-02-20,Cash,South
O4184,C306,2024-03-03,Net Banking,East
O4185,C156,2024-12-22,UPI,North
O4186,C427,2024-05-03,Cash,East
O4187,C373,2024-11-07,Net Banking,South
O4188,C114,2024-10-27,UPI,West
O4189,C353,2023-04-11,Cash,South
O4190,C191,2023-11-06,Credit Card,West
O4191,C440,2024-11-14,Debit Card,West
O4192,C246,2024-11-26,UPI,East
O4193,C189,2024-01-18,Cash,North
O4194,C278,2023-10-07,Debit Card,South
O4195,C425,2024-12-20,Credit Card,North
O4196,C128,2023-08-05,Debit Card,West
O4197,C361,2024-02-28,Credit Card,North
O4198,C304,2024-01-25,Credit Card,North
O4199,C084,2023-06-06,Net Banking,East
O4200,C320,2023-08-12,Net Banking,East
O4201,C132,2024-05-26,Credit Card,North
O4202,C358,2024-12-23,Credit Card,West
O4203,C366,2023-03-05,Debit Card,South
O4204,C092,2024-08-04,Cash,West
O4205,C095,2023-07-03,Debit Card,North
O4206,C410,2023-05-02,Net Banking,West
O4207,C279,2023-03-21,UPI,East
O4208,C410,2023-05-12,Credit Card,West
O4209,C296,2023-05-10,Net Banking,East
O4210,C052,2023-02-11,Debit Card,South
O4211,C176,2023-08-25,Debit Card,South
O4212,C298,2023-09-26,Credit Card,North
O4213,C315,2024-02-23,Net Banking,North
O4214,C126,2024-11-21,Debit Card,South
O4215,C018,2023-09-03,Credit Card,East
O4216,C465,2023-06-22,Cash,West
O4217,C279,2024-06-16,Cash,East
O4218,C123,2023-05-28,UPI,West
O4219,C112,2023-09-21,Credit Card,South
O4220,C325,2023-04-22,Net Banking,South
O4221,C032,2023-05-23,UPI,North
O4222,C353,2023-03-19,UPI,South
O4223,C318,2024-11-15,UPI,North
O4224,C480,2023-02-09,Credit Card,North
O4225,C361,2024-06-18,UPI,North
O4226,C400,2024-01-22,Net Banking,East
O4227,C284,2023-11-26,Debit Card,West
O4228,C387,2023-12-22,Credit Card,North
O4229,C378,2023-09-12,UPI,East
O4230,C204,2024-08-18,Cash,East
O4231,C373,2024-10-05,Credit Card,South
O4232,C089,2023-01-04,Net Banking,North
O4233,C287,2024-03-20,Net Banking,West
O4234,C037,2024-04-12,Net Banking,South
O4235,C063,2024-10-14,UPI,North
O4236,C256,2024-10-06,UPI,West
O4237,C364,2024-08-24,UPI,West
O4238,C272,2024-08-18,UPI,South
O4239,C209,2024-05-13,Debit Card,West
O4240,C038,2024-12-20,Debit Card,South
O4241,C343,2023-04-28,Net Banking,South
O4242,C190,2023-11-20,Net Banking,North
O4243,C138,2024-09-25,UPI,South
O4244,C431,2023-11-01,Credit Card,South
O4245,C036,2023-10-18,Cash,West
O4246,C398,2024-08-03,Net Banking,South
O4247,C131,2023-03-15,UPI,West
O4248,C444,2024-02-17,Cash,West
O4249,C278,2023-10-09,UPI,South
O4250,C484,2024-03-10,Debit Card,East
O4251,C071,2024-11-23,UPI,South
O4252,C454,2023-03-24,Debit Card,West
O4253,C314,2023-08-03,Cash,North
O4254,C414,2024-03-15,UPI,North
O4255,C059,2023-11-10,Debit Card,West
O4256,C290,2023-12-04,Cash,South
O4257,C038,2024-09-01,Debit Card,South
O4258,C221,2024-01-16,Credit Card,West
O4259,C031,2023-11-26,UPI,South
O4260,C366,2023-11-18,UPI,South
O4261,C117,2023-10-10,Cash,South
O4262,C083,2024-11-08,UPI,South
O4263,C444,2023-02-06,Credit Card,West
O4264,C296,2023-06-08,Credit Card,East
O4265,C106,2023-03-15,Debit Card,South
O4266,C106,2023-12-04,Debit Card,South
O4267,C309,2023-12-27,Cash,West
O4268,C132,2024-06-22,Net Banking,North
O4269,C383,2024-06-16,UPI,West
O4270,C403,2023-09-16,Net Banking,West
O4271,C411,2024-02-01,Net Banking,West
O4272,C407,2023-01-07,UPI,South
O4273,C408,2023-10-15,Net Banking,West
O4274,C304,2024-06-12,Debit Card,North
O4275,C454,2024-05-06,Net Banking,West
O4276,C003,2023-10-19,Credit Card,West
O4277,C155,2023-03-05,Debit Card,South
O4278,C236,2023-05-15,Net Banking,West
O4279,C152,2023-03-03,UPI,North
O4280,C049,2023-05-17,UPI,South
O4281,C489,2024-07-23,Net Banking,West
O4282,C171,2023-12-20,Cash,East
O4283,C263,2024-06-11,Net Banking,West
O4284,C404,2024-01-20,Cash,South
O4285,C109,2023-01-11,Credit Card,South
O4286,C243,2024-11-15,Cash,West
O4287,C224,2024-07-19,Credit Card,West
O4288,C451,2023-01-28,UPI,South
O4289,C149,2023-06-10,UPI,West
O4290,C023,2024-01-14,Cash,West
O4291,C418,2023-01-05,Debit Card,West
O4292,C431,2024-09-10,Debit Card,South
O4293,C367,2023-08-17,Net Banking,North
O4294,C229,2023-08-13,Cash,North
O4295,C226,2023-04-05,Net Banking,East
O4296,C125,2024-04-23,Cash,West
O4297,C145,2024-10-07,Credit Card,South
O4298,C434,2024-12-28,UPI,South
O4299,C071,2024-11-15,Debit Card,South
O4300,C446,2023-06-02,Cash,North
O4301,C016,2024-08-08,Debit Card,North
O4302,C435,2024-12-08,Credit Card,West
O4303,C454,2023-09-13,Net Banking,West
O4304,C232,2024-06-05,Net Banking,South
O4305,C163,2023-12-17,Debit Card,North
O4306,C037,2023-08-21,UPI,South
O4307,C381,2024-09-04,Cash,South
O4308,C088,2023-08-16,Net Banking,North
O4309,C274,2024-08-06,Credit Card,North
O4310,C302,2023-05-18,Credit Card,North
O4311,C371,2024-07-24,Cash,South
O4312,C248,2024-10-28,Credit Card,West
O4313,C154,2024-04-05,UPI,South
O4314,C464,2023-01-09,Credit Card,North
O4315,C051,2024-10-11,Cash,East
O4316,C271,2023-01-28,Net Banking,North
O4317,C024,2023-09-09,UPI,South
O4318,C023,2023-06-05,Debit Card,West
O4319,C099,2023-06-11,Net Banking,West
O4320,C072,2024-01-07,Net Banking,East
O4321,C300,2024-04-11,Cash,South
O4322,C331,2024-11-19,Net Banking,South
O4323,C279,2024-08-05,Credit Card,East
O4324,C493,2024-05-23,Credit Card,West
O4325,C188,2024-07-13,Debit Card,North
O4326,C462,2024-07-03,UPI,West
O4327,C302,2024-12-26,Cash,North
O4328,C384,2023-09-15,Net Banking,North
O4329,C254,2023-01-03,Cash,South
O4330,C276,2023-07-18,UPI,South
O4331,C108,2024-03-18,Credit Card,West
O4332,C092,2023-09-07,Net Banking,West
O4333,C377,2024-08-13,Debit Card,North
O4334,C347,2024-08-03,Cash,West
O4335,C426,2023-02-04,Credit Card,East
O4336,C206,2024-07-16,UPI,West
O4337,C405,2024-12-15,Net Banking,North
O4338,C091,2023-05-28,Cash,West
O4339,C256,2023-04-15,Credit Card,West
O4340,C043,2023-09-06,Net Banking,West
O4341,C268,2024-09-27,Net Banking,West
O4342,C350,2023-04-18,Net Banking,South
O4343,C094,2024-12-04,Debit Card,North
O4344,C006,2023-04-24,Net Banking,South
O4345,C198,2024-02-02,Debit Card,West
O4346,C353,2024-03-05,Debit Card,South
O4347,C186,2024-03-09,Debit Card,South
O4348,C227,2023-07-08,Debit Card,North
O4349,C438,2024-02-22,Debit Card,East
O4350,C365,2024-10-11,UPI,West
O4351,C352,2023-12-03,UPI,West
O4352,C188,2024-05-23,UPI,North
O4353,C498,2024-12-19,Debit Card,North
O4354,C256,2024-11-01,Cash,West
O4355,C380,2023-12-25,Cash,West
O4356,C469,2023-07-21,UPI,South
O4357,C030,2023-10-03,Debit Card,South
O4358,C106,2024-03-21,UPI,South
O4359,C085,2024-01-04,Credit Card,South
O4360,C239,2023-01-11,Cash,South
O4361,C012,2023-12-21,Net Banking,West
O4362,C169,2023-11-22,Cash,North
O4363,C291,2024-06-21,Net Banking,South
O4364,C355,2023-12-02,Credit Card,West
O4365,C284,2023-10-23,Net Banking,West
O4366,C165,2023-12-28,Credit Card,East
O4367,C472,2023-05-25,Cash,West
O4368,C431,2023-10-14,UPI,South
O4369,C461,2024-06-06,Debit Card,North
O4370,C298,2023-07-19,Net Banking,North
O4371,C488,2023-05-23,Debit Card,North
O4372,C062,2024-12-25,Net Banking,South
O4373,C368,2024-08-02,UPI,North
O4374,C141,2024-05-22,Credit Card,South
O4375,C267,2024-11-06,UPI,South
O4376,C279,2023-04-08,Cash,East
O4377,C126,2023-11-23,Debit Card,South
O4378,C191,2023-05-01,UPI,West
O4379,C258,2024-09-26,UPI,South
O4380,C396,2023-10-23,Net Banking,North
O4381,C193,2023-09-16,Net Banking,North
O4382,C134,2024-11-02,UPI,East
O4383,C248,2024-11-07,Credit Card,West
O4384,C166,2023-07-09,Net Banking,North
O4385,C473,2024-02-25,Net Banking,North
O4386,C105,2024-02-04,Net Banking,North
O4387,C205,2023-08-12,Debit Card,South
O4388,C461,2024-06-11,Debit Card,North
O4389,C251,2024-07-18,Net Banking,North
O4390,C161,2023-01-18,Net Banking,East
O4391,C149,2024-03-11,Net Banking,West
O4392,C057,2024-09-24,Credit Card,East
O4393,C063,2023-09-04,Net Banking,North
O4394,C232,2024-01-04,Cash,South
O4395,C206,2023-12-03,Cash,West
O4396,C299,2023-03-16,Credit Card,West
O4397,C201,2024-12-09,Net Banking,South
O4398,C357,2023-10-16,UPI,East
O4399,C467,2023-08-06,Net Banking,North
O4400,C064,2024-06-11,Cash,North
O4401,C241,2023-09-17,Net Banking,South
O4402,C363,2023-12-16,Credit Card,East
O4403,C313,2024-12-01,Debit Card,South
O4404,C229,2023-03-09,Credit Card,North
O4405,C394,2024-06-06,Credit Card,North
O4406,C258,2024-09-11,Credit Card,South
O4407,C472,2023-09-28,UPI,West
O4408,C408,2023-02-01,Credit Card,West
O4409,C310,2023-02-08,Net Banking,South
O4410,C213,2023-01-10,Debit Card,North
O4411,C073,2023-08-26,Cash,North
O4412,C389,2023-10-28,Credit Card,South
O4413,C467,2023-05-05,Debit Card,North
O4414,C205,2024-09-25,Credit Card,South
O4415,C477,2023-07-26,Credit Card,West
O4416,C006,2023-07-01,Credit Card,South
O4417,C388,2023-10-24,UPI,South
O4418,C167,2024-12-20,Cash,North
O4419,C290,2024-05-23,Debit Card,South
O4420,C350,2023-06-18,Cash,South
O4421,C018,2024-08-24,Cash,East
O4422,C319,2024-04-24,Credit Card,South
O4423,C155,2023-09-13,Debit Card,South
O4424,C052,2024-03-07,Debit Card,South
O4425,C416,2023-01-23,Debit Card,North
O4426,C051,2023-12-27,Credit Card,East
O4427,C091,2024-05-09,Debit Card,West
O4428,C499,2023-12-27,Cash,North
O4429,C491,2023-06-23,Credit Card,South
O4430,C353,2024-01-05,UPI,South
O4431,C006,2024-05-01,Cash,South
O4432,C427,2024-03-02,UPI,East
O4433,C354,2024-05-23,Debit Card,South
O4434,C005,2023-04-28,Cash,West
O4435,C383,2024-12-26,Credit Card,West
O4436,C285,2024-06-06,Credit Card,South
O4437,C384,2023-07-07,Cash,North
O4438,C378,2024-07-05,UPI,East
O4439,C407,2023-07-09,Debit Card,South
O4440,C400,2023-04-07,Cash,East
O4441,C433,2024-02-12,Cash,East
O4442,C227,2024-11-21,Cash,North
O4443,C222,2024-01-21,UPI,North
O4444,C257,2024-09-07,Credit Card,South
O4445,C001,2024-09-05,Cash,West
O4446,C300,2024-09-27,Credit Card,South
O4447,C381,2024-03-05,Debit Card,South
O4448,C026,2023-05-12,Cash,South
O4449,C129,2023-03-03,UPI,North
O4450,C372,2023-04-02,Credit Card,North
O4451,C308,2023-12-01,Credit Card,South
O4452,C397,2024-12-03,UPI,West
O4453,C402,2024-11-26,UPI,North
O4454,C399,2023-04-21,Net Banking,North
O4455,C265,2024-07-11,UPI,South
O4456,C339,2023-01-25,Debit Card,North
O4457,C260,2023-12-14,Credit Card,North
O4458,C481,2024-12-08,Credit Card,South
O4459,C370,2024-10-14,Credit Card,West
O4460,C149,2023-12-23,Net Banking,West
O4461,C354,2023-11-27,UPI,South
O4462,C330,2024-07-11,Credit Card,South
O4463,C333,2023-04-12,UPI,East
O4464,C448,2024-07-13,Debit Card,West
O4465,C463,2023-05-28,Net Banking,West
O4466,C348,2024-04-23,Credit Card,West
O4467,C248,2023-11-26,Credit Card,West
O4468,C092,2024-12-27,UPI,West
O4469,C436,2024-06-21,Net Banking,North
O4470,C316,2024-11-27,Debit Card,North
O4471,C356,2023-08-08,Credit Card,North
O4472,C257,2023-01-05,Debit Card,South
O4473,C173,2023-09-13,Net Banking,East
O4474,C268,2023-07-08,Cash,West
O4475,C054,2023-03-12,Credit Card,North
O4476,C224,2023-06-23,Net Banking,West
O4477,C104,2024-07-15,Net Banking,North
O4478,C344,2023-12-12,Credit Card,North
O4479,C386,2023-05-19,Net Banking,North
O4480,C221,2024-10-09,UPI,West
O4481,C232,2023-04-19,UPI,South
O4482,C448,2023-09-12,Net Banking,West
O4483,C291,2023-04-11,Cash,South
O4484,C014,2023-10-02,UPI,North
O4485,C194,2023-10-27,Debit Card,North
O4486,C341,2023-08-15,UPI,East
O4487,C294,2024-11-04,Debit Card,North
O4488,C328,2024-09-09,Debit Card,West
O4489,C497,2024-10-17,Net Banking,North
O4490,C124,2023-04-15,Net Banking,West
O4491,C236,2024-10-08,Debit Card,West
O4492,C402,2024-03-01,UPI,North
O4493,C180,2023-03-10,Net Banking,North
O4494,C167,2024-12-01,Credit Card,North
O4495,C002,2024-09-15,Net Banking,West
O4496,C012,2023-07-09,Cash,West
O4497,C293,2023-06-20,UPI,North
O4498,C210,2023-04-28,Net Banking,South
O4499,C190,2024-03-05,Cash,North
O4500,C103,2024-10-27,Debit Card,North
O4501,C205,2023-12-11,UPI,South
O4502,C398,2024-09-17,Cash,South
O4503,C011,2023-12-17,Credit Card,North
O4504,C070,2024-08-08,UPI,North
O4505,C466,2023-02-10,UPI,South
O4506,C048,2024-10-15,Cash,West
O4507,C305,2024-05-26,Net Banking,South
O4508,C226,2023-04-28,Net Banking,East
O4509,C434,2024-11-26,Debit Card,South
O4510,C251,2023-06-22,Net Banking,North
O4511,C300,2023-03-19,Credit Card,South
O4512,C454,2023-06-22,Credit Card,West
O4513,C044,2023-10-18,Net Banking,East
O4514,C281,2024-03-18,UPI,South
O4515,C125,2024-04-08,Net Banking,West
O4516,C369,2024-08-03,Cash,East
O4517,C016,2024-04-07,Cash,North
O4518,C040,2024-03-14,Cash,North
O4519,C443,2024-07-01,Debit Card,North
O4520,C015,2023-10-26,Credit Card,North
O4521,C478,2023-06-27,Credit Card,South
O4522,C001,2024-03-24,Net Banking,West
O4523,C105,2023-10-06,Credit Card,North
O4524,C470,2024-12-05,UPI,North
O4525,C358,2024-09-19,Debit Card,West
O4526,C035,2023-01-05,Cash,West
O4527,C283,2024-11-18,Debit Card,South
O4528,C424,2023-09-12,Credit Card,South
O4529,C023,2023-02-19,Cash,West
O4530,C076,2024-05-05,Cash,East
O4531,C307,2023-11-21,Cash,West
O4532,C282,2023-02-28,Credit Card,South
O4533,C161,2024-02-07,Cash,East
O4534,C140,2024-08-25,Credit Card,North
O4535,C401,2023-09-11,UPI,West
O4536,C417,2023-01-16,Credit Card,West
O4537,C069,2023-05-05,Cash,North
O4538,C182,2023-06-28,Cash,North
O4539,C473,2024-04-05,UPI,North
O4540,C007,2023-12-03,Credit Card,North
O4541,C084,2023-10-16,Debit Card,East
O4542,C275,2023-01-22,UPI,North
O4543,C492,2024-09-26,Debit Card,West
O4544,C226,2024-07-17,Net Banking,East
O4545,C262,2023-07-01,Credit Card,West
O4546,C228,2023-02-02,UPI,North
O4547,C051,2023-08-19,Credit Card,East
O4548,C027,2024-08-19,Credit Card,West
O4549,C223,2024-09-21,Credit Card,South
O4550,C181,2024-03-24,UPI,West
O4551,C282,2024-06-11,UPI,South
O4552,C499,2024-12-19,Debit Card,North
O4553,C012,2024-10-10,Cash,West
O4554,C398,2024-05-27,Credit Card,South
O4555,C175,2023-06-27,Cash,North
O4556,C096,2024-01-25,Net Banking,South
O4557,C274,2024-04-02,Net Banking,North
O4558,C377,2023-04-09,UPI,North
O4559,C499,2024-02-16,Cash,North
O4560,C173,2024-01-27,Cash,East
O4561,C427,2024-05-22,UPI,East
O4562,C485,2023-08-28,Debit Card,North
O4563,C422,2024-02-23,Credit Card,West
O4564,C200,2024-04-20,Net Banking,South
O4565,C339,2023-09-02,Credit Card,North
O4566,C462,2024-05-15,Debit Card,West
O4567,C068,2024-04-26,UPI,West
O4568,C092,2023-10-13,Cash,West
O4569,C169,2023-06-16,Cash,North
O4570,C221,2024-05-07,UPI,West
O4571,C163,2024-03-25,Net Banking,North
O4572,C108,2024-02-07,Credit Card,West
O4573,C384,2023-08-28,Net Banking,North
O4574,C188,2024-09-24,Debit Card,North
O4575,C117,2023-01-02,Cash,South
O4576,C263,2023-06-06,Debit Card,West
O4577,C286,2023-06-25,UPI,West
O4578,C031,2023-01-24,Cash,South
O4579,C465,2024-11-06,Debit Card,West
O4580,C058,2023-02-04,Net Banking,South
O4581,C438,2023-12-24,Debit Card,East
O4582,C085,2023-12-02,Credit Card,South
O4583,C294,2023-01-12,Debit Card,North
O4584,C339,2024-08-25,Net Banking,North
O4585,C243,2023-04-07,Credit Card,West
O4586,C415,2024-11-20,Net Banking,South
O4587,C042,2023-07-10,Net Banking,North
O4588,C079,2024-06-20,Credit Card,North
O4589,C316,2023-10-12,Debit Card,North
O4590,C243,2024-03-21,Credit Card,West
O4591,C205,2023-06-27,Cash,South
O4592,C063,2023-06-22,Credit Card,North
O4593,C162,2024-05-27,Credit Card,East
O4594,C026,2024-12-16,Debit Card,South
O4595,C255,2023-06-04,Debit Card,West
O4596,C039,2024-12-03,Debit Card,West
O4597,C181,2023-08-28,Cash,West
O4598,C258,2023-02-28,Cash,South
O4599,C297,2024-02-07,Credit Card,West
O4600,C321,2024-10-15,Cash,South
O4601,C011,2023-02-27,Credit Card,North
O4602,C225,2023-04-16,Credit Card,West
O4603,C399,2024-11-14,UPI,North
O4604,C293,2023-02-17,Debit Card,North
O4605,C250,2023-07-21,Cash,South
O4606,C180,2024-10-15,Net Banking,North
O4607,C183,2024-10-07,Credit Card,North
O4608,C375,2023-07-20,Credit Card,North
O4609,C495,2023-10-12,Credit Card,South
O4610,C311,2023-08-21,UPI,East
O4611,C318,2023-04-02,Net Banking,North
O4612,C227,2023-01-27,Debit Card,North
O4613,C282,2023-12-24,Cash,South
O4614,C285,2023-08-27,Credit Card,South
O4615,C430,2024-08-27,Net Banking,North
O4616,C444,2024-06-02,Debit Card,West
O4617,C293,2024-02-28,Debit Card,North
O4618,C109,2023-12-03,UPI,South
O4619,C042,2024-02-11,Credit Card,North
O4620,C412,2024-03-21,Cash,West
O4621,C023,2024-10-22,Credit Card,West
O4622,C262,2023-12-12,UPI,West
O4623,C148,2024-05-23,Cash,West
O4624,C237,2023-02-02,Debit Card,South
O4625,C047,2024-08-15,Debit Card,South
O4626,C386,2024-05-19,Net Banking,North
O4627,C309,2023-05-28,Net Banking,West
O4628,C091,2023-11-19,UPI,West
O4629,C376,2024-05-16,Cash,North
O4630,C049,2024-09-10,Credit Card,South
O4631,C205,2024-12-11,UPI,South
O4632,C363,2024-01-25,Net Banking,East
O4633,C486,2023-03-16,Cash,South
O4634,C051,2024-01-01,Cash,East
O4635,C004,2023-10-27,Net Banking,West
O4636,C026,2023-01-24,Credit Card,South
O4637,C017,2023-06-16,Net Banking,South
O4638,C109,2023-03-22,Credit Card,South
O4639,C186,2023-08-08,Net Banking,South
O4640,C426,2024-10-07,Net Banking,East
O4641,C102,2023-09-16,Debit Card,North
O4642,C335,2023-05-24,Debit Card,North
O4643,C142,2024-04-13,Credit Card,West
O4644,C224,2024-09-19,UPI,West
O4645,C279,2024-08-12,Cash,East
O4646,C040,2023-06-27,Net Banking,North
O4647,C456,2023-06-05,Cash,South
O4648,C332,2024-11-15,Credit Card,West
O4649,C245,2024-12-15,Debit Card,North
O4650,C238,2023-03-17,UPI,West
O4651,C047,2023-09-03,Net Banking,South
O4652,C088,2024-06-13,Debit Card,North
O4653,C433,2023-12-04,Cash,East
O4654,C126,2024-06-06,UPI,South
O4655,C111,2023-05-16,Cash,West
O4656,C231,2023-07-07,Net Banking,North
O4657,C454,2024-06-18,UPI,West
O4658,C324,2024-01-04,Cash,South
O4659,C421,2023-03-19,UPI,South
O4660,C034,2024-11-10,UPI,South
O4661,C473,2024-05-10,Credit Card,North
O4662,C085,2023-09-15,Debit Card,South
O4663,C151,2024-08-01,UPI,North
O4664,C109,2023-01-11,Cash,South
O4665,C273,2024-07-14,Debit Card,South
O4666,C287,2023-05-24,Credit Card,West
O4667,C473,2023-04-16,Credit Card,North
O4668,C253,2023-03-04,Net Banking,East
O4669,C073,2024-01-07,Debit Card,North
O4670,C463,2023-08-21,Cash,West
O4671,C321,2024-04-13,Credit Card,South
O4672,C324,2023-09-13,Credit Card,South
O4673,C424,2024-02-13,Debit Card,South
O4674,C209,2023-09-01,UPI,West
O4675,C164,2024-09-09,Credit Card,South
O4676,C472,2024-04-15,Net Banking,West
O4677,C365,2024-03-27,Credit Card,West
O4678,C414,2024-01-05,Cash,North
O4679,C355,2024-11-28,Net Banking,West
O4680,C385,2023-04-17,Cash,West
O4681,C500,2023-08-02,Debit Card,South
O4682,C368,2023-10-03,Cash,North
O4683,C155,2024-12-06,Credit Card,South
O4684,C347,2024-07-24,Debit Card,West
O4685,C339,2024-05-01,Cash,North
O4686,C027,2023-10-15,UPI,West
O4687,C415,2023-03-24,Net Banking,South
O4688,C383,2024-06-25,Credit Card,West
O4689,C355,2024-06-25,UPI,West
O4690,C334,2024-01-16,UPI,North
O4691,C370,2024-07-15,UPI,West
O4692,C051,2023-11-22,Credit Card,East
O4693,C073,2023-09-13,Debit Card,North
O4694,C469,2023-01-24,Cash,South
O4695,C365,2024-01-23,Credit Card,West
O4696,C245,2023-06-04,Cash,North
O4697,C458,2023-07-23,UPI,South
O4698,C171,2023-11-16,UPI,East
O4699,C135,2023-01-12,Cash,North
O4700,C360,2023-05-18,Credit Card,South
O4701,C432,2024-08-26,Cash,West
O4702,C431,2023-07-26,Net Banking,South
O4703,C303,2024-06-11,Cash,North
O4704,C110,2023-04-14,UPI,South
O4705,C472,2024-12-01,UPI,West
O4706,C254,2024-06-05,Net Banking,South
O4707,C418,2023-02-02,Cash,West
O4708,C430,2023-04-21,Net Banking,North
O4709,C416,2023-02-12,Credit Card,North
O4710,C154,2024-11-05,UPI,South
O4711,C199,2023-01-22,UPI,South
O4712,C466,2023-07-19,Debit Card,South
O4713,C356,2024-09-06,Credit Card,North
O4714,C430,2024-07-03,UPI,North
O4715,C344,2024-01-15,UPI,North
O4716,C327,2023-01-26,Net Banking,West
O4717,C475,2023-01-25,UPI,North
O4718,C002,2023-11-05,Credit Card,West
O4719,C024,2024-10-04,UPI,South
O4720,C030,2023-05-06,UPI,South
O4721,C358,2023-09-27,Credit Card,West
O4722,C114,2024-02-16,Net Banking,West
O4723,C071,2023-12-06,Cash,South
O4724,C230,2023-06-16,Cash,West
O4725,C188,2024-06-10,Net Banking,North
O4726,C255,2023-06-06,UPI,West
O4727,C040,2024-10-13,Cash,North
O4728,C365,2024-03-14,Net Banking,West
O4729,C030,2023-07-18,Cash,South
O4730,C269,2024-01-25,UPI,North
O4731,C230,2023-06-14,Debit Card,West
O4732,C230,2024-01-17,Cash,West
O4733,C386,2023-08-05,Debit Card,North
O4734,C303,2023-11-08,Cash,North
O4735,C069,2024-01-21,Debit Card,North
O4736,C203,2024-07-26,Debit Card,South
O4737,C212,2023-02-27,Cash,North
O4738,C499,2024-03-10,Debit Card,North
O4739,C458,2024-04-17,Credit Card,South
O4740,C402,2024-12-15,Debit Card,North
O4741,C095,2023-09-28,Debit Card,North
O4742,C317,2024-07-19,Cash,West
O4743,C190,2024-05-21,Cash,North
O4744,C189,2023-02-22,UPI,North
O4745,C113,2023-02-25,UPI,West
O4746,C271,2023-04-12,Credit Card,North
O4747,C077,2024-03-07,Debit Card,West
O4748,C058,2023-12-01,Credit Card,South
O4749,C084,2024-09-10,UPI,East
O4750,C408,2023-11-14,UPI,West
O4751,C289,2023-03-19,Cash,West
O4752,C406,2024-03-16,Debit Card,South
O4753,C068,2023-01-05,Net Banking,West
O4754,C253,2023-08-25,Cash,East
O4755,C154,2024-04-16,Cash,South
O4756,C003,2024-07-09,UPI,West
O4757,C437,2024-06-20,Net Banking,North
O4758,C433,2023-11-09,Net Banking,East
O4759,C421,2023-01-15,Cash,South
O4760,C113,2023-09-24,Cash,West
O4761,C416,2023-06-04,Credit Card,North
O4762,C199,2024-03-11,Net Banking,South
O4763,C070,2024-08-22,Credit Card,North
O4764,C274,2024-11-04,Cash,North
O4765,C416,2024-05-13,Net Banking,North
O4766,C309,2023-04-08,Credit Card,West
O4767,C330,2023-06-27,UPI,South
O4768,C125,2023-04-20,Debit Card,West
O4769,C432,2023-05-27,Cash,West
O4770,C273,2024-08-18,Debit Card,South
O4771,C321,2024-05-28,UPI,South
O4772,C090,2023-08-26,Credit Card,South
O4773,C442,2023-02-24,Credit Card,West
O4774,C463,2024-07-26,Debit Card,West
O4775,C171,2024-10-10,UPI,East
O4776,C344,2024-10-16,UPI,North
O4777,C222,2023-02-20,UPI,North
O4778,C279,2023-11-07,Cash,East
O4779,C438,2023-04-27,Credit Card,East
O4780,C271,2023-04-15,Cash,North
O4781,C378,2023-07-27,Credit Card,East
O4782,C384,2023-06-07,UPI,North
O4783,C405,2024-10-15,Credit Card,North
O4784,C070,2024-10-24,UPI,North
O4785,C124,2024-07-16,Credit Card,West
O4786,C478,2023-08-17,Debit Card,South
O4787,C317,2023-01-07,Net Banking,West
O4788,C046,2024-12-08,UPI,North
O4789,C442,2023-11-22,Cash,West
O4790,C050,2024-06-07,Debit Card,South
O4791,C255,2023-04-09,UPI,West
O4792,C266,2023-07-27,Debit Card,North
O4793,C114,2024-05-11,Net Banking,West
O4794,C497,2023-04-19,Credit Card,North
O4795,C459,2023-09-11,Debit Card,East
O4796,C110,2023-07-17,Net Banking,South
O4797,C076,2024-05-07,Cash,East
O4798,C221,2024-02-26,Credit Card,West
O4799,C187,2024-06-17,Cash,West
O4800,C158,2024-02-16,Credit Card,West
O4801,C127,2023-11-24,UPI,South
O4802,C145,2023-08-26,Net Banking,South
O4803,C121,2023-06-16,Net Banking,South
O4804,C418,2024-05-11,Debit Card,West
O4805,C089,2024-04-21,UPI,North
O4806,C053,2023-02-02,Net Banking,South
O4807,C042,2024-06-01,UPI,North
O4808,C235,2024-01-20,UPI,South
O4809,C044,2024-10-11,UPI,East
O4810,C325,2023-04-14,Cash,South
O4811,C372,2023-04-23,Debit Card,North
O4812,C463,2023-11-18,Cash,West
O4813,C385,2023-04-11,UPI,West
O4814,C493,2023-09-17,Debit Card,West
O4815,C116,2024-03-26,UPI,North
O4816,C060,2023-03-17,Credit Card,South
O4817,C353,2024-02-08,Debit Card,South
O4818,C409,2023-10-22,Cash,East
O4819,C098,2023-02-14,Net Banking,North
O4820,C408,2023-12-12,Cash,West
O4821,C206,2024-01-21,Net Banking,West
O4822,C149,2023-05-13,Net Banking,West
O4823,C374,2024-05-15,Net Banking,West
O4824,C065,2024-10-13,UPI,West
O4825,C185,2024-03-13,Cash,South
O4826,C066,2023-08-13,Net Banking,West
O4827,C130,2023-07-18,Cash,West
O4828,C301,2024-06-19,Net Banking,West
O4829,C407,2024-09-10,Net Banking,South
O4830,C433,2024-07-03,UPI,East
O4831,C135,2024-07-24,Debit Card,North
O4832,C181,2024-02-04,Credit Card,West
O4833,C166,2024-10-06,Net Banking,North
O4834,C216,2023-06-24,Credit Card,North
O4835,C443,2023-12-02,Cash,North
O4836,C168,2023-10-18,UPI,West
O4837,C383,2023-01-12,UPI,West
O4838,C043,2024-03-03,Cash,West
O4839,C082,2023-05-15,Credit Card,West
O4840,C493,2023-11-12,Debit Card,West
O4841,C295,2023-11-02,Net Banking,South
O4842,C272,2024-12-22,Debit Card,South
O4843,C136,2024-07-24,Net Banking,South
O4844,C046,2024-09-06,Credit Card,North
O4845,C259,2023-12-08,Debit Card,West
O4846,C199,2024-05-15,Net Banking,South
O4847,C147,2024-12-06,Net Banking,North
O4848,C240,2024-04-24,Cash,East
O4849,C336,2024-04-24,Debit Card,North
O4850,C481,2023-08-14,Net Banking,South
O4851,C401,2024-07-04,Credit Card,West
O4852,C162,2024-02-09,Net Banking,East
O4853,C221,2023-03-13,UPI,West
O4854,C106,2023-09-23,Cash,South
O4855,C327,2023-08-02,Net Banking,West
O4856,C145,2024-01-03,Net Banking,South
O4857,C070,2023-04-20,Net Banking,North
O4858,C471,2024-04-27,Net Banking,South
O4859,C347,2024-08-03,Credit Card,West
O4860,C082,2023-01-08,Cash,West
O4861,C499,2023-12-25,Cash,North
O4862,C001,2024-09-23,Cash,West
O4863,C303,2023-09-17,Net Banking,North
O4864,C416,2023-05-01,UPI,North
O4865,C274,2024-08-09,Debit Card,North
O4866,C158,2023-02-18,Credit Card,West
O4867,C198,2024-09-28,Cash,West
O4868,C412,2023-05-24,Credit Card,West
O4869,C094,2024-06-11,UPI,North
O4870,C127,2023-08-23,Cash,South
O4871,C222,2024-10-13,Credit Card,North
O4872,C198,2024-03-16,UPI,West
O4873,C237,2024-11-15,Cash,South
O4874,C185,2023-07-05,Net Banking,South
O4875,C259,2023-11-21,Net Banking,West
O4876,C380,2024-01-22,UPI,West
O4877,C218,2023-02-06,Net Banking,North
O4878,C308,2024-01-21,UPI,South
O4879,C145,2024-02-01,Credit Card,South
O4880,C292,2024-03-27,UPI,North
O4881,C009,2023-12-04,Cash,North
O4882,C398,2024-06-27,UPI,South
O4883,C446,2023-05-15,Cash,North
O4884,C185,2023-03-14,UPI,South
O4885,C422,2024-01-27,Debit Card,West
O4886,C023,2024-06-13,Debit Card,West
O4887,C447,2023-02-08,Debit Card,South
O4888,C224,2024-12-01,Credit Card,West
O4889,C415,2024-09-21,UPI,South
O4890,C419,2024-12-08,Credit Card,North
O4891,C232,2023-04-07,Debit Card,South
O4892,C285,2024-02-28,UPI,South
O4893,C061,2023-08-25,Cash,North
O4894,C238,2024-06-21,Debit Card,West
O4895,C424,2024-08-05,Debit Card,South
O4896,C075,2024-02-19,Net Banking,North
O4897,C307,2023-05-23,Credit Card,West
O4898,C234,2024-09-23,Credit Card,East
O4899,C059,2024-04-02,UPI,West
O4900,C029,2024-08-26,UPI,East
O4901,C387,2023-11-21,UPI,North
O4902,C270,2023-03-14,UPI,South
O4903,C150,2023-12-10,Debit Card,West
O4904,C482,2024-08-24,Debit Card,West
O4905,C493,2024-05-07,Net Banking,West
O4906,C382,2023-04-21,Net Banking,South
O4907,C015,2023-01-08,Credit Card,North
O4908,C420,2023-03-14,Net Banking,South
O4909,C445,2024-07-28,Debit Card,South
O4910,C261,2023-08-28,Credit Card,West
O4911,C257,2023-10-22,Net Banking,South
O4912,C317,2023-06-25,Cash,West
O4913,C204,2024-12-05,Credit Card,East
O4914,C491,2024-02-02,Debit Card,South
O4915,C309,2024-09-28,Net Banking,West
O4916,C043,2023-09-13,Net Banking,West
O4917,C128,2023-03-14,Net Banking,West
O4918,C020,2023-04-26,Credit Card,West
O4919,C399,2023-08-18,Cash,North
O4920,C351,2024-12-06,Net Banking,West
O4921,C462,2023-04-19,Cash,West
O4922,C213,2024-01-14,Credit Card,North
O4923,C359,2024-01-16,Cash,South
O4924,C207,2023-04-18,Net Banking,South
O4925,C274,2023-07-11,Net Banking,North
O4926,C476,2023-03-07,Debit Card,South
O4927,C045,2023-10-12,Credit Card,North
O4928,C194,2023-03-17,Net Banking,North
O4929,C126,2024-12-06,Cash,South
O4930,C071,2023-07-02,UPI,South
O4931,C042,2024-08-27,Cash,North
O4932,C463,2024-02-06,Cash,West
O4933,C237,2024-08-14,Net Banking,South
O4934,C080,2023-02-18,Cash,West
O4935,C305,2023-01-13,Credit Card,South
O4936,C489,2023-06-07,Credit Card,West
O4937,C231,2024-09-20,Debit Card,North
O4938,C170,2024-11-11,Credit Card,South
O4939,C150,2023-03-06,Credit Card,West
O4940,C382,2024-12-25,Credit Card,South
O4941,C316,2024-04-18,UPI,North
O4942,C245,2024-11-09,UPI,North
O4943,C445,2023-12-27,Credit Card,South
O4944,C024,2024-05-03,Credit Card,South
O4945,C345,2024-11-04,Debit Card,East
O4946,C266,2024-11-04,Cash,North
O4947,C070,2024-08-09,Net Banking,North
O4948,C208,2023-12-10,UPI,North
O4949,C464,2023-04-04,Debit Card,North
O4950,C335,2023-05-11,Net Banking,North
O4951,C451,2024-03-01,Cash,South
O4952,C374,2023-08-19,Net Banking,West
O4953,C315,2023-01-21,UPI,North
O4954,C030,2024-05-19,Cash,South
O4955,C296,2023-02-04,Net Banking,East
O4956,C032,2024-12-07,Cash,North
O4957,C232,2024-03-20,Credit Card,South
O4958,C287,2023-06-23,Credit Card,West
O4959,C017,2023-06-07,Credit Card,South
O4960,C476,2023-05-18,UPI,South
O4961,C010,2023-05-23,UPI,South
O4962,C257,2023-03-02,UPI,South
O4963,C316,2023-11-27,Cash,North
O4964,C426,2024-02-13,Net Banking,East
O4965,C029,2024-06-05,Credit Card,East
O4966,C364,2023-07-21,UPI,West
O4967,C365,2024-03-24,Debit Card,West
O4968,C008,2024-03-11,Net Banking,West
O4969,C110,2024-11-01,Debit Card,South
O4970,C210,2023-07-27,Cash,South
O4971,C324,2024-08-02,UPI,South
O4972,C167,2024-03-06,Credit Card,North
O4973,C383,2024-05-26,Net Banking,West
O4974,C325,2024-09-11,Net Banking,South
O4975,C367,2024-01-13,Debit Card,North
O4976,C422,2024-03-18,UPI,West
O4977,C225,2024-09-07,Credit Card,West
O4978,C180,2023-02-17,UPI,North
O4979,C462,2024-03-25,Debit Card,West
O4980,C494,2023-05-27,Cash,West
O4981,C215,2024-07-12,Credit Card,West
O4982,C162,2023-11-05,UPI,East
O4983,C225,2023-08-20,UPI,West
O4984,C247,2023-03-18,Credit Card,West
O4985,C299,2024-09-06,Credit Card,West
O4986,C080,2023-05-11,UPI,West
O4987,C244,2024-03-02,Credit Card,West
O4988,C332,2023-09-08,Debit Card,West
O4989,C101,2023-03-22,Net Banking,North
O4990,C352,2023-08-13,Cash,West
O4991,C112,2024-10-14,UPI,South
O4992,C103,2023-05-07,Debit Card,North
O4993,C317,2023-12-21,Net Banking,West
O4994,C130,2023-12-22,UPI,West
O4995,C229,2024-02-12,Net Banking,North
O4996,C433,2024-11-12,Net Banking,East
O4997,C090,2024-02-19,Debit Card,South
O4998,C120,2023-02-12,UPI,South
O4999,C402,2023-08-23,UPI,North
O5000,C052,2024-12-10,Cash,South
